{"type":"FeatureCollection","features":[{"type":"Feature","properties":{"kind":"lake","name":"巴尔喀什湖","scalerank":0,"major":true,"label":true},"geometry":{"type":"Polygon","coordinates":[[[79.0525,46.464],[79.0257,46.4337],[78.9922,46.4072],[78.953,46.3851],[78.9086,46.3684],[78.8841,46.3651],[78.7947,46.3778],[78.7311,46.3963],[78.7114,46.3945],[78.6754,46.3798],[78.6551,46.3748],[78.6389,46.3736],[78.6227,46.3745],[78.6077,46.3775],[78.5939,46.3822],[78.5468,46.406],[78.5253,46.4093],[78.472,46.4069],[78.4561,46.4025],[78.4408,46.3951],[78.4261,46.3834],[78.4179,46.3675],[78.4217,46.348],[78.4344,46.338],[78.4676,46.3292],[78.477,46.3201],[78.4712,46.2945],[78.4408,46.2874],[78.4046,46.2951],[78.3802,46.3133],[78.3878,46.3133],[78.3669,46.3398],[78.3381,46.3566],[78.3069,46.3622],[78.2789,46.3542],[78.2922,46.348],[78.2619,46.331],[78.1479,46.346],[78.1073,46.3413],[78.1073,46.3336],[78.117,46.3324],[78.1262,46.333],[78.135,46.336],[78.1426,46.3413],[78.1506,46.3339],[78.1603,46.3295],[78.1706,46.3274],[78.1824,46.3274],[78.1644,46.3124],[78.132,46.3115],[78.0429,46.3248],[78.0205,46.3369],[77.9769,46.3684],[77.8712,46.4258],[77.8115,46.4387],[77.7576,46.4231],[77.7576,46.4154],[77.7773,46.4216],[77.7991,46.424],[77.8206,46.4222],[77.8392,46.4154],[77.8227,46.4096],[77.8009,46.4054],[77.7614,46.4025],[77.7438,46.396],[77.7288,46.3837],[77.7138,46.3754],[77.6955,46.3822],[77.7052,46.3907],[77.7373,46.4093],[77.5951,46.4196],[77.485,46.4605],[77.4515,46.4882],[77.4332,46.4993],[77.4117,46.5061],[77.3873,46.5064],[77.3643,46.499],[77.3161,46.4758],[77.2831,46.4678],[77.2646,46.454],[77.2537,46.4511],[77.2439,46.4534],[77.2369,46.4587],[77.2307,46.4655],[77.2228,46.4708],[77.2033,46.4781],[77.1798,46.4837],[77.1565,46.4837],[77.1377,46.4746],[77.1183,46.4596],[77.0971,46.452],[77.0732,46.4496],[77.0447,46.4511],[76.929,46.4784],[76.9278,46.4572],[76.9125,46.4578],[76.7921,46.5194],[76.7521,46.5326],[76.3974,46.5408],[76.3794,46.5453],[76.304,46.5756],[76.2811,46.5791],[76.2631,46.5738],[76.2776,46.5676],[76.2843,46.5665],[76.2843,46.5603],[76.264,46.5632],[76.2569,46.5665],[76.2578,46.5453],[76.2463,46.5444],[76.2281,46.5512],[76.2084,46.5535],[76.2146,46.5323],[76.1992,46.5273],[76.1242,46.5353],[76.0847,46.545],[76.0618,46.5473],[76.0574,46.5429],[76.0618,46.5332],[76.0694,46.5238],[76.0756,46.5194],[76.0797,46.5173],[76.0783,46.5129],[76.0739,46.5082],[76.0686,46.5064],[76.0621,46.5073],[76.0494,46.5114],[76.0447,46.5123],[75.9417,46.5064],[75.9417,46.5123],[75.9493,46.5132],[75.9694,46.5194],[75.9608,46.5314],[75.952,46.535],[75.9246,46.5329],[75.8922,46.545],[75.874,46.5476],[75.8596,46.5261],[75.844,46.5211],[75.808,46.5194],[75.801,46.5173],[75.7839,46.5079],[75.7771,46.5064],[75.7712,46.5096],[75.7674,46.5164],[75.7627,46.5226],[75.753,46.5255],[75.7247,46.5303],[75.71,46.5308],[75.6953,46.5255],[75.6862,46.5147],[75.6779,46.4908],[75.6673,46.4846],[75.6576,46.4852],[75.6544,46.4905],[75.6517,46.4961],[75.6432,46.4988],[75.6361,46.497],[75.612,46.4846],[75.594,46.4781],[75.5767,46.474],[75.5375,46.4708],[75.5481,46.4846],[75.579,46.502],[75.5852,46.5158],[75.5764,46.5261],[75.5207,46.5567],[75.476,46.6038],[75.4686,46.615],[75.4707,46.6268],[75.4784,46.6324],[75.486,46.6353],[75.4895,46.6389],[75.4907,46.6486],[75.494,46.6554],[75.5004,46.6601],[75.5101,46.6627],[75.514,46.6498],[75.5169,46.6421],[75.5157,46.6268],[75.5331,46.6209],[75.5564,46.6242],[75.5717,46.6353],[75.5611,46.6415],[75.5634,46.648],[75.5731,46.653],[75.5852,46.6559],[75.5731,46.671],[75.5525,46.6768],[75.4916,46.6757],[75.4792,46.6733],[75.468,46.6689],[75.4557,46.6627],[75.4271,46.6389],[75.4174,46.6353],[75.4015,46.6262],[75.4024,46.605],[75.4115,46.5818],[75.421,46.5665],[75.4277,46.5606],[75.4345,46.5564],[75.4398,46.5497],[75.4419,46.5364],[75.4451,46.525],[75.4533,46.5173],[75.476,46.5064],[75.4757,46.5035],[75.4751,46.5014],[75.4742,46.4999],[75.4725,46.4993],[75.4601,46.494],[75.446,46.4967],[75.4357,46.4952],[75.4345,46.4784],[75.4301,46.4837],[75.4189,46.4935],[75.4142,46.4988],[75.4027,46.4823],[75.3886,46.4661],[75.3715,46.4555],[75.3527,46.4572],[75.3547,46.4605],[75.3568,46.4676],[75.3588,46.4708],[75.3409,46.4746],[75.3326,46.4893],[75.3329,46.5049],[75.3421,46.5123],[75.3568,46.5158],[75.3524,46.5229],[75.3368,46.53],[75.3182,46.5329],[75.2785,46.5291],[75.2626,46.5223],[75.2564,46.5094],[75.2608,46.5052],[75.2799,46.4964],[75.2835,46.492],[75.2773,46.4864],[75.2426,46.4784],[75.267,46.4605],[75.2761,46.449],[75.2667,46.4434],[75.2517,46.4387],[75.2273,46.4187],[75.2084,46.4154],[75.2146,46.4231],[75.2005,46.4228],[75.1769,46.4172],[75.1634,46.4154],[75.1534,46.4199],[75.1463,46.4266],[75.1398,46.4281],[75.1328,46.4154],[75.1228,46.4243],[75.1116,46.4308],[75.0992,46.4349],[75.0845,46.4375],[75.0845,46.4434],[75.1019,46.454],[75.1272,46.479],[75.1466,46.4846],[75.1328,46.4985],[75.111,46.4908],[75.0745,46.4608],[75.0586,46.4399],[75.0495,46.4196],[75.038,46.4019],[75.0162,46.389],[74.995,46.3851],[74.972,46.3869],[74.9497,46.3937],[74.9311,46.406],[74.9102,46.4152],[74.8964,46.404],[74.8661,46.3316],[74.8611,46.3136],[74.859,46.2901],[74.8534,46.2677],[74.8396,46.2491],[74.7928,46.205],[74.7851,46.1914],[74.7863,46.1767],[74.8007,46.1594],[74.8116,46.139],[74.8013,46.1205],[74.7813,46.1055],[74.763,46.0946],[74.7083,46.0737],[74.6912,46.0908],[74.6559,46.0825],[74.6282,46.0596],[74.6326,46.0328],[74.5605,46.0086],[74.5511,46.0133],[74.5437,46.0092],[74.5331,45.9948],[74.5211,45.9892],[74.5114,45.9922],[74.4955,46.0054],[74.4593,46.0289],[74.4437,46.036],[74.4239,46.0387],[74.3986,46.0357],[74.3533,46.0213],[74.3315,46.0184],[74.3024,46.0204],[74.29,46.0184],[74.28,46.0139],[74.2585,46.0007],[74.2314,45.9886],[74.2302,45.9677],[74.2397,45.9448],[74.2497,45.9297],[74.2662,45.9097],[74.2791,45.8903],[74.2871,45.8691],[74.29,45.8438],[74.2932,45.8344],[74.3083,45.8152],[74.3118,45.8099],[74.3136,45.8041],[74.3221,45.7949],[74.3241,45.789],[74.3224,45.7858],[74.3183,45.7832],[74.3141,45.7808],[74.3118,45.7787],[74.3053,45.7678],[74.2968,45.7593],[74.2871,45.7534],[74.2762,45.7517],[74.2815,45.7623],[74.2776,45.7699],[74.2682,45.7749],[74.2564,45.7787],[74.2458,45.7746],[74.2373,45.7676],[74.2317,45.7593],[74.2285,45.7517],[74.2305,45.7316],[74.2397,45.721],[74.2553,45.7208],[74.2762,45.7316],[74.3274,45.7019],[74.3392,45.6907],[74.3315,45.6831],[74.3392,45.6763],[74.323,45.6601],[74.2997,45.6625],[74.2497,45.6831],[74.2615,45.6669],[74.2709,45.6501],[74.2709,45.6307],[74.2564,45.608],[74.2358,45.5954],[74.1596,45.5809],[74.1204,45.5621],[74.0845,45.5391],[74.0716,45.5209],[74.0704,45.5047],[74.0798,45.49],[74.0981,45.477],[74.0701,45.4264],[74.0739,45.4117],[74.0895,45.3905],[74.0913,45.3749],[74.0854,45.3634],[74.0766,45.3569],[74.0728,45.3499],[74.081,45.3372],[74.0951,45.3284],[74.1131,45.3248],[74.131,45.3263],[74.1458,45.334],[74.1408,45.3404],[74.1422,45.3463],[74.1487,45.3513],[74.1596,45.3543],[74.1678,45.3186],[74.1608,45.2874],[74.1481,45.2565],[74.1396,45.2239],[74.1399,45.205],[74.1487,45.1338],[74.1737,45.0873],[74.1593,45.0731],[74.1402,45.0626],[74.1169,45.0555],[74.0878,45.0531],[74.0748,45.0502],[74.0698,45.0428],[74.0722,45.0325],[74.081,45.0216],[74.119,45.0364],[74.1322,45.039],[74.1163,45.0155],[74.1119,45.0049],[74.1278,44.999],[74.1402,44.9848],[74.1443,44.9704],[74.1361,44.9639],[74.126,44.9666],[74.0981,44.991],[74.0807,44.986],[74.0018,44.9981],[74.0065,45.0072],[74.0095,45.011],[74.0042,45.014],[73.9939,45.0219],[73.9883,45.0246],[73.9992,45.0319],[74.0292,45.0458],[74.036,45.0531],[74.0316,45.0605],[73.9989,45.0837],[73.9918,45.0946],[73.9886,45.1055],[73.9883,45.1314],[73.9942,45.1376],[74.0245,45.14],[74.036,45.142],[74.0257,45.1456],[74.0157,45.1514],[74.0074,45.1594],[74.0018,45.1691],[74.008,45.1779],[74.0045,45.1865],[73.9945,45.1932],[73.9815,45.1965],[73.9815,45.203],[73.9998,45.2015],[74.0071,45.2071],[74.0033,45.2159],[73.9883,45.2239],[73.9577,45.2139],[73.9259,45.2127],[73.8961,45.2206],[73.8723,45.2374],[73.8688,45.2427],[73.8635,45.2527],[73.8585,45.258],[73.8538,45.2607],[73.8446,45.2624],[73.8382,45.2648],[73.8243,45.2721],[73.8131,45.2813],[73.8114,45.2925],[73.8243,45.3066],[73.8019,45.3204],[73.7284,45.3543],[73.7425,45.3584],[73.7478,45.3578],[73.756,45.3543],[73.7625,45.361],[73.7395,45.3681],[73.7175,45.3805],[73.6974,45.3967],[73.6804,45.4158],[73.6686,45.4364],[73.6489,45.4826],[73.6356,45.5014],[73.6171,45.515],[73.5379,45.5571],[73.5191,45.5636],[73.4711,45.5665],[73.4552,45.5727],[73.4366,45.5883],[73.4252,45.6074],[73.4299,45.6248],[73.4337,45.6327],[73.4343,45.6439],[73.4334,45.6657],[73.4372,45.6763],[73.4467,45.679],[73.4914,45.6748],[73.5061,45.6754],[73.5138,45.6857],[73.5167,45.7249],[73.5208,45.7322],[73.5279,45.7361],[73.5397,45.7372],[73.5523,45.7416],[73.5594,45.7502],[73.5579,45.7558],[73.5432,45.7517],[73.5232,45.7673],[73.4664,45.7723],[73.4437,45.7823],[73.4243,45.7955],[73.4231,45.8017],[73.4334,45.8135],[73.4393,45.8164],[73.4681,45.8267],[73.4714,45.8314],[73.4726,45.8373],[73.4764,45.8429],[73.4879,45.847],[73.5149,45.8194],[73.5226,45.8135],[73.5673,45.8114],[73.5741,45.8099],[73.5874,45.8223],[73.59,45.8297],[73.5912,45.8573],[73.5935,45.8676],[73.5997,45.8738],[73.6121,45.875],[73.6097,45.8797],[73.6068,45.8909],[73.6047,45.8956],[73.6274,45.8974],[73.6459,45.9086],[73.6521,45.9256],[73.6389,45.9439],[73.6648,45.9627],[73.6727,45.9733],[73.6633,45.978],[73.6536,45.9816],[73.6657,45.9886],[73.688,45.9957],[73.7075,45.998],[73.7057,45.9933],[73.7027,45.9824],[73.701,45.978],[73.7298,45.973],[73.7428,45.9727],[73.756,45.978],[73.7381,45.9857],[73.7354,45.9942],[73.7378,46.0048],[73.7351,46.0184],[73.7272,46.0266],[73.7145,46.0342],[73.6607,46.0584],[73.6406,46.0731],[73.6374,46.0916],[73.6598,46.1152],[73.6498,46.1178],[73.6412,46.1223],[73.635,46.129],[73.6327,46.1387],[73.6368,46.1417],[73.6462,46.1432],[73.6556,46.1476],[73.6686,46.1794],[73.6892,46.1885],[73.7142,46.1891],[73.7351,46.1835],[73.7392,46.2073],[73.7537,46.2247],[73.7693,46.2309],[73.7766,46.2209],[73.7834,46.2047],[73.8311,46.1623],[73.8476,46.1923],[73.8582,46.1994],[73.8791,46.2047],[73.8976,46.207],[73.9138,46.2067],[73.93,46.2035],[73.9736,46.1847],[73.9847,46.1844],[74.0018,46.1903],[74.0321,46.2079],[74.0451,46.2194],[74.0504,46.2312],[74.041,46.2229],[74.031,46.2212],[74.0056,46.2238],[73.9959,46.2274],[73.9953,46.2362],[74.0018,46.2556],[73.9971,46.265],[73.9856,46.2639],[73.9718,46.2594],[73.9609,46.2591],[73.9547,46.2668],[73.9488,46.2889],[73.9406,46.2995],[73.9556,46.3101],[73.973,46.3151],[73.9824,46.3227],[73.9747,46.3413],[74.0701,46.4154],[74.1013,46.4334],[74.134,46.4414],[74.1673,46.4402],[74.2014,46.4299],[74.2185,46.4402],[74.2329,46.4564],[74.2494,46.4717],[74.2729,46.4784],[74.2997,46.4823],[74.3512,46.4976],[74.3792,46.4988],[74.3777,46.5099],[74.3907,46.5338],[74.3942,46.5503],[74.3998,46.5632],[74.4139,46.5715],[74.4999,46.5915],[74.5125,46.598],[74.5199,46.6],[74.5278,46.5977],[74.5343,46.5971],[74.537,46.6044],[74.5361,46.628],[74.5599,46.7222],[74.5711,46.739],[74.5876,46.7481],[74.5973,46.7469],[74.6067,46.7422],[74.6223,46.739],[74.6379,46.7431],[74.6332,46.7528],[74.6114,46.7725],[74.763,46.7799],[74.8078,46.7725],[74.849,46.7725],[74.8611,46.7787],[74.8752,46.809],[74.8864,46.8211],[74.9282,46.8046],[74.947,46.804],[74.9647,46.8305],[74.9832,46.8349],[74.9982,46.8279],[74.9956,46.8067],[74.9871,46.8008],[74.9762,46.7981],[74.97,46.7931],[74.9753,46.7799],[74.9862,46.7719],[74.9988,46.7722],[75.0106,46.7769],[75.0194,46.7831],[75.0336,46.7993],[75.0412,46.8046],[75.0698,46.8108],[75.0698,46.8205],[75.0642,46.832],[75.0645,46.8408],[75.0848,46.8499],[75.093,46.832],[75.098,46.8064],[75.1089,46.7937],[75.1228,46.7887],[75.1805,46.759],[75.2464,46.7419],[75.2667,46.7281],[75.2858,46.7213],[75.3126,46.7234],[75.3588,46.7316],[75.4895,46.7342],[75.5896,46.7637],[75.609,46.7657],[75.6285,46.7702],[75.67,46.7893],[75.6847,46.7937],[75.6929,46.7925],[75.7071,46.7872],[75.7121,46.7863],[75.7224,46.7881],[75.74,46.7972],[75.7498,46.8005],[75.7698,46.7999],[75.8048,46.789],[75.8219,46.7863],[75.8543,46.7981],[75.8884,46.8211],[75.9246,46.8352],[75.962,46.8211],[75.9396,46.8102],[75.9461,46.7969],[75.9573,46.7834],[75.949,46.7725],[75.949,46.7657],[75.9702,46.7666],[75.9879,46.7693],[76.0032,46.7737],[76.0173,46.7799],[76.0285,46.7875],[76.0356,46.794],[76.0438,46.7987],[76.0582,46.8005],[76.0694,46.7861],[76.0765,46.7813],[76.0794,46.7899],[76.1006,46.8037],[76.1486,46.8019],[76.229,46.7863],[76.3288,46.7445],[76.3629,46.739],[76.3715,46.7304],[76.3741,46.7107],[76.3729,46.6733],[76.3785,46.6589],[76.3903,46.6462],[76.4021,46.6448],[76.4071,46.6627],[76.4904,46.6292],[76.5104,46.6153],[76.5204,46.6136],[76.5245,46.6253],[76.5245,46.6395],[76.526,46.6462],[76.5301,46.6504],[76.5381,46.6559],[76.5481,46.6609],[76.5972,46.6757],[76.6096,46.6751],[76.6605,46.666],[76.682,46.666],[76.7017,46.6713],[76.7223,46.6839],[76.7282,46.6754],[76.73,46.6657],[76.7265,46.6562],[76.7156,46.6495],[76.73,46.6315],[76.7574,46.618],[76.8507,46.5915],[76.9075,46.5679],[76.9355,46.5603],[76.9098,46.5853],[76.8683,46.618],[76.8327,46.6527],[76.8254,46.6839],[76.8401,46.691],[76.8616,46.6818],[76.9113,46.6406],[76.9204,46.6368],[76.9322,46.6353],[76.944,46.6359],[76.9693,46.6421],[77.0193,46.6468],[77.0626,46.6356],[77.1009,46.6106],[77.1339,46.5738],[77.1356,46.5662],[77.1327,46.56],[77.1341,46.5541],[77.1483,46.5473],[77.1598,46.5467],[77.2278,46.5585],[77.2404,46.5712],[77.2504,46.5868],[77.2637,46.6012],[77.2834,46.6118],[77.3069,46.618],[77.3891,46.6236],[77.463,46.6421],[77.6193,46.6318],[77.6478,46.6421],[77.6281,46.6468],[77.6146,46.6565],[77.6143,46.666],[77.6349,46.6701],[77.6422,46.668],[77.6602,46.6583],[77.669,46.6559],[77.6784,46.6574],[77.7099,46.6701],[77.7299,46.6554],[77.767,46.6486],[77.8392,46.6495],[77.8768,46.658],[77.8936,46.6577],[77.959,46.6271],[78.0384,46.6012],[78.0585,46.5971],[78.0723,46.5982],[78.1185,46.6112],[78.1344,46.6118],[78.1491,46.6068],[78.1624,46.5944],[78.1824,46.5603],[78.1965,46.5512],[78.2171,46.5603],[78.2318,46.5453],[78.2442,46.499],[78.258,46.4784],[78.2675,46.4726],[78.2984,46.4596],[78.3095,46.4572],[78.3266,46.4617],[78.331,46.4729],[78.3266,46.5026],[78.3325,46.5091],[78.3593,46.5229],[78.3672,46.5329],[78.3655,46.5441],[78.3499,46.5673],[78.346,46.5773],[78.3478,46.6327],[78.3537,46.663],[78.3672,46.6839],[78.3805,46.671],[78.3878,46.653],[78.3881,46.633],[78.3802,46.615],[78.4026,46.6041],[78.4108,46.618],[78.4135,46.6412],[78.4188,46.6592],[78.4279,46.6674],[78.4373,46.6727],[78.4476,46.6754],[78.4597,46.6763],[78.4641,46.6718],[78.4553,46.6609],[78.4355,46.6421],[78.4364,46.633],[78.4414,46.62],[78.4485,46.6077],[78.4561,46.6012],[78.4614,46.605],[78.4753,46.6244],[78.4806,46.6292],[78.4885,46.6339],[78.4906,46.6448],[78.4906,46.6571],[78.4938,46.6665],[78.5109,46.6818],[78.5315,46.6975],[78.5733,46.7172],[78.5809,46.7278],[78.5851,46.739],[78.591,46.7484],[78.6039,46.7519],[78.6275,46.749],[78.6896,46.7316],[78.7037,46.7322],[78.7305,46.7384],[78.744,46.739],[78.7552,46.7345],[78.772,46.7204],[78.7826,46.7172],[78.7929,46.7083],[78.807,46.6869],[78.8179,46.6621],[78.8197,46.6421],[78.8159,46.6386],[78.8085,46.6348],[78.7926,46.6292],[78.7926,46.6218],[78.923,46.63],[78.9324,46.6359],[78.9192,46.6527],[78.9033,46.6609],[78.8641,46.6701],[78.8476,46.6763],[78.7985,46.7304],[78.7685,46.7475],[78.769,46.7663],[78.7796,46.7852],[78.7958,46.7937],[78.82,46.7961],[78.8662,46.8058],[78.888,46.8067],[78.9242,46.7931],[78.9542,46.7699],[78.9872,46.7496],[79.0319,46.7451],[79.0275,46.7537],[79.0266,46.7631],[79.0266,46.7737],[79.0251,46.7863],[79.0166,46.8049],[79.0187,46.812],[79.0319,46.8211],[79.0496,46.8217],[79.1188,46.8161],[79.1385,46.8099],[79.1694,46.7863],[79.1797,46.7763],[79.1912,46.7572],[79.1979,46.7487],[79.2256,46.736],[79.2377,46.7139],[79.2586,46.6627],[79.24,46.623],[79.2221,46.6041],[79.2,46.6112],[79.1832,46.6127],[79.0934,46.6012],[79.079,46.5965],[79.0755,46.5938],[79.0758,46.5879],[79.0681,46.555],[79.0655,46.4949],[79.0614,46.4796],[79.0525,46.464]]]}},{"type":"Feature","properties":{"kind":"lake","name":"贝加尔湖","scalerank":0,"major":true,"label":true},"geometry":{"type":"Polygon","coordinates":[[[109.8733,55.7185],[109.9446,55.6882],[109.961,55.6726],[109.959,55.667],[109.9454,55.6623],[109.9278,55.6502],[109.9175,55.6352],[109.9107,55.6211],[109.9013,55.6087],[109.8833,55.5987],[109.873,55.5928],[109.8548,55.5775],[109.8383,55.559],[109.828,55.5443],[109.8389,55.544],[109.8683,55.5404],[109.876,55.5372],[109.8766,55.5287],[109.8701,55.5213],[109.8616,55.5151],[109.856,55.5092],[109.8533,55.4892],[109.8633,55.481],[109.8816,55.4766],[109.9039,55.4683],[109.8683,55.4589],[109.8498,55.4504],[109.8415,55.438],[109.8407,55.4239],[109.8374,55.4083],[109.8212,55.3585],[109.8162,55.3532],[109.8033,55.3468],[109.8009,55.342],[109.7965,55.325],[109.7777,55.3058],[109.7735,55.2938],[109.7785,55.2867],[109.7903,55.2793],[109.8018,55.2699],[109.8077,55.2561],[109.8044,55.2378],[109.7953,55.2275],[109.7697,55.2116],[109.7376,55.1793],[109.7317,55.1678],[109.7314,55.1528],[109.7379,55.1451],[109.7485,55.138],[109.7597,55.1257],[109.747,55.1071],[109.7559,55.0877],[109.7718,55.0692],[109.7803,55.0544],[109.7729,55.0359],[109.735,55.0129],[109.7182,54.9956],[109.7141,54.9726],[109.725,54.9311],[109.7153,54.9105],[109.6773,54.8896],[109.6749,54.8837],[109.6705,54.8811],[109.6658,54.879],[109.6634,54.8761],[109.6655,54.8684],[109.6702,54.864],[109.6749,54.8611],[109.6773,54.859],[109.6826,54.8496],[109.6885,54.8454],[109.6902,54.8413],[109.6841,54.8316],[109.6749,54.826],[109.6493,54.8204],[109.6393,54.8145],[109.6308,54.7957],[109.6349,54.778],[109.644,54.7607],[109.6499,54.7421],[109.6384,54.6994],[109.6037,54.6759],[109.5616,54.6579],[109.5272,54.6329],[109.5222,54.6253],[109.5127,54.6055],[109.518,54.5961],[109.5201,54.5864],[109.5201,54.5646],[109.5213,54.5599],[109.5263,54.5496],[109.5272,54.5428],[109.5245,54.5375],[109.5148,54.5275],[109.5104,54.5087],[109.5013,54.4896],[109.4989,54.4787],[109.5018,54.4725],[109.5074,54.4637],[109.5124,54.4528],[109.5127,54.441],[109.5015,54.4204],[109.488,54.4063],[109.4827,54.3912],[109.5107,54.3474],[109.5066,54.3362],[109.493,54.3268],[109.4786,54.3103],[109.4768,54.2879],[109.4892,54.2711],[109.5051,54.2555],[109.5201,54.2229],[109.5525,54.184],[109.5613,54.1669],[109.561,54.1534],[109.5569,54.1437],[109.5407,54.1251],[109.5369,54.1234],[109.5239,54.1201],[109.5201,54.1184],[109.5174,54.1134],[109.513,54.0998],[109.5045,54.0866],[109.4948,54.063],[109.493,54.0536],[109.4895,54.0424],[109.4812,54.0339],[109.4718,54.0277],[109.4403,54.0015],[109.2605,53.8891],[109.2452,53.8685],[109.2357,53.844],[109.1939,53.8072],[109.1842,53.7866],[109.1883,53.7766],[109.2066,53.7587],[109.2113,53.7492],[109.2078,53.7392],[109.191,53.7086],[109.1842,53.7007],[109.2104,53.6712],[109.2081,53.6665],[109.1975,53.6633],[109.1869,53.655],[109.1701,53.6391],[109.1671,53.6333],[109.1683,53.6288],[109.1669,53.6265],[109.1566,53.6256],[109.1507,53.6244],[109.1365,53.6191],[109.1256,53.6182],[109.0468,53.6256],[108.9894,53.6391],[108.9849,53.6433],[108.9952,53.6521],[109.042,53.6792],[109.05,53.6889],[109.0565,53.7177],[109.0638,53.7248],[109.0727,53.7307],[109.0809,53.7416],[109.0188,53.7657],[109.0226,53.7695],[109.0323,53.7748],[109.0365,53.786],[109.0447,53.7955],[109.0671,53.7963],[109.0671,53.8037],[109.0626,53.8111],[109.065,53.814],[109.0744,53.8172],[109.0603,53.8352],[109.0518,53.852],[109.0409,53.8649],[109.0194,53.872],[109.0058,53.8708],[108.9652,53.8576],[108.9187,53.8593],[108.9066,53.8546],[108.8083,53.7899],[108.7115,53.6927],[108.6982,53.66],[108.6835,53.64],[108.6494,53.6044],[108.5964,53.5711],[108.5878,53.5597],[108.5814,53.5447],[108.5649,53.5326],[108.526,53.5164],[108.5507,53.5046],[108.5973,53.5214],[108.6773,53.5629],[108.7945,53.5797],[108.8554,53.5982],[108.8966,53.5944],[108.929,53.5735],[108.979,53.5087],[108.9923,53.4787],[109.0017,53.4346],[108.9982,53.3931],[108.9793,53.3698],[108.979,53.3648],[108.9293,53.348],[108.7871,53.283],[108.7365,53.2735],[108.7091,53.2762],[108.697,53.293],[108.6835,53.305],[108.6538,53.3006],[108.6079,53.283],[108.3977,53.1508],[108.3791,53.1458],[108.3756,53.1434],[108.3323,53.1217],[108.3047,53.1175],[108.2938,53.1111],[108.2864,53.1049],[108.2947,53.0852],[108.2994,53.0775],[108.3067,53.0701],[108.3173,53.0657],[108.3288,53.0643],[108.3376,53.0598],[108.3415,53.0466],[108.3332,53.0301],[108.3147,53.0107],[108.2799,52.9818],[108.2437,52.9653],[108.2258,52.9536],[108.2181,52.9368],[108.2072,52.9241],[108.043,52.8576],[108.0197,52.8526],[108.0056,52.8397],[107.9847,52.8032],[107.9685,52.7902],[107.9261,52.7775],[107.8852,52.751],[107.8625,52.7413],[107.8134,52.7275],[107.8081,52.7249],[107.7989,52.7172],[107.7928,52.7137],[107.7863,52.7125],[107.7727,52.7122],[107.7539,52.7066],[107.7224,52.7016],[107.5543,52.7054],[107.5305,52.701],[107.4342,52.6722],[107.4104,52.6613],[107.3951,52.6524],[107.3612,52.6262],[107.3191,52.608],[107.1299,52.5571],[106.955,52.4885],[106.9141,52.4643],[106.8879,52.4325],[106.8549,52.3587],[106.8281,52.331],[106.7854,52.3166],[106.7398,52.3213],[106.6621,52.3625],[106.6209,52.3781],[106.5941,52.3781],[106.5664,52.3854],[106.5523,52.3869],[106.4864,52.3825],[106.3889,52.3466],[106.3745,52.3445],[106.3477,52.346],[106.3362,52.3436],[106.3227,52.3336],[106.2647,52.2757],[106.2577,52.2704],[106.2512,52.2671],[106.2468,52.2615],[106.2441,52.2483],[106.2462,52.2412],[106.2556,52.2224],[106.2635,52.1865],[106.2874,52.1579],[106.2921,52.1385],[106.2874,52.1243],[106.2771,52.1108],[106.2638,52.099],[106.2503,52.0899],[106.2368,52.0973],[106.2362,52.0929],[106.2347,52.0899],[106.2326,52.0876],[106.2306,52.0837],[106.2335,52.0749],[106.23,52.0649],[106.2214,52.0558],[106.2106,52.049],[106.1814,52.0175],[106.1664,51.9969],[106.1726,51.9875],[106.1835,51.9833],[106.1908,51.9736],[106.1955,51.9613],[106.197,51.9501],[106.1932,51.943],[106.1841,51.9389],[106.1623,51.933],[106.114,51.9068],[106.091,51.8886],[106.0905,51.8844],[106.0855,51.8803],[106.0751,51.8615],[106.0698,51.8571],[106.0607,51.8547],[106.0401,51.8423],[106.0119,51.8209],[105.9324,51.7376],[105.9185,51.7299],[105.9027,51.7296],[105.8738,51.7337],[105.8476,51.7278],[105.8017,51.7102],[105.7484,51.7043],[105.4352,51.6145],[105.0163,51.5456],[104.9633,51.5427],[104.9416,51.5383],[104.8064,51.4782],[104.7879,51.4735],[104.7084,51.475],[104.6281,51.487],[104.5224,51.4806],[104.4176,51.4956],[104.309,51.4997],[104.2574,51.5082],[104.1877,51.5321],[104.1385,51.5383],[104.0788,51.563],[103.994,51.5748],[103.9516,51.6013],[103.9269,51.6066],[103.8739,51.6107],[103.8536,51.6169],[103.8097,51.6381],[103.7947,51.6484],[103.7753,51.6569],[103.7229,51.6725],[103.7088,51.6857],[103.7273,51.7193],[103.7906,51.7317],[103.9139,51.7337],[103.9949,51.7523],[104.1114,51.7582],[104.2466,51.782],[104.5995,51.7882],[104.6225,51.7847],[104.6331,51.7847],[104.6472,51.7882],[104.6581,51.795],[104.6796,51.8126],[104.6919,51.8161],[104.7052,51.8238],[104.7334,51.8588],[104.7502,51.8703],[104.8114,51.8771],[104.9371,51.8641],[104.9972,51.8703],[105.0867,51.9018],[105.1865,51.9098],[105.2209,51.9177],[105.2506,51.933],[105.2686,51.953],[105.286,51.9778],[105.3074,51.9989],[105.3363,52.0081],[105.3531,52.0113],[105.3863,52.0254],[105.4013,52.0284],[105.4193,52.0299],[105.4408,52.0343],[105.4561,52.0405],[105.4558,52.049],[105.4782,52.0569],[105.5194,52.0843],[105.5418,52.0899],[105.5544,52.0955],[105.6074,52.1308],[105.6145,52.1391],[105.6268,52.1573],[105.6348,52.1659],[105.6722,52.1968],[105.7072,52.2515],[105.7234,52.268],[105.749,52.2824],[105.7575,52.2892],[105.7884,52.3263],[105.8049,52.3398],[105.8397,52.3613],[105.877,52.4128],[105.9077,52.4443],[105.9439,52.472],[105.9836,52.4947],[106.341,52.618],[106.4087,52.6318],[106.4702,52.6672],[106.4876,52.6727],[106.4987,52.6786],[106.5644,52.7234],[106.5726,52.7263],[106.5803,52.7304],[106.5868,52.741],[106.5879,52.7487],[106.5853,52.7555],[106.5732,52.7752],[106.6071,52.7817],[106.6512,52.8152],[106.683,52.8305],[106.7298,52.8435],[106.7445,52.8508],[106.7616,52.8623],[106.7687,52.8711],[106.7787,52.8994],[106.796,52.9244],[106.8199,52.9439],[106.8911,52.9812],[106.9032,52.9845],[106.9094,52.9892],[106.9091,53.0013],[106.9003,53.0142],[106.8705,53.0307],[106.8611,53.0428],[106.7766,53.0186],[106.7445,53.0154],[106.7445,53.0222],[106.7831,53.0416],[106.8034,53.0554],[106.8122,53.0669],[106.8172,53.0775],[106.829,53.0872],[106.8431,53.0946],[106.8696,53.1008],[106.8764,53.1093],[106.8808,53.1205],[106.8879,53.132],[106.9088,53.1458],[106.955,53.1582],[106.9738,53.1699],[107.0159,53.2156],[107.0318,53.2282],[107.1092,53.2541],[107.1331,53.2777],[107.4445,53.3986],[107.4604,53.4095],[107.481,53.4201],[107.5284,53.4322],[107.5473,53.4475],[107.5534,53.4593],[107.5526,53.4649],[107.549,53.4684],[107.5473,53.4746],[107.5473,53.5108],[107.5502,53.5164],[107.5655,53.5252],[107.6017,53.5847],[107.6526,53.6427],[107.6703,53.6542],[107.9729,53.794],[107.9847,53.8069],[107.9971,53.8166],[108.0739,53.8378],[108.1386,53.8852],[108.1819,53.9],[108.199,53.9179],[108.2108,53.9406],[108.2267,53.9871],[108.2317,53.9953],[108.2405,54.0033],[108.2602,54.0127],[108.2693,54.0195],[108.274,54.0277],[108.2776,54.0377],[108.2823,54.0465],[108.2899,54.0501],[108.2902,54.0563],[108.3067,54.091],[108.3058,54.1025],[108.3,54.1222],[108.3,54.1325],[108.3041,54.1402],[108.3173,54.1555],[108.3206,54.1631],[108.3261,54.1678],[108.3397,54.1711],[108.3653,54.1737],[108.3756,54.1764],[108.3836,54.1834],[108.4471,54.2594],[108.453,54.2685],[108.4616,54.2862],[108.4674,54.2938],[108.4769,54.2988],[108.4981,54.3053],[108.5054,54.3103],[108.509,54.3191],[108.5101,54.3418],[108.5122,54.3518],[108.531,54.3839],[108.536,54.413],[108.5428,54.4328],[108.5602,54.4684],[108.5867,54.4984],[108.6585,54.5399],[108.6909,54.5646],[108.8174,54.7083],[108.8213,54.7148],[108.8236,54.7251],[108.8251,54.7465],[108.8275,54.7566],[108.8328,54.7613],[108.8507,54.7727],[108.8554,54.7769],[108.8572,54.7878],[108.8545,54.7942],[108.8507,54.8016],[108.8486,54.8145],[108.8566,54.8301],[108.8757,54.8416],[108.8972,54.8519],[108.9134,54.8625],[108.9216,54.8775],[108.9269,54.894],[108.937,54.9096],[108.9579,54.9202],[108.9464,54.9341],[108.914,54.9476],[108.9034,54.9611],[108.9343,54.97],[108.9646,54.9832],[108.9923,55.0],[109.0306,55.0312],[109.0473,55.0386],[109.0656,55.0427],[109.0844,55.0439],[109.1027,55.0497],[109.1065,55.0633],[109.1012,55.0889],[109.1127,55.1157],[109.1669,55.1628],[109.1842,55.1884],[109.1907,55.2196],[109.1957,55.2749],[109.2048,55.3038],[109.1942,55.3235],[109.1998,55.3432],[109.211,55.3638],[109.2184,55.3865],[109.2119,55.4021],[109.1975,55.423],[109.1883,55.4427],[109.1975,55.4554],[109.1975,55.4621],[109.1904,55.4633],[109.178,55.4674],[109.1701,55.4683],[109.1757,55.4819],[109.1913,55.4978],[109.1975,55.5092],[109.1975,55.5422],[109.2013,55.5581],[109.2213,55.5681],[109.2463,55.5858],[109.259,55.592],[109.3114,55.602],[109.3508,55.6246],[109.3635,55.6349],[109.3688,55.6502],[109.3744,55.6588],[109.4174,55.6744],[109.4415,55.6909],[109.4862,55.7291],[109.5195,55.7539],[109.5592,55.7665],[109.6031,55.7706],[109.6961,55.7647],[109.8039,55.7397],[109.8212,55.7427],[109.7768,55.7624],[109.7232,55.7762],[109.6673,55.7836],[109.6158,55.783],[109.6158,55.7904],[109.7965,55.7821],[109.8145,55.7768],[109.8077,55.77],[109.8304,55.7662],[109.8474,55.7603],[109.8583,55.7486],[109.8621,55.7259],[109.8733,55.7185]],[[107.7654,53.3171],[107.7866,53.3872],[107.7828,53.4104],[107.7383,53.3989],[107.7215,53.3881],[107.6744,53.3301],[107.6488,53.3098],[107.5131,53.278],[107.4916,53.2653],[107.4684,53.245],[107.3645,53.2173],[107.3297,53.1979],[107.2591,53.1867],[107.2408,53.1802],[107.197,53.152],[107.1622,53.1617],[107.1257,53.1493],[107.0886,53.1302],[107.053,53.1184],[107.01,53.1175],[106.9909,53.1134],[106.9738,53.101],[106.9635,53.0916],[106.9503,53.0828],[106.9362,53.0754],[106.922,53.0701],[106.9297,53.0684],[106.9382,53.0678],[106.9574,53.0701],[106.9574,53.064],[106.9476,53.0616],[106.9397,53.0572],[106.9335,53.051],[106.9294,53.0428],[106.9494,53.0481],[106.9706,53.0501],[106.9706,53.0428],[106.9609,53.0398],[106.9524,53.0354],[106.9441,53.0295],[106.9362,53.0222],[106.9677,53.0107],[107.0174,53.018],[107.1078,53.0428],[107.3918,53.0775],[107.4124,53.0875],[107.4286,53.1025],[107.4916,53.1458],[107.552,53.1711],[107.5705,53.1832],[107.5876,53.1976],[107.6061,53.21],[107.6262,53.2203],[107.6488,53.2282],[107.7383,53.2379],[107.7524,53.245],[107.7554,53.2556],[107.7689,53.2727],[107.773,53.283],[107.7733,53.2939],[107.771,53.3009],[107.7677,53.3077],[107.7654,53.3171]]]}},{"type":"Feature","properties":{"kind":"lake","name":"洪泽湖","scalerank":3,"major":true,"label":true},"geometry":{"type":"Polygon","coordinates":[[[118.6686,33.1808],[118.6521,33.1906],[118.6142,33.1726],[118.6036,33.1779],[118.5933,33.1855],[118.5786,33.1838],[118.5738,33.1776],[118.5582,33.1529],[118.5591,33.1426],[118.5644,33.1276],[118.5653,33.1187],[118.5627,33.1081],[118.5568,33.1019],[118.5494,33.0967],[118.5444,33.0875],[118.545,33.0784],[118.5488,33.0693],[118.5503,33.059],[118.5444,33.0466],[118.5247,33.0566],[118.5138,33.0448],[118.5,33.0092],[118.4811,32.9854],[118.4696,32.9795],[118.4261,32.9757],[118.4096,32.971],[118.3336,32.938],[118.3192,32.9368],[118.3233,32.953],[118.3154,32.9559],[118.2948,32.9504],[118.2913,32.9471],[118.2904,32.94],[118.2883,32.933],[118.281,32.93],[118.2745,32.9318],[118.2701,32.9347],[118.2662,32.9365],[118.2606,32.9333],[118.2559,32.9224],[118.2533,32.8909],[118.25,32.8821],[118.238,32.8794],[118.2294,32.8871],[118.2247,32.8991],[118.223,32.9094],[118.2062,32.9009],[118.1909,32.8712],[118.1747,32.8617],[118.1735,32.8776],[118.1688,32.8877],[118.1632,32.8959],[118.1609,32.9062],[118.1676,32.918],[118.1809,32.9253],[118.1912,32.9342],[118.1888,32.9504],[118.2,32.9495],[118.2106,32.9501],[118.2206,32.9527],[118.2291,32.9577],[118.2047,32.9715],[118.1508,33.0228],[118.135,33.0295],[118.1291,33.0172],[118.1267,32.9851],[118.1161,32.9718],[118.1049,32.9686],[118.0934,32.9674],[118.082,32.9609],[118.0546,32.9265],[118.0416,32.9174],[118.0149,32.9047],[118.0031,32.8959],[117.9928,32.8718],[117.9857,32.8603],[117.9828,32.865],[117.9804,32.8771],[117.9766,32.8868],[117.9757,32.8953],[117.9828,32.9033],[117.9754,32.8959],[117.9904,32.9186],[118.0511,32.971],[118.0696,32.9936],[118.0837,33.0172],[118.1002,33.0366],[118.1267,33.0466],[118.1726,33.0342],[118.2427,32.9724],[118.2913,32.971],[118.2913,32.9777],[118.2551,32.9886],[118.2309,33.0263],[118.2165,33.074],[118.2053,33.1399],[118.1985,33.1546],[118.1841,33.1614],[118.1576,33.1632],[118.1352,33.1614],[118.1173,33.1561],[118.0852,33.1423],[118.0622,33.1358],[118.0425,33.1343],[117.9236,33.1408],[117.9074,33.1361],[117.903,33.1211],[117.9074,33.0504],[117.8968,33.0381],[117.8715,33.0281],[117.8441,33.0213],[117.8262,33.0192],[117.8073,33.0236],[117.7861,33.0337],[117.7676,33.0466],[117.7573,33.0601],[117.8376,33.0454],[117.8771,33.0504],[117.8939,33.0875],[117.89,33.1046],[117.8821,33.1258],[117.878,33.1476],[117.8842,33.1667],[117.9021,33.1841],[117.9204,33.1932],[117.9407,33.1967],[117.9657,33.1973],[117.9884,33.1953],[118.031,33.1853],[118.0511,33.1838],[118.0714,33.1908],[118.1002,33.2182],[118.1164,33.2241],[118.1544,33.2279],[118.1732,33.2268],[118.195,33.2179],[118.2106,33.2062],[118.2191,33.1944],[118.2365,33.1632],[118.2286,33.1175],[118.2377,33.0649],[118.2601,33.0183],[118.2913,32.9913],[118.3157,32.9839],[118.3431,32.9795],[118.3699,32.9792],[118.3943,32.9851],[118.4152,33.0001],[118.439,33.0398],[118.4564,33.0601],[118.4343,33.0445],[118.4031,33.0313],[118.369,33.0257],[118.3389,33.0325],[118.3569,33.0454],[118.3828,33.059],[118.4102,33.0696],[118.457,33.0813],[118.4723,33.0958],[118.4696,33.1061],[118.4426,33.1014],[118.4852,33.1376],[118.4905,33.1496],[118.4829,33.1661],[118.4676,33.1717],[118.4317,33.1702],[118.4273,33.1679],[118.4211,33.1629],[118.4137,33.1582],[118.4049,33.1558],[118.3937,33.1567],[118.3139,33.1788],[118.2871,33.1953],[118.2486,33.2011],[118.2327,33.2079],[118.2224,33.2244],[118.2236,33.2427],[118.2283,33.2612],[118.2291,33.28],[118.2253,33.2883],[118.2133,33.3048],[118.2091,33.3136],[118.208,33.3227],[118.2091,33.3522],[118.2056,33.3725],[118.1991,33.3892],[118.1979,33.4051],[118.2091,33.4234],[118.21,33.3945],[118.2312,33.3483],[118.2415,33.2912],[118.2551,33.2691],[118.2765,33.2533],[118.3048,33.2385],[118.3204,33.2656],[118.3307,33.2759],[118.3601,33.2853],[118.3805,33.3083],[118.3978,33.3136],[118.409,33.3274],[118.3966,33.3895],[118.4117,33.4034],[118.4261,33.4013],[118.4361,33.3969],[118.4455,33.3943],[118.4564,33.3966],[118.4667,33.4078],[118.4705,33.4222],[118.4723,33.4358],[118.4767,33.4446],[118.4888,33.4458],[118.4947,33.434],[118.4967,33.4034],[118.4926,33.3904],[118.4873,33.3801],[118.49,33.3731],[118.5103,33.3689],[118.5182,33.3851],[118.5373,33.3916],[118.5568,33.3878],[118.575,33.3578],[118.5959,33.351],[118.6189,33.3539],[118.6339,33.3689],[118.6154,33.3704],[118.6039,33.3804],[118.5953,33.3934],[118.5859,33.4034],[118.5797,33.406],[118.5421,33.4125],[118.54,33.4193],[118.5424,33.4275],[118.5409,33.434],[118.5182,33.4581],[118.4967,33.4879],[118.4797,33.5208],[118.4699,33.5538],[118.4617,33.6189],[118.462,33.6303],[118.4691,33.6395],[118.5482,33.6501],[118.5585,33.6527],[118.5621,33.6574],[118.5647,33.6583],[118.5724,33.6501],[118.575,33.643],[118.575,33.6289],[118.5786,33.6227],[118.5638,33.6068],[118.5582,33.6021],[118.5768,33.6035],[118.5833,33.5962],[118.5824,33.5832],[118.5786,33.5673],[118.6068,33.5779],[118.6156,33.5632],[118.613,33.537],[118.6065,33.5129],[118.6221,33.5079],[118.6195,33.4946],[118.6101,33.4749],[118.6065,33.4514],[118.6133,33.4514],[118.618,33.474],[118.633,33.4776],[118.668,33.4649],[118.7817,33.4461],[118.7937,33.4393],[118.812,33.4099],[118.8199,33.3996],[118.8276,33.3934],[118.8458,33.3825],[118.867,33.3734],[118.8767,33.3675],[118.8809,33.3589],[118.875,33.346],[118.8614,33.3286],[118.8461,33.3133],[118.8361,33.3068],[118.8308,33.2965],[118.8211,33.2491],[118.8158,33.235],[118.7884,33.215],[118.7846,33.2079],[118.7837,33.1994],[118.7781,33.1744],[118.7746,33.1667],[118.7581,33.1485],[118.7443,33.1296],[118.7381,33.1096],[118.7437,33.0875],[118.7237,33.084],[118.701,33.0846],[118.6857,33.0799],[118.6884,33.0601],[118.668,33.0766],[118.6607,33.1058],[118.6692,33.1326],[118.6957,33.1423],[118.6957,33.1496],[118.6686,33.1808]]]}},{"type":"Feature","properties":{"kind":"lake","name":"库苏古尔湖","scalerank":3,"major":false,"label":true},"geometry":{"type":"Polygon","coordinates":[[[100.7669,51.4473],[100.7848,51.4323],[100.796,51.4123],[100.7951,51.3896],[100.7807,51.3431],[100.789,51.3163],[100.7692,51.3025],[100.7722,51.2928],[100.7778,51.2833],[100.7789,51.2725],[100.776,51.2545],[100.7675,51.238],[100.7401,51.2053],[100.7345,51.1894],[100.7283,51.1632],[100.716,51.1456],[100.7083,51.1282],[100.7139,51.1038],[100.7239,51.0829],[100.7307,51.0746],[100.7419,51.0691],[100.7221,51.0564],[100.7006,51.0487],[100.6824,51.0393],[100.6724,51.0211],[100.6927,51.0161],[100.7021,51.0111],[100.7104,51.0043],[100.7115,50.9958],[100.6918,50.979],[100.6865,50.9696],[100.6824,50.9563],[100.6715,50.9372],[100.6571,50.9195],[100.6421,50.9119],[100.6244,50.9072],[100.5705,50.8704],[100.5599,50.8659],[100.5376,50.8603],[100.5287,50.8565],[100.5193,50.8503],[100.512,50.8445],[100.5064,50.8374],[100.5022,50.8294],[100.4955,50.8109],[100.494,50.8],[100.4984,50.7953],[100.5046,50.7962],[100.514,50.8009],[100.519,50.8021],[100.524,50.8],[100.5281,50.7953],[100.529,50.7906],[100.5173,50.7841],[100.5102,50.7653],[100.4984,50.7611],[100.4864,50.7597],[100.4725,50.7558],[100.4596,50.7503],[100.4504,50.7438],[100.4398,50.7335],[100.441,50.7314],[100.4401,50.7202],[100.4416,50.6958],[100.4401,50.6852],[100.4225,50.649],[100.4231,50.6322],[100.4469,50.6302],[100.4457,50.6461],[100.4604,50.6505],[100.4805,50.6466],[100.4949,50.6375],[100.4969,50.626],[100.4828,50.6116],[100.4884,50.6034],[100.4811,50.5931],[100.471,50.5886],[100.4593,50.5898],[100.4469,50.5966],[100.4331,50.5892],[100.4331,50.5831],[100.4637,50.5719],[100.4743,50.5692],[100.4743,50.5625],[100.4622,50.5577],[100.4498,50.5557],[100.4228,50.5551],[100.4169,50.5507],[100.4095,50.5413],[100.4001,50.5318],[100.3886,50.5277],[100.3221,50.5427],[100.2962,50.5418],[100.2862,50.5371],[100.2747,50.5295],[100.2629,50.5257],[100.2409,50.5368],[100.2285,50.5354],[100.2185,50.5286],[100.2114,50.5098],[100.1976,50.4883],[100.1932,50.4794],[100.1961,50.4691],[100.1967,50.4609],[100.1932,50.4527],[100.1779,50.4656],[100.167,50.4892],[100.1608,50.5151],[100.159,50.5345],[100.1652,50.5619],[100.1782,50.5754],[100.1938,50.5857],[100.2067,50.6034],[100.1964,50.6131],[100.1961,50.6237],[100.2029,50.6346],[100.2144,50.6443],[100.2308,50.6528],[100.2447,50.6581],[100.2459,50.6608],[100.257,50.674],[100.262,50.6784],[100.2547,50.6834],[100.2409,50.699],[100.25,50.7129],[100.2491,50.7305],[100.2409,50.7641],[100.2409,50.8498],[100.247,50.8945],[100.2962,51.0149],[100.3053,51.0499],[100.3097,51.0864],[100.3156,51.1061],[100.3274,51.1206],[100.3353,51.1356],[100.3303,51.1582],[100.285,51.2307],[100.2668,51.2689],[100.262,51.3093],[100.2668,51.3284],[100.2768,51.3425],[100.2915,51.3502],[100.3097,51.3502],[100.31,51.3475],[100.3124,51.3413],[100.3168,51.3343],[100.3236,51.3296],[100.4051,51.3466],[100.4319,51.3667],[100.451,51.3937],[100.4675,51.4252],[100.4584,51.4426],[100.4493,51.4497],[100.4372,51.45],[100.4189,51.4455],[100.3851,51.4338],[100.3665,51.432],[100.3583,51.4426],[100.3604,51.4561],[100.3665,51.4682],[100.3763,51.477],[100.3886,51.4803],[100.401,51.4853],[100.4128,51.4968],[100.4316,51.5203],[100.4911,51.5365],[100.5055,51.5459],[100.5114,51.5565],[100.5108,51.5653],[100.5081,51.5739],[100.5084,51.5827],[100.5146,51.591],[100.5229,51.5963],[100.5273,51.6019],[100.5229,51.6107],[100.5496,51.6198],[100.5705,51.6116],[100.5906,51.5977],[100.6153,51.5904],[100.6215,51.5795],[100.6456,51.5147],[100.6594,51.4982],[100.6786,51.4803],[100.6998,51.4659],[100.7207,51.46],[100.7448,51.4567],[100.7669,51.4473]]]}},{"type":"Feature","properties":{"kind":"lake","name":"兴凯湖","scalerank":3,"major":true,"label":true},"geometry":{"type":"Polygon","coordinates":[[[132.8205,45.1482],[132.8361,45.1076],[132.8381,45.067],[132.819,45.0246],[132.7425,44.9245],[132.7092,44.8951],[132.6674,44.8697],[132.6486,44.8547],[132.6409,44.8368],[132.6386,44.8271],[132.6294,44.8065],[132.6271,44.7956],[132.6291,44.7853],[132.6386,44.7623],[132.6409,44.7517],[132.6312,44.7105],[132.6044,44.6834],[132.4914,44.6263],[132.4758,44.6204],[132.4299,44.6107],[132.4184,44.6039],[132.4104,44.5916],[132.4016,44.5663],[132.3942,44.5524],[132.3854,44.5424],[132.3707,44.5321],[132.3536,44.528],[132.3207,44.5424],[132.2824,44.5483],[132.26,44.5607],[132.2426,44.5671],[132.2362,44.5733],[132.2323,44.5851],[132.2353,44.5904],[132.2409,44.5922],[132.2435,44.5933],[132.2447,44.6028],[132.2474,44.6066],[132.2474,44.6095],[132.24,44.6172],[132.2318,44.6222],[132.2241,44.6251],[132.2185,44.6292],[132.2164,44.6381],[132.225,44.6437],[132.2844,44.6343],[132.232,44.6637],[132.1075,44.6937],[132.0654,44.7299],[132.0442,44.7758],[132.0392,44.7959],[132.0375,44.8168],[132.104,44.8597],[132.1202,44.8677],[132.1093,44.9057],[132.1146,44.9492],[132.1143,44.9913],[132.086,45.0246],[132.0616,45.0316],[132.0345,45.0358],[132.0125,45.0455],[132.0033,45.0693],[132.0125,45.0905],[132.0301,45.1017],[132.0413,45.1129],[132.0307,45.1344],[132.0228,45.142],[132.0154,45.147],[132.0089,45.1526],[132.0033,45.1618],[132.0016,45.1718],[132.0001,45.203],[131.983,45.2115],[131.9927,45.2309],[132.0139,45.2518],[132.0307,45.2648],[132.109,45.3089],[132.1511,45.3248],[132.1958,45.334],[132.4201,45.3372],[132.5093,45.3151],[132.572,45.3078],[132.7222,45.2504],[132.7543,45.2321],[132.781,45.208],[132.7987,45.1897],[132.8205,45.1482]]]}},{"type":"Feature","properties":{"kind":"lake","name":"钱尼湖","scalerank":4,"major":false,"label":true},"geometry":{"type":"Polygon","coordinates":[[[76.7465,54.8042],[76.7359,54.8125],[76.7156,54.8178],[76.7871,54.8543],[76.8103,54.889],[76.8386,54.8952],[76.8975,54.8931],[76.9128,54.8949],[76.9422,54.9073],[76.9569,54.9096],[76.989,54.9108],[77.004,54.9134],[77.0164,54.9193],[77.0249,54.9261],[77.0352,54.9317],[77.052,54.9346],[77.0682,54.9329],[77.0832,54.9296],[77.0982,54.9288],[77.1135,54.9346],[77.1135,54.9279],[77.14,54.9343],[77.1665,54.9296],[77.1786,54.9187],[77.1618,54.9073],[77.1418,54.9096],[77.1188,54.9161],[77.1077,54.9155],[77.1241,54.8964],[77.1418,54.884],[77.1807,54.864],[77.1995,54.8484],[77.2269,54.8169],[77.2434,54.8036],[77.2637,54.7975],[77.2696,54.816],[77.3022,54.8351],[77.2978,54.8446],[77.3131,54.8575],[77.3261,54.8743],[77.3461,54.9134],[77.2966,54.9043],[77.2846,54.9073],[77.2828,54.9164],[77.2916,54.9544],[77.2916,54.9497],[77.3137,54.9726],[77.3523,54.9991],[77.3938,55.0209],[77.425,55.0303],[77.5421,55.0439],[77.5677,55.0497],[77.5934,55.0609],[77.6199,55.0671],[77.6478,55.058],[77.6369,55.0592],[77.6313,55.0577],[77.6287,55.053],[77.6272,55.0439],[77.6837,55.063],[77.7032,55.0642],[77.702,55.058],[77.6993,55.0544],[77.6896,55.0506],[77.7099,55.0439],[77.6825,55.0303],[77.7558,55.0238],[77.7918,55.0132],[77.8191,54.9956],[77.8362,55.0094],[77.8518,55.0129],[77.8945,55.0097],[77.9019,55.0124],[77.9189,55.0256],[77.9283,55.0303],[77.9413,55.0309],[77.9634,55.025],[78.0122,55.0177],[78.0467,55.0018],[78.0691,54.9779],[78.0723,54.9482],[78.0529,54.9152],[78.0217,54.9014],[77.913,54.8984],[77.8904,54.8943],[77.8465,54.8793],[77.8074,54.8605],[77.7868,54.8531],[77.7653,54.8519],[77.7697,54.8616],[77.7753,54.8681],[77.7918,54.8793],[77.78,54.8817],[77.7623,54.8817],[77.7441,54.8787],[77.7302,54.8725],[77.7214,54.8605],[77.7164,54.8366],[77.7099,54.8248],[77.6878,54.8092],[77.6001,54.7836],[77.5772,54.7742],[77.5539,54.7607],[77.5433,54.7483],[77.5592,54.7421],[77.5851,54.7477],[77.6272,54.778],[77.6552,54.7901],[77.6564,54.7786],[77.6555,54.768],[77.6531,54.758],[77.6478,54.7489],[77.6622,54.7465],[77.6858,54.7324],[77.7032,54.7286],[77.7087,54.7315],[77.7146,54.738],[77.7214,54.7433],[77.7302,54.7421],[77.7317,54.7371],[77.7314,54.718],[77.7394,54.6992],[77.7382,54.6844],[77.7314,54.6721],[77.7126,54.6635],[77.7129,54.6571],[77.7185,54.6529],[77.727,54.6562],[77.7361,54.6635],[77.7455,54.6674],[77.7553,54.6662],[77.7653,54.6597],[77.7594,54.6568],[77.7564,54.6538],[77.7544,54.6506],[77.7508,54.6465],[77.7759,54.6509],[77.7873,54.6515],[77.7985,54.6465],[77.7697,54.6317],[77.7532,54.6264],[77.7267,54.6332],[77.6614,54.6329],[77.646,54.6261],[77.6146,54.6032],[77.6037,54.5982],[77.5878,54.6002],[77.5624,54.607],[77.5454,54.6055],[77.5566,54.6153],[77.5566,54.6232],[77.5474,54.6273],[77.5312,54.6261],[77.5775,54.6447],[77.5934,54.6465],[77.5934,54.6526],[77.5766,54.6685],[77.5548,54.6727],[77.5298,54.6682],[77.5039,54.6597],[77.4768,54.6715],[77.4423,54.6759],[77.4147,54.6841],[77.4076,54.708],[77.3973,54.7039],[77.3864,54.7018],[77.3632,54.7012],[77.3499,54.6891],[77.3405,54.6877],[77.3326,54.7012],[77.3231,54.683],[77.3099,54.6809],[77.2958,54.6888],[77.2846,54.7012],[77.3205,54.7156],[77.395,54.7171],[77.4288,54.7218],[77.4017,54.7306],[77.3667,54.7321],[77.236,54.7192],[77.2054,54.7201],[77.2098,54.7354],[77.1274,54.7306],[77.0885,54.7156],[77.0691,54.7245],[77.0523,54.7395],[77.0388,54.7489],[77.0161,54.7483],[76.9949,54.738],[76.9558,54.7115],[76.9455,54.7083],[76.899,54.7077],[76.8886,54.7059],[76.8783,54.7015],[76.8663,54.6939],[76.8636,54.7012],[76.8619,54.7042],[76.8622,54.7071],[76.8663,54.7148],[76.8474,54.7171],[76.8292,54.7083],[76.8109,54.6959],[76.7921,54.6877],[76.7694,54.6874],[76.7524,54.6936],[76.7223,54.7148],[76.7282,54.7233],[76.7303,54.7318],[76.7282,54.7407],[76.7223,54.7489],[76.7382,54.7471],[76.7488,54.7395],[76.7547,54.7271],[76.7565,54.7115],[76.7624,54.71],[76.7924,54.7212],[76.8042,54.7218],[76.7741,54.7451],[76.7641,54.758],[76.7565,54.7769],[76.7524,54.7928],[76.7465,54.8042]]]}},{"type":"Feature","properties":{"kind":"lake","name":"呼倫湖","scalerank":4,"major":true,"label":true},"geometry":{"type":"Polygon","coordinates":[[[117.3125,48.6199],[117.2919,48.5979],[117.2669,48.5887],[117.2419,48.5831],[117.2159,48.5728],[117.1892,48.5661],[117.1609,48.5717],[117.1368,48.5664],[117.102,48.5502],[117.0694,48.5437],[117.0511,48.5681],[117.0911,48.569],[117.1076,48.5749],[117.12,48.5887],[117.1132,48.599],[117.1144,48.6073],[117.1218,48.6132],[117.1335,48.6158],[117.1262,48.6297],[117.1535,48.6291],[117.1697,48.6414],[117.1706,48.657],[117.1532,48.6644],[117.1479,48.6629],[117.1388,48.6573],[117.1335,48.6576],[117.1123,48.6706],[117.0994,48.6759],[117.0897,48.6785],[117.0785,48.6779],[117.085,48.6909],[117.1067,48.7088],[117.1123,48.7188],[117.1091,48.7318],[117.0985,48.7436],[117.0847,48.7533],[117.0714,48.7601],[117.062,48.7621],[117.0455,48.763],[117.0367,48.7674],[117.0329,48.7727],[117.0352,48.7824],[117.0305,48.788],[117.0184,48.7933],[116.9922,48.7969],[116.976,48.801],[116.976,48.8077],[116.9952,48.8122],[116.9931,48.8225],[116.976,48.8419],[116.9775,48.8557],[116.9846,48.8672],[116.994,48.8749],[117.0025,48.8766],[117.0052,48.8955],[117.019,48.8993],[117.0384,48.8969],[117.0579,48.8966],[117.107,48.9202],[117.1262,48.9237],[117.1229,48.9278],[117.1212,48.9311],[117.1185,48.9343],[117.1123,48.9376],[117.1185,48.9467],[117.1262,48.9517],[117.1468,48.9593],[117.2639,49.0206],[117.2869,49.0276],[117.309,49.0382],[117.3257,49.0541],[117.3322,49.0786],[117.3393,49.0962],[117.5574,49.3032],[117.5651,49.3185],[117.5704,49.3255],[117.5833,49.3285],[117.6248,49.3299],[117.6357,49.3326],[117.6448,49.337],[117.6537,49.3429],[117.6831,49.3688],[117.7011,49.3776],[117.709,49.3664],[117.7052,49.3523],[117.6996,49.3408],[117.7025,49.3311],[117.7225,49.3223],[117.7225,49.3149],[117.7067,49.3108],[117.6925,49.2955],[117.6816,49.2802],[117.6746,49.2664],[117.6678,49.2434],[117.6669,49.2219],[117.6781,49.2125],[117.7005,49.2054],[117.7102,49.1887],[117.7167,49.1704],[117.7296,49.1572],[117.7267,49.1657],[117.7255,49.1675],[117.739,49.1839],[117.7643,49.1834],[117.7879,49.1725],[117.7985,49.1542],[117.7961,49.1486],[117.7864,49.1307],[117.7841,49.1195],[117.7908,49.1142],[117.8318,49.1027],[117.8791,49.1001],[118.0104,49.1301],[118.0334,49.131],[118.0481,49.1265],[118.0561,49.1127],[118.0584,49.0853],[118.0534,49.068],[118.0416,49.0503],[118.026,49.0359],[118.0104,49.0276],[117.9834,49.0235],[117.9045,49.0338],[117.8565,49.0241],[117.8368,49.025],[117.8262,49.0412],[117.8297,49.04],[117.8362,49.0418],[117.8429,49.0456],[117.8462,49.0512],[117.8447,49.06],[117.8406,49.0606],[117.8341,49.0591],[117.8262,49.0618],[117.7879,49.0921],[117.7696,49.0915],[117.7464,49.0709],[117.709,49.0276],[117.7276,49.0268],[117.7352,49.0135],[117.7437,48.9723],[117.6843,48.9755],[117.6672,48.9723],[117.6531,48.9623],[117.6401,48.9473],[117.6195,48.9175],[117.5995,48.894],[117.5094,48.8198],[117.4579,48.7883],[117.3043,48.7259],[117.3043,48.7188],[117.3334,48.7224],[117.3469,48.7156],[117.3481,48.6982],[117.339,48.6706],[117.3284,48.647],[117.3125,48.6199]]]}},{"type":"Feature","properties":{"kind":"lake","name":"太湖","scalerank":4,"major":true,"label":true},"geometry":{"type":"Polygon","coordinates":[[[120.5629,31.1733],[120.577,31.1727],[120.6014,31.0864],[120.5897,31.077],[120.5426,31.0564],[120.5208,31.0396],[120.3892,30.9599],[120.3041,30.9301],[120.2132,30.9204],[120.1284,30.9431],[120.051,30.9946],[120.0254,31.0223],[119.9621,31.0676],[119.9426,31.0864],[119.9385,31.0985],[119.9368,31.1126],[119.9359,31.1382],[119.9318,31.15],[119.9129,31.1721],[119.9088,31.1865],[119.9053,31.2115],[119.8994,31.2304],[119.8982,31.248],[119.9088,31.2713],[119.917,31.2907],[119.9638,31.354],[119.9844,31.397],[119.9986,31.4158],[120.0186,31.4291],[120.0092,31.4476],[120.0145,31.4609],[120.0277,31.4688],[120.0424,31.4715],[120.0716,31.4682],[120.0916,31.4688],[120.1004,31.4744],[120.1054,31.4906],[120.1175,31.4968],[120.1334,31.4997],[120.149,31.5047],[120.1605,31.5159],[120.1699,31.5297],[120.1825,31.5412],[120.2034,31.5459],[120.2005,31.5389],[120.1961,31.5315],[120.2117,31.5356],[120.2291,31.5383],[120.2405,31.5345],[120.2376,31.5186],[120.2785,31.5186],[120.2785,31.5124],[120.2685,31.5062],[120.2638,31.4965],[120.2629,31.4847],[120.2644,31.4715],[120.2576,31.4715],[120.2517,31.4874],[120.2438,31.5024],[120.2326,31.5136],[120.2167,31.5186],[120.2252,31.4997],[120.2241,31.4856],[120.2193,31.4732],[120.2079,31.4285],[120.2087,31.4129],[120.2241,31.4023],[120.2511,31.4064],[120.2853,31.4232],[120.3174,31.4441],[120.3368,31.4606],[120.3486,31.4615],[120.3695,31.4573],[120.3901,31.4506],[120.4021,31.4435],[120.4045,31.4308],[120.3915,31.4029],[120.3877,31.3846],[120.3801,31.369],[120.3624,31.3643],[120.3421,31.364],[120.3265,31.3614],[120.3162,31.3508],[120.2956,31.3155],[120.2923,31.3063],[120.3315,31.3305],[120.3439,31.3334],[120.3574,31.3296],[120.3612,31.3216],[120.3553,31.3143],[120.34,31.3131],[120.345,31.2996],[120.3362,31.291],[120.3297,31.2816],[120.34,31.2654],[120.3518,31.2592],[120.3645,31.2575],[120.3768,31.2545],[120.3877,31.2442],[120.3539,31.2236],[120.3804,31.2174],[120.4469,31.2233],[120.4704,31.2168],[120.4746,31.1927],[120.4278,31.1438],[120.4257,31.1247],[120.4348,31.1091],[120.4213,31.1073],[120.403,31.1115],[120.3986,31.1144],[120.3845,31.11],[120.3701,31.0909],[120.3577,31.0864],[120.3518,31.0817],[120.3309,31.0579],[120.3265,31.0491],[120.3318,31.0385],[120.3442,31.0276],[120.3674,31.0114],[120.3762,31.0164],[120.3851,31.0161],[120.3936,31.012],[120.4021,31.0046],[120.4148,31.0296],[120.4442,31.0697],[120.4498,31.097],[120.4625,31.1115],[120.4913,31.1162],[120.5237,31.1135],[120.5461,31.107],[120.547,31.1276],[120.5526,31.1538],[120.5629,31.1733]]]}},{"type":"Feature","properties":{"kind":"lake","name":"纳木错","scalerank":4,"major":true,"label":true},"geometry":{"type":"Polygon","coordinates":[[[90.3944,30.5351],[90.3841,30.5233],[90.3611,30.511],[90.3376,30.5045],[90.3255,30.5112],[90.3255,30.5157],[90.3267,30.5186],[90.3323,30.5242],[90.3376,30.5398],[90.3246,30.5522],[90.3069,30.5651],[90.2981,30.5831],[90.3016,30.5919],[90.3158,30.6105],[90.3152,30.6143],[90.2849,30.6234],[90.2775,30.6278],[90.2778,30.6464],[90.2987,30.6955],[90.3043,30.7135],[90.3011,30.7364],[90.2775,30.7924],[90.2719,30.8356],[90.2849,30.8698],[90.3146,30.8874],[90.3596,30.8816],[90.3808,30.8751],[90.4006,30.8742],[90.4173,30.8813],[90.4282,30.8833],[90.4385,30.878],[90.4797,30.8292],[90.4968,30.8194],[90.5212,30.8139],[90.5828,30.8127],[90.5951,30.8171],[90.6116,30.8359],[90.6234,30.8401],[90.6817,30.8401],[90.6581,30.8657],[90.6702,30.888],[90.7055,30.9122],[90.7114,30.9092],[90.7185,30.9083],[90.7332,30.9089],[90.7435,30.9072],[90.7467,30.9028],[90.7473,30.898],[90.75,30.8948],[90.7629,30.8907],[90.7788,30.888],[90.7921,30.8898],[90.7979,30.8983],[90.8044,30.9016],[90.8327,30.8804],[90.8394,30.8851],[90.8453,30.8874],[90.8754,30.8633],[90.8871,30.8607],[90.8895,30.8713],[90.8807,30.9048],[90.8842,30.9189],[90.8948,30.9225],[90.906,30.9136],[90.9175,30.9013],[90.9292,30.8948],[90.9331,30.9222],[90.9389,30.9322],[90.9528,30.9363],[90.9678,30.936],[90.9843,30.9334],[90.9981,30.9263],[91.0037,30.9122],[91.0075,30.9066],[91.0255,30.8863],[91.0311,30.8742],[91.0305,30.8621],[91.0075,30.8003],[90.9952,30.788],[90.9775,30.7847],[90.8462,30.7847],[90.8642,30.7144],[90.7988,30.6578],[90.6334,30.5931],[90.5907,30.5825],[90.5554,30.5792],[90.5351,30.5651],[90.523,30.5586],[90.5121,30.5678],[90.4986,30.5663],[90.4353,30.5457],[90.4109,30.5448],[90.3994,30.5422],[90.3944,30.5351]]]}},{"type":"Feature","properties":{"kind":"lake","name":"博斯腾湖","scalerank":4,"major":true,"label":true},"geometry":{"type":"Polygon","coordinates":[[[87.4337,41.849],[87.4169,41.8393],[87.3783,41.8446],[87.31,41.8661],[87.3127,41.8702],[87.3165,41.8728],[87.3071,41.884],[87.2965,41.8934],[87.2815,41.8843],[87.2491,41.8928],[87.2123,41.9067],[87.134,41.922],[87.0495,41.912],[86.9147,41.8764],[86.875,41.8728],[86.8443,41.8658],[86.7866,41.8346],[86.7534,41.8254],[86.7375,41.834],[86.6983,41.8334],[86.6801,41.8454],[86.7254,41.8552],[86.7342,41.859],[86.7354,41.8643],[86.7348,41.8711],[86.7331,41.8769],[86.7307,41.8796],[86.7216,41.8825],[86.7213,41.8896],[86.7272,41.904],[86.7304,41.909],[86.7451,41.9246],[86.7484,41.9311],[86.7501,41.9458],[86.7549,41.9602],[86.7631,41.9726],[86.7752,41.9826],[86.8028,41.9915],[86.8273,41.9932],[86.8443,42.0026],[86.8508,42.0341],[86.8458,42.038],[86.8361,42.0489],[86.8296,42.06],[86.8337,42.0653],[86.8376,42.0692],[86.8305,42.078],[86.8187,42.0874],[86.8099,42.0924],[86.814,42.1007],[86.8143,42.1065],[86.8108,42.1124],[86.8031,42.1198],[86.8167,42.1336],[86.8349,42.1213],[86.8576,42.1154],[86.9341,42.1101],[87.0739,42.0609],[87.1699,42.048],[87.1873,42.0515],[87.1964,42.0474],[87.2532,42.035],[87.3118,42.0321],[87.3374,42.0235],[87.3545,42.0029],[87.3574,41.975],[87.3512,41.9137],[87.3642,41.9179],[87.3774,41.9132],[87.388,41.9028],[87.3919,41.8902],[87.3983,41.8814],[87.4272,41.8587],[87.4337,41.849]]]}},{"type":"Feature","properties":{"kind":"lake","name":"鄱阳湖","scalerank":4,"major":true,"label":true},"geometry":{"type":"Polygon","coordinates":[[[116.6776,29.1734],[116.6884,29.1681],[116.7152,29.1372],[116.7152,29.0971],[116.7076,29.083],[116.6884,29.0786],[116.6908,29.0918],[116.6899,29.1121],[116.6843,29.1277],[116.6567,29.1271],[116.6458,29.1127],[116.6372,29.0918],[116.6334,29.0724],[116.6257,29.0742],[116.6228,29.0756],[116.619,29.0786],[116.6237,29.0862],[116.6266,29.0945],[116.6275,29.1036],[116.6263,29.1133],[116.6237,29.121],[116.6193,29.1307],[116.6154,29.1357],[116.6072,29.1174],[116.5931,29.1224],[116.5766,29.1339],[116.5645,29.1407],[116.5569,29.1372],[116.5433,29.1224],[116.5371,29.1195],[116.5298,29.1236],[116.5233,29.1322],[116.5186,29.1425],[116.5165,29.1513],[116.5068,29.1607],[116.4877,29.1598],[116.4762,29.1522],[116.4886,29.1407],[116.4833,29.1245],[116.4927,29.1121],[116.5083,29.1036],[116.5233,29.0998],[116.5165,29.0859],[116.5316,29.0798],[116.5371,29.0786],[116.5371,29.0724],[116.5124,29.0697],[116.4856,29.0462],[116.4612,29.0512],[116.4597,29.0365],[116.4612,29.0244],[116.4686,29.0171],[116.4824,29.0171],[116.48,28.9988],[116.4898,28.9838],[116.5042,28.9703],[116.5165,28.9558],[116.5221,28.9405],[116.5224,28.9246],[116.518,28.909],[116.5092,28.8943],[116.5248,28.8905],[116.5354,28.8955],[116.5448,28.8981],[116.558,28.8867],[116.5507,28.8805],[116.558,28.8737],[116.5413,28.866],[116.5339,28.861],[116.531,28.8563],[116.533,28.8457],[116.5413,28.8307],[116.5433,28.8254],[116.541,28.8128],[116.5351,28.7966],[116.5265,28.7824],[116.5165,28.7769],[116.5233,28.7907],[116.5189,28.7916],[116.5157,28.7928],[116.513,28.7945],[116.5092,28.7981],[116.4815,28.7913],[116.4721,28.7907],[116.4621,28.7942],[116.4565,28.8031],[116.4532,28.8145],[116.4482,28.8254],[116.4385,28.836],[116.43,28.8428],[116.4232,28.8502],[116.4209,28.8628],[116.4241,28.8743],[116.4323,28.8828],[116.4547,28.8943],[116.4262,28.8996],[116.405,28.8743],[116.3885,28.8401],[116.3726,28.8184],[116.3658,28.8254],[116.3714,28.8331],[116.3926,28.8778],[116.4191,28.9176],[116.4247,28.9299],[116.4279,28.9432],[116.4273,28.9558],[116.4206,28.9661],[116.4138,28.9614],[116.4088,28.9488],[116.4067,28.9352],[116.3976,28.9405],[116.3932,28.9385],[116.3861,28.9214],[116.3879,28.9196],[116.3926,28.9061],[116.3932,28.9005],[116.3905,28.8987],[116.3814,28.894],[116.3797,28.8905],[116.3732,28.8702],[116.3585,28.8502],[116.3423,28.8413],[116.3311,28.8534],[116.3337,28.864],[116.3546,28.8831],[116.3591,28.8943],[116.3538,28.9046],[116.3443,28.9076],[116.3352,28.9081],[116.3311,28.9114],[116.3331,28.9252],[116.3387,28.9411],[116.3591,28.9761],[116.3443,28.9809],[116.3299,28.9829],[116.2678,28.9803],[116.2607,28.9859],[116.2696,29.0041],[116.2643,29.0079],[116.2596,29.0126],[116.2566,29.0191],[116.2551,29.0277],[116.2522,29.0315],[116.2066,29.0332],[116.1983,29.038],[116.1945,29.0512],[116.1877,29.0512],[116.1742,29.0388],[116.1556,29.0471],[116.143,29.0662],[116.1459,29.0859],[116.1315,29.0827],[116.1159,29.0771],[116.1033,29.0783],[116.0935,29.1145],[116.0824,29.1257],[116.0573,29.1407],[116.0423,29.1654],[116.0358,29.1813],[116.0403,29.1884],[116.075,29.1837],[116.0841,29.1869],[116.0779,29.2022],[116.14,29.1972],[116.1589,29.2031],[116.145,29.2125],[116.1239,29.2208],[116.1027,29.224],[116.0882,29.2199],[116.0776,29.224],[116.0058,29.2399],[115.9976,29.2543],[115.9899,29.2723],[115.9808,29.2802],[115.9678,29.264],[115.9675,29.249],[115.9749,29.2328],[115.9808,29.2155],[115.9752,29.1957],[115.9293,29.204],[115.9075,29.2169],[115.9222,29.2502],[115.9243,29.2629],[115.9278,29.2734],[115.9784,29.2946],[115.9849,29.2994],[116.0096,29.3111],[116.0176,29.3191],[116.0241,29.3279],[116.0282,29.3388],[116.03,29.3529],[116.027,29.3612],[116.004,29.4103],[115.9988,29.4174],[115.9905,29.4212],[115.9752,29.4212],[115.9752,29.4286],[115.9914,29.4336],[116.0017,29.4401],[116.0108,29.4477],[116.0232,29.456],[116.0461,29.448],[116.0609,29.4633],[116.0706,29.4854],[116.0779,29.4975],[116.0779,29.5036],[116.0632,29.5095],[116.0706,29.5184],[116.0865,29.529],[116.0982,29.5384],[116.0971,29.5446],[116.0927,29.5537],[116.0903,29.5622],[116.1121,29.5796],[116.1165,29.5937],[116.1289,29.6594],[116.1262,29.6688],[116.1165,29.6747],[116.0982,29.6817],[116.1009,29.6859],[116.1056,29.6956],[116.0927,29.6944],[116.0694,29.6888],[116.0609,29.692],[116.0929,29.7244],[116.1021,29.7303],[116.1501,29.7279],[116.1736,29.7335],[116.1877,29.7509],[116.2292,29.7438],[116.2104,29.735],[116.1933,29.7185],[116.188,29.7026],[116.2048,29.6956],[116.2387,29.7082],[116.2569,29.7097],[116.2696,29.6956],[116.2478,29.6912],[116.2431,29.6838],[116.2448,29.6738],[116.2431,29.6614],[116.2322,29.6514],[116.2178,29.6703],[116.2048,29.665],[116.2025,29.6502],[116.206,29.6308],[116.2057,29.6134],[116.191,29.6061],[116.1877,29.5984],[116.1954,29.5811],[116.2072,29.5628],[116.2157,29.5522],[116.1957,29.5566],[116.1863,29.5649],[116.1795,29.5749],[116.1671,29.5858],[116.1521,29.5543],[116.1456,29.5337],[116.1498,29.5242],[116.1571,29.5213],[116.1624,29.5145],[116.1662,29.5066],[116.1707,29.5007],[116.1689,29.4957],[116.1521,29.4777],[116.1459,29.4695],[116.1512,29.461],[116.153,29.4524],[116.1509,29.4436],[116.1459,29.4348],[116.1156,29.4439],[116.0803,29.4183],[116.0617,29.3838],[116.0815,29.3665],[116.1141,29.3676],[116.1506,29.3735],[116.1848,29.388],[116.208,29.415],[116.2231,29.3809],[116.2257,29.3638],[116.2219,29.3462],[116.2142,29.3582],[116.2066,29.3565],[116.198,29.3479],[116.1877,29.3394],[116.1456,29.342],[116.133,29.3394],[116.1203,29.325],[116.1236,29.3123],[116.1459,29.2908],[116.1618,29.2796],[116.1662,29.2737],[116.1306,29.264],[116.1262,29.264],[116.1242,29.2473],[116.14,29.244],[116.1742,29.2505],[116.1818,29.2487],[116.1892,29.2446],[116.1969,29.2422],[116.2048,29.2467],[116.2172,29.2584],[116.2239,29.2629],[116.2292,29.264],[116.236,29.2584],[116.246,29.2346],[116.2551,29.2231],[116.2663,29.2158],[116.2808,29.2105],[116.2961,29.2096],[116.3105,29.2163],[116.3067,29.2208],[116.3055,29.2243],[116.3055,29.2287],[116.3037,29.2369],[116.3167,29.2322],[116.3255,29.2361],[116.332,29.2417],[116.3384,29.2431],[116.3461,29.2358],[116.3464,29.2284],[116.3479,29.2216],[116.3591,29.2163],[116.3664,29.2328],[116.3723,29.2387],[116.3797,29.2293],[116.3788,29.2216],[116.3699,29.1963],[116.3658,29.1884],[116.3382,29.1713],[116.324,29.1569],[116.3249,29.1407],[116.3393,29.1398],[116.3646,29.1669],[116.3658,29.1475],[116.3729,29.1501],[116.3797,29.1548],[116.3932,29.1407],[116.3979,29.1522],[116.3973,29.1634],[116.3947,29.1751],[116.3932,29.1884],[116.3994,29.1884],[116.4079,29.1766],[116.422,29.176],[116.435,29.184],[116.4409,29.199],[116.4424,29.2078],[116.4456,29.2152],[116.4471,29.2213],[116.4447,29.2264],[116.4382,29.2346],[116.4356,29.2443],[116.4365,29.2546],[116.4409,29.264],[116.4371,29.267],[116.4321,29.2734],[116.4273,29.2779],[116.4456,29.2808],[116.4636,29.2696],[116.4771,29.2493],[116.4886,29.2025],[116.5001,29.2046],[116.5059,29.2231],[116.4956,29.2505],[116.5104,29.2452],[116.5145,29.2314],[116.5162,29.2166],[116.5233,29.209],[116.5366,29.214],[116.5419,29.2293],[116.5413,29.2461],[116.5371,29.2573],[116.5433,29.2573],[116.5504,29.2514],[116.5554,29.2523],[116.5583,29.259],[116.558,29.2711],[116.5704,29.2481],[116.5884,29.2455],[116.6066,29.2473],[116.619,29.2369],[116.6054,29.2369],[116.619,29.2022],[116.6296,29.2322],[116.6308,29.2464],[116.6263,29.264],[116.6411,29.2578],[116.6564,29.249],[116.6652,29.2393],[116.6608,29.2293],[116.6884,29.2163],[116.684,29.2122],[116.6784,29.2081],[116.6675,29.2022],[116.6564,29.2093],[116.6514,29.2075],[116.6484,29.2007],[116.6437,29.1922],[116.619,29.1681],[116.6237,29.1504],[116.6384,29.1525],[116.664,29.1681],[116.6726,29.1698],[116.6746,29.1728],[116.6776,29.1734]]]}},{"type":"Feature","properties":{"kind":"lake","name":"大官湖","scalerank":4,"major":false,"label":true},"geometry":{"type":"Polygon","coordinates":[[[116.4612,30.0935],[116.4597,30.0809],[116.4432,30.0647],[116.4368,30.0509],[116.4948,30.0388],[116.5086,30.0232],[116.5171,30.0032],[116.531,29.9835],[116.5092,29.9628],[116.478,29.9508],[116.4424,29.9481],[116.4067,29.9561],[116.3953,29.9649],[116.3761,29.987],[116.3658,29.9896],[116.3549,29.982],[116.3538,29.9705],[116.3493,29.9584],[116.3311,29.9487],[116.309,29.9637],[116.3028,29.9732],[116.3037,29.9896],[116.2913,29.9867],[116.2816,29.9896],[116.2746,29.9958],[116.2696,30.0041],[116.276,30.0079],[116.2843,30.015],[116.2893,30.0176],[116.2702,30.0229],[116.2587,30.015],[116.2572,30.0108],[116.2472,30.0364],[116.2563,30.0426],[116.2551,30.0662],[116.2404,30.06],[116.2348,30.0721],[116.2366,30.0912],[116.2431,30.1071],[116.2457,30.1024],[116.251,30.098],[116.2551,30.0935],[116.2543,30.1056],[116.2451,30.1206],[116.2431,30.1306],[116.2469,30.1392],[116.2557,30.1351],[116.2649,30.1265],[116.2696,30.1206],[116.2784,30.0785],[116.2866,30.0597],[116.3037,30.0588],[116.2893,30.0994],[116.2919,30.1174],[116.3105,30.1268],[116.3155,30.0953],[116.3205,30.0812],[116.3311,30.0729],[116.3346,30.0862],[116.3396,30.0853],[116.3455,30.0782],[116.3514,30.0729],[116.3861,30.0588],[116.3808,30.0515],[116.3811,30.0447],[116.3876,30.04],[116.3994,30.0382],[116.4011,30.0509],[116.4073,30.0582],[116.4209,30.0588],[116.4209,30.0662],[116.4109,30.0765],[116.4241,30.088],[116.4441,30.1012],[116.4612,30.0935]]]}},{"type":"Feature","properties":{"kind":"lake","name":"龙感湖","scalerank":4,"major":false,"label":true},"geometry":{"type":"Polygon","coordinates":[[[116.2572,30.0108],[116.2525,29.9996],[116.249,29.9835],[116.2543,29.9837],[116.2646,29.9832],[116.2696,29.9835],[116.2654,29.9617],[116.2663,29.9417],[116.2634,29.9275],[116.246,29.9219],[116.2331,29.9152],[116.2181,29.9016],[116.2007,29.8934],[116.181,29.9016],[116.1589,29.8937],[116.1174,29.9049],[116.0915,29.9016],[116.0511,29.8716],[116.0403,29.8669],[116.0294,29.8701],[116.002,29.894],[115.9976,29.9046],[115.9958,29.9155],[115.9958,29.939],[115.9923,29.9531],[115.9834,29.9602],[115.9617,29.9699],[115.9543,29.9835],[115.949,29.9864],[115.9422,29.989],[115.9363,29.9932],[115.934,30.0005],[115.934,30.045],[115.9399,30.0356],[115.9737,29.9967],[115.9817,29.9935],[115.9858,29.9876],[115.9958,29.9835],[116.0073,29.9835],[116.0164,29.9896],[116.0149,29.9961],[115.9996,30.0117],[115.9958,30.0211],[115.9964,30.0314],[115.9988,30.0388],[116.0038,30.0435],[116.0129,30.045],[116.0211,30.0417],[116.0247,30.0344],[116.0264,30.0253],[116.03,30.0176],[116.0541,29.9938],[116.0573,29.9867],[116.0612,29.9737],[116.0706,29.9699],[116.0815,29.9737],[116.0915,29.9835],[116.0771,29.9885],[116.0715,29.9896],[116.0859,29.997],[116.0927,29.9917],[116.098,29.982],[116.1088,29.9767],[116.1356,29.9773],[116.1483,29.9793],[116.1604,29.9835],[116.1527,29.9961],[116.1433,29.9952],[116.1324,29.9899],[116.1194,29.9896],[116.108,29.997],[116.1136,30.002],[116.1253,30.0061],[116.133,30.0114],[116.1333,30.0621],[116.1412,30.085],[116.1639,30.0765],[116.1733,30.07],[116.181,30.0676],[116.186,30.0626],[116.1898,30.0273],[116.193,30.0161],[116.198,30.0079],[116.2051,30.0008],[116.2181,29.9908],[116.2304,29.9876],[116.236,30.0005],[116.2342,30.0135],[116.2289,30.0232],[116.2225,30.0326],[116.2157,30.045],[116.2472,30.0364],[116.2572,30.0108]]]}},{"type":"Feature","properties":{"kind":"lake","name":"梁子湖","scalerank":4,"major":false,"label":true},"geometry":{"type":"Polygon","coordinates":[[[114.3827,30.1822],[114.3668,30.1886],[114.3456,30.1913],[114.3306,30.1889],[114.3347,30.2028],[114.343,30.2083],[114.3518,30.2128],[114.358,30.2237],[114.3647,30.2237],[114.3733,30.2075],[114.3833,30.206],[114.3927,30.2148],[114.3995,30.2298],[114.4124,30.2237],[114.4124,30.2298],[114.4062,30.2363],[114.4015,30.2425],[114.3953,30.2478],[114.3856,30.2504],[114.3912,30.2634],[114.3895,30.2749],[114.3827,30.2846],[114.3715,30.2914],[114.4115,30.2702],[114.4286,30.2643],[114.4404,30.2713],[114.4475,30.2678],[114.4533,30.2663],[114.4675,30.2649],[114.4675,30.2713],[114.4539,30.2752],[114.443,30.2828],[114.436,30.2934],[114.4336,30.3058],[114.4472,30.2914],[114.4539,30.2987],[114.4857,30.2825],[114.5016,30.2787],[114.5152,30.2996],[114.5461,30.2943],[114.5564,30.3058],[114.5428,30.307],[114.5272,30.3105],[114.514,30.3158],[114.5025,30.3299],[114.4875,30.3302],[114.4539,30.3261],[114.4413,30.3282],[114.4295,30.334],[114.4213,30.3426],[114.4198,30.3541],[114.4277,30.3661],[114.4383,30.3664],[114.4483,30.3585],[114.4539,30.3467],[114.458,30.37],[114.4601,30.3747],[114.4645,30.3729],[114.4716,30.3688],[114.4784,30.3667],[114.4816,30.3711],[114.4851,30.3747],[114.4943,30.3755],[114.5228,30.3744],[114.5266,30.3726],[114.5293,30.3685],[114.5361,30.3602],[114.5381,30.3546],[114.5393,30.3396],[114.5434,30.3323],[114.594,30.3229],[114.6088,30.3152],[114.6317,30.2987],[114.6317,30.2914],[114.6132,30.2858],[114.6043,30.2784],[114.6046,30.2681],[114.6147,30.2543],[114.6323,30.2384],[114.6391,30.2298],[114.6438,30.2216],[114.6526,30.1957],[114.627,30.2107],[114.6132,30.2154],[114.5976,30.2163],[114.5976,30.2095],[114.617,30.2007],[114.622,30.158],[114.6353,30.148],[114.6438,30.1401],[114.6503,30.1212],[114.6535,30.0986],[114.6526,30.0797],[114.6432,30.0618],[114.6317,30.0644],[114.622,30.0788],[114.6129,30.1139],[114.5776,30.1754],[114.5487,30.1348],[114.5378,30.1339],[114.5299,30.1618],[114.5313,30.1689],[114.5402,30.1874],[114.5434,30.1957],[114.5464,30.2198],[114.5502,30.2298],[114.5293,30.2269],[114.5157,30.2187],[114.5046,30.2136],[114.4919,30.2201],[114.4728,30.2325],[114.4713,30.2195],[114.4816,30.1854],[114.4769,30.1195],[114.4648,30.088],[114.441,30.0685],[114.441,30.0694],[114.4404,30.0729],[114.4221,30.0821],[114.4401,30.1147],[114.4263,30.1268],[114.4389,30.1404],[114.4395,30.1586],[114.4298,30.173],[114.4124,30.1754],[114.4015,30.1651],[114.3715,30.1071],[114.3647,30.1071],[114.3674,30.1136],[114.3671,30.1183],[114.3656,30.1224],[114.3647,30.1268],[114.3647,30.1206],[114.3603,30.1345],[114.3624,30.1471],[114.3697,30.1595],[114.3821,30.1718],[114.3827,30.1822]]]}},{"type":"Feature","properties":{"kind":"lake","name":"色林错","scalerank":4,"major":true,"label":true},"geometry":{"type":"Polygon","coordinates":[[[89.3385,31.8185],[89.3426,31.8162],[89.3453,31.8065],[89.3311,31.7832],[89.297,31.7779],[89.2699,31.792],[89.277,31.8271],[89.2484,31.8029],[89.2416,31.7635],[89.2425,31.7178],[89.2355,31.676],[89.2252,31.6616],[89.1884,31.6225],[89.1775,31.6148],[89.1583,31.6066],[89.1463,31.5886],[89.1371,31.5698],[89.1262,31.5595],[89.108,31.5639],[89.0877,31.5789],[89.0709,31.5975],[89.0641,31.6113],[89.0515,31.6154],[88.9752,31.6004],[88.9608,31.6078],[88.9411,31.6228],[88.9255,31.6395],[88.9243,31.6522],[88.9452,31.6861],[88.9596,31.7028],[88.9802,31.7099],[88.9379,31.7358],[88.9158,31.7408],[88.8937,31.7308],[88.8787,31.7367],[88.8599,31.7379],[88.8407,31.7355],[88.8245,31.7308],[88.8119,31.7226],[88.7871,31.7011],[88.7804,31.6967],[88.7627,31.6987],[88.7345,31.7081],[88.7186,31.7102],[88.6835,31.7108],[88.6679,31.7146],[88.6538,31.724],[88.6538,31.7178],[88.6482,31.7343],[88.6467,31.757],[88.6482,31.7773],[88.6503,31.7861],[88.6185,31.7797],[88.6123,31.7791],[88.602,31.787],[88.6026,31.7938],[88.6055,31.8009],[88.6017,31.81],[88.5843,31.8185],[88.5687,31.8162],[88.5587,31.8185],[88.5572,31.8406],[88.5617,31.8583],[88.5714,31.8692],[88.5858,31.8759],[88.6049,31.8815],[88.6388,31.8862],[88.6874,31.8871],[88.7306,31.8827],[88.7495,31.8709],[88.7453,31.8597],[88.7386,31.8483],[88.7371,31.8356],[88.7495,31.8194],[88.7674,31.8109],[88.7871,31.8097],[88.8069,31.8135],[88.8245,31.8194],[88.8054,31.8332],[88.7983,31.8494],[88.8045,31.8665],[88.8245,31.8815],[88.8319,31.8742],[88.8384,31.8815],[88.8457,31.8742],[88.8651,31.8833],[88.9276,31.9021],[89.0097,31.9369],[89.03,31.9168],[89.0662,31.9162],[89.1366,31.9295],[89.1554,31.9242],[89.1786,31.9009],[89.1913,31.8959],[89.2057,31.8936],[89.2416,31.8839],[89.2696,31.8795],[89.2858,31.8733],[89.2999,31.8647],[89.3111,31.855],[89.3255,31.8271],[89.3329,31.82],[89.3385,31.8185]]]}},{"type":"Feature","properties":{"kind":"lake","name":"哈尔乌苏湖","scalerank":4,"major":false,"label":true},"geometry":{"type":"Polygon","coordinates":[[[92.817,48.2493],[92.8235,48.2287],[92.8276,48.2078],[92.817,48.1878],[92.6957,48.088],[92.6798,48.0816],[92.5441,48.0969],[92.532,48.0951],[92.5241,48.0889],[92.5144,48.071],[92.5082,48.0674],[92.4891,48.0618],[92.4735,48.0489],[92.4587,48.0333],[92.4426,48.02],[92.4281,48.0127],[92.3643,47.9921],[92.3513,47.9853],[92.3227,47.9517],[92.3007,47.9194],[92.2827,47.8837],[92.2686,47.8658],[92.2612,47.8466],[92.2648,47.8234],[92.2706,47.8016],[92.2721,47.7875],[92.2556,47.7734],[92.228,47.7639],[92.1991,47.7616],[92.1573,47.7763],[92.0984,47.7595],[92.0731,47.7595],[92.0593,47.7716],[92.054,47.789],[92.0505,47.8078],[92.0419,47.8246],[92.0287,47.8428],[92.0045,47.9035],[91.9622,47.98],[91.9657,48.0124],[92.011,48.0339],[92.1553,48.0612],[92.1918,48.0621],[92.2097,48.0683],[92.2174,48.0854],[92.2235,48.0927],[92.2377,48.0992],[92.2518,48.1092],[92.2606,48.1351],[92.2665,48.1398],[92.2733,48.144],[92.278,48.1498],[92.2812,48.1587],[92.2848,48.1846],[92.2839,48.1931],[92.2807,48.2014],[92.2786,48.2084],[92.2815,48.2149],[92.2892,48.2223],[92.2963,48.2305],[92.2992,48.2396],[92.2951,48.249],[92.2656,48.2888],[92.2521,48.3],[92.2074,48.3229],[92.1968,48.3353],[92.2127,48.3444],[92.2371,48.3627],[92.2521,48.3688],[92.2736,48.3686],[92.3027,48.3474],[92.3401,48.3368],[92.3492,48.3353],[92.3534,48.3385],[92.3481,48.3559],[92.3466,48.365],[92.3501,48.3688],[92.4022,48.3697],[92.4393,48.3553],[92.4567,48.3485],[92.4696,48.3479],[92.4976,48.3497],[92.5164,48.3415],[92.5406,48.3359],[92.5456,48.3318],[92.5403,48.3229],[92.5273,48.32],[92.5111,48.3206],[92.459,48.3279],[92.4493,48.3279],[92.4396,48.3223],[92.4108,48.2905],[92.3934,48.2437],[92.3831,48.2025],[92.381,48.1398],[92.3919,48.1278],[92.4169,48.1166],[92.4632,48.1019],[92.4838,48.0989],[92.5064,48.101],[92.5247,48.1095],[92.532,48.1263],[92.5418,48.136],[92.6371,48.1899],[92.6418,48.1946],[92.6433,48.2055],[92.648,48.2164],[92.6545,48.2258],[92.6622,48.2323],[92.6901,48.2105],[92.706,48.2019],[92.7243,48.1981],[92.6351,48.2691],[92.5944,48.3112],[92.6009,48.3418],[92.6151,48.3441],[92.6622,48.3353],[92.7143,48.3368],[92.7313,48.3353],[92.7569,48.3253],[92.7828,48.3076],[92.8052,48.2864],[92.8205,48.2664],[92.817,48.2493]]]}},{"type":"Feature","properties":{"kind":"lake","name":"阿雅克库木湖","scalerank":5,"major":false,"label":false},"geometry":{"type":"Polygon","coordinates":[[[89.6744,37.5121],[89.6702,37.4997],[89.6473,37.4989],[89.619,37.5009],[89.5987,37.4986],[89.6087,37.493],[89.6128,37.4915],[89.6128,37.4841],[89.5943,37.4841],[89.5866,37.4862],[89.5793,37.4915],[89.5504,37.4747],[89.4971,37.4715],[89.44,37.4762],[89.4,37.4841],[89.282,37.5318],[89.2355,37.5333],[89.1887,37.5248],[89.1645,37.5257],[89.1239,37.5448],[89.098,37.5519],[89.0768,37.5639],[89.0715,37.5878],[89.0845,37.6034],[89.1083,37.6066],[89.1569,37.6016],[89.1666,37.5992],[89.1822,37.5901],[89.1945,37.5878],[89.2499,37.6016],[89.2899,37.6237],[89.3117,37.6269],[89.3417,37.6416],[89.5442,37.6257],[89.5713,37.6157],[89.5784,37.6098],[89.6019,37.5989],[89.6261,37.591],[89.6434,37.5878],[89.6543,37.5828],[89.6573,37.5716],[89.6549,37.5586],[89.6499,37.5501],[89.639,37.5466],[89.6193,37.5601],[89.6093,37.5569],[89.6111,37.5424],[89.6334,37.5301],[89.6599,37.5201],[89.6744,37.5121]]]}},{"type":"Feature","properties":{"kind":"lake","name":"鄂陵湖","scalerank":5,"major":false,"label":false},"geometry":{"type":"Polygon","coordinates":[[[97.868,34.8717],[97.9007,34.8316],[97.9015,34.8216],[97.8836,34.8213],[97.85,34.8281],[97.8571,34.8084],[97.8453,34.8066],[97.8082,34.8216],[97.7797,34.8296],[97.77,34.8355],[97.7608,34.849],[97.7549,34.8172],[97.7349,34.8084],[97.7123,34.8184],[97.6984,34.8422],[97.6816,34.8204],[97.6787,34.8151],[97.6816,34.8087],[97.6973,34.7998],[97.6984,34.7945],[97.6884,34.786],[97.6725,34.7819],[97.6555,34.7807],[97.6048,34.7845],[97.5813,34.7957],[97.566,34.8149],[97.5462,34.8705],[97.5454,34.8893],[97.5536,34.9064],[97.5916,34.9464],[97.6116,34.9579],[97.6369,34.9635],[97.6719,34.9653],[97.6581,34.9688],[97.6446,34.9676],[97.6328,34.9706],[97.624,34.9862],[97.631,35.0],[97.6363,35.0071],[97.644,35.0135],[97.6346,35.0256],[97.6504,35.0424],[97.6769,35.0583],[97.6922,35.0683],[97.7296,35.086],[97.747,35.0886],[97.7685,35.0877],[97.7685,35.0813],[97.7641,35.0689],[97.7711,35.0512],[97.8044,35.0209],[97.8082,35.01],[97.8059,35.0],[97.7929,34.9874],[97.7885,34.9788],[97.7885,34.97],[97.7906,34.9614],[97.7947,34.9514],[97.7965,34.9258],[97.8003,34.9146],[97.8082,34.9038],[97.8553,34.8873],[97.863,34.8799],[97.868,34.8717]]]}},{"type":"Feature","properties":{"kind":"lake","name":"高邮湖","scalerank":5,"major":false,"label":false},"geometry":{"type":"Polygon","coordinates":[[[119.4051,32.8473],[119.4119,32.8197],[119.4151,32.7935],[119.4084,32.7661],[119.401,32.7525],[119.3916,32.7402],[119.3804,32.7322],[119.3675,32.7313],[119.3519,32.7408],[119.3321,32.7702],[119.3192,32.779],[119.3165,32.7614],[119.3065,32.7411],[119.2936,32.7246],[119.2815,32.7178],[119.2727,32.7275],[119.2503,32.7469],[119.2273,32.7593],[119.2164,32.7487],[119.2138,32.7078],[119.2076,32.6904],[119.1955,32.6766],[119.177,32.6672],[119.1746,32.6763],[119.1726,32.6925],[119.1546,32.704],[119.1623,32.7054],[119.1664,32.7072],[119.1696,32.7093],[119.1749,32.7113],[119.1749,32.7178],[119.1561,32.7246],[119.142,32.7381],[119.1317,32.7561],[119.1261,32.7731],[119.1208,32.7858],[119.1246,32.7908],[119.1296,32.7958],[119.1334,32.8011],[119.134,32.807],[119.129,32.8182],[119.1225,32.8199],[119.1131,32.8188],[119.0993,32.8208],[119.0822,32.8323],[119.0637,32.8647],[119.0448,32.8759],[119.0448,32.8821],[119.0666,32.8838],[119.0819,32.875],[119.0961,32.8612],[119.1134,32.8479],[119.1164,32.862],[119.1217,32.8788],[119.129,32.8947],[119.1376,32.9062],[119.1449,32.91],[119.1502,32.9071],[119.1535,32.9003],[119.1561,32.8853],[119.1608,32.8815],[119.19,32.8703],[119.2011,32.8685],[119.212,32.8641],[119.2265,32.8514],[119.2847,32.8759],[119.2665,32.8753],[119.2591,32.8729],[119.2509,32.8685],[119.2394,32.8773],[119.2373,32.8879],[119.2432,32.9094],[119.2421,32.9156],[119.2382,32.9233],[119.2353,32.9306],[119.2371,32.9368],[119.2435,32.938],[119.2532,32.9356],[119.2615,32.9324],[119.2644,32.93],[119.275,32.9418],[119.2765,32.9512],[119.2703,32.9601],[119.2235,32.9989],[119.255,33.0125],[119.2644,33.0192],[119.2683,33.0284],[119.2671,33.0375],[119.268,33.046],[119.278,33.054],[119.2844,33.0448],[119.3074,33.0236],[119.3159,33.0192],[119.3271,33.0236],[119.3283,33.0342],[119.3239,33.0478],[119.3009,33.0969],[119.2986,33.112],[119.2921,33.1175],[119.2509,33.1361],[119.2435,33.1379],[119.2382,33.137],[119.2341,33.137],[119.2297,33.1423],[119.2306,33.1467],[119.2409,33.1585],[119.2432,33.1667],[119.2365,33.1761],[119.2206,33.1764],[119.1955,33.1702],[119.1705,33.1558],[119.1585,33.1343],[119.1549,33.1067],[119.1546,33.074],[119.1635,33.0808],[119.1732,33.0852],[119.1838,33.0875],[119.1955,33.0875],[119.1799,33.0731],[119.1585,33.0575],[119.1358,33.0448],[119.117,33.0398],[119.1099,33.0366],[119.0878,33.0225],[119.0757,33.0192],[119.061,33.0213],[119.031,33.0304],[119.0148,33.0325],[118.9818,33.0443],[118.9704,33.0466],[118.9571,33.0454],[118.9336,33.0401],[118.9218,33.0398],[118.8968,33.0498],[118.862,33.0875],[118.84,33.1014],[118.8744,33.1014],[118.8888,33.0967],[118.9003,33.0696],[118.9147,33.0675],[118.9459,33.074],[119.0525,33.0466],[119.0825,33.0572],[119.0946,33.0637],[119.1084,33.0657],[119.1222,33.0693],[119.134,33.0808],[119.139,33.094],[119.1529,33.1582],[119.157,33.1658],[119.2259,33.1973],[119.2371,33.205],[119.2371,33.2112],[119.235,33.2209],[119.245,33.2276],[119.258,33.2218],[119.2685,33.1694],[119.2797,33.1593],[119.2962,33.1529],[119.3159,33.139],[119.3186,33.132],[119.3286,33.0863],[119.3351,33.0766],[119.3421,33.0681],[119.3468,33.0601],[119.3495,33.0378],[119.3418,33.0192],[119.3262,33.0039],[119.3053,32.9913],[119.3315,32.9942],[119.3586,33.0107],[119.3795,33.0204],[119.3881,33.0022],[119.4051,32.8473]]]}},{"type":"Feature","properties":{"kind":"lake","name":"扎陵湖","scalerank":5,"major":false,"label":false},"geometry":{"type":"Polygon","coordinates":[[[97.4367,34.9944],[97.4662,34.9924],[97.4868,34.9838],[97.4862,34.967],[97.4721,34.9561],[97.452,34.9653],[97.4459,34.9367],[97.3961,34.909],[97.3838,34.887],[97.3787,34.8728],[97.3667,34.8643],[97.3422,34.8552],[97.3181,34.8352],[97.3043,34.8293],[97.2884,34.8355],[97.2483,34.836],[97.1097,34.9173],[97.0838,34.9261],[97.0694,34.9352],[97.0632,34.9494],[97.0617,34.9726],[97.0564,34.9882],[97.0558,34.9979],[97.0617,35.0068],[97.0744,35.0121],[97.0859,35.0097],[97.0938,35.0009],[97.0959,34.9862],[97.1073,34.9982],[97.1135,35.0165],[97.1229,35.028],[97.163,35.013],[97.2501,35.0135],[97.2631,35.0165],[97.2884,35.03],[97.3007,35.0342],[97.3172,35.0342],[97.3331,35.0306],[97.4132,35.0],[97.4367,34.9944]]]}},{"type":"Feature","properties":{"kind":"lake","name":"拉昂错","scalerank":5,"major":false,"label":false},"geometry":{"type":"Polygon","coordinates":[[[81.3129,30.6743],[81.3221,30.6523],[81.328,30.6417],[81.3159,30.619],[81.2991,30.6081],[81.2773,30.6054],[81.2523,30.6072],[81.2467,30.6057],[81.2414,30.6019],[81.2355,30.5999],[81.2282,30.604],[81.2255,30.6081],[81.2199,30.6187],[81.2182,30.621],[81.2061,30.6205],[81.1949,30.6166],[81.1834,30.6149],[81.1702,30.621],[81.1437,30.629],[81.1328,30.647],[81.1251,30.6658],[81.1087,30.6761],[81.1301,30.6879],[81.1354,30.6893],[81.1454,30.6873],[81.149,30.6829],[81.1516,30.6782],[81.1596,30.6761],[81.1719,30.6817],[81.1802,30.6873],[81.1837,30.6926],[81.1808,30.7035],[81.1784,30.7088],[81.1767,30.7097],[81.179,30.7132],[81.1884,30.7238],[81.1899,30.7241],[81.2037,30.7827],[81.2034,30.8127],[81.1899,30.8468],[81.2017,30.8536],[81.2129,30.8577],[81.224,30.8574],[81.247,30.8439],[81.2732,30.8418],[81.2832,30.8365],[81.2962,30.8215],[81.3009,30.8109],[81.3,30.7991],[81.2917,30.7877],[81.2826,30.7865],[81.2723,30.7882],[81.2597,30.7847],[81.2429,30.7668],[81.2408,30.7459],[81.2488,30.725],[81.2626,30.7064],[81.2735,30.6982],[81.2973,30.6888],[81.3073,30.6826],[81.3129,30.6743]]]}},{"type":"Feature","properties":{"kind":"lake","name":"玛旁雍错","scalerank":5,"major":false,"label":false},"geometry":{"type":"Polygon","coordinates":[[[81.5779,30.7485],[81.6029,30.7226],[81.6035,30.6902],[81.5743,30.6558],[81.5402,30.634],[81.5096,30.6072],[81.4984,30.6013],[81.4513,30.5663],[81.4454,30.5654],[81.4242,30.5663],[81.4304,30.5663],[81.4124,30.5798],[81.3945,30.5845],[81.3774,30.5925],[81.3621,30.6143],[81.3786,30.6414],[81.3692,30.7241],[81.3756,30.7644],[81.4066,30.7885],[81.4504,30.7877],[81.534,30.7644],[81.5779,30.7485]]]}},{"type":"Feature","properties":{"kind":"lake","name":"鄱湖","scalerank":5,"major":false,"label":false},"geometry":{"type":"Polygon","coordinates":[[[116.4441,30.1012],[116.4547,30.1174],[116.4456,30.1242],[116.4256,30.115],[116.3932,30.0935],[116.3932,30.0994],[116.3985,30.1086],[116.3941,30.1133],[116.3841,30.113],[116.3964,30.123],[116.4067,30.1268],[116.4067,30.1345],[116.3944,30.1371],[116.3838,30.1412],[116.3747,30.1471],[116.3658,30.1548],[116.3702,30.1554],[116.3732,30.1571],[116.3758,30.1592],[116.3797,30.1618],[116.3932,30.1548],[116.3847,30.168],[116.3711,30.1754],[116.3549,30.1757],[116.3384,30.1686],[116.3196,30.1774],[116.3175,30.1822],[116.3173,30.1925],[116.3217,30.2145],[116.3161,30.2237],[116.2969,30.2237],[116.3117,30.2354],[116.3258,30.2407],[116.3373,30.2375],[116.3446,30.2237],[116.3514,30.2298],[116.3482,30.2354],[116.3467,30.2396],[116.3446,30.2504],[116.3591,30.2443],[116.3585,30.2552],[116.3605,30.2616],[116.3652,30.2663],[116.3726,30.2713],[116.3691,30.2237],[116.3779,30.2195],[116.3876,30.2122],[116.3973,30.2107],[116.4067,30.2237],[116.4117,30.2104],[116.4132,30.1945],[116.4188,30.1813],[116.4347,30.1754],[116.4329,30.1933],[116.4309,30.2013],[116.4273,30.2095],[116.4362,30.2048],[116.4456,30.2039],[116.4544,30.2039],[116.4612,30.2033],[116.46,30.2054],[116.4644,30.2078],[116.4709,30.2092],[116.4756,30.2095],[116.4765,30.1992],[116.4789,30.1922],[116.4856,30.1889],[116.5039,30.1957],[116.5271,30.2269],[116.5433,30.2366],[116.5427,30.2204],[116.5368,30.183],[116.531,30.1686],[116.5357,30.1654],[116.538,30.1624],[116.5401,30.1589],[116.5433,30.1548],[116.5327,30.1539],[116.5195,30.1501],[116.5083,30.1445],[116.5036,30.1374],[116.5065,30.125],[116.5142,30.1227],[116.5248,30.1239],[116.5371,30.1206],[116.5498,30.1112],[116.5554,30.1024],[116.5513,30.0959],[116.5339,30.0935],[116.5201,30.0897],[116.4959,30.0721],[116.4824,30.0662],[116.483,30.0765],[116.4868,30.0847],[116.4936,30.0906],[116.5036,30.0935],[116.5036,30.0994],[116.4924,30.1003],[116.4815,30.0997],[116.4709,30.0977],[116.4612,30.0935],[116.4441,30.1012]]]}},{"type":"Feature","properties":{"kind":"lake","name":"贝尔湖","scalerank":5,"major":true,"label":true},"geometry":{"type":"Polygon","coordinates":[[[117.5718,47.6565],[117.5807,47.6777],[117.5924,47.6974],[117.5724,47.6974],[117.5548,47.7021],[117.5406,47.7098],[117.5303,47.7183],[117.508,47.7554],[117.5035,47.7595],[117.5124,47.7857],[117.5336,47.8122],[117.6852,47.9547],[117.7064,47.967],[117.7393,47.9773],[117.7735,47.9803],[117.7988,47.9709],[117.8209,47.9235],[117.8318,47.9102],[117.8474,47.9017],[117.8615,47.8973],[117.873,47.889],[117.8815,47.8693],[117.8821,47.834],[117.8688,47.8096],[117.8026,47.7474],[117.7296,47.7139],[117.6987,47.6942],[117.6734,47.6771],[117.6401,47.6627],[117.6048,47.6547],[117.5718,47.6565]]]}},{"type":"Feature","properties":{"kind":"lake","name":"昂拉仁错","scalerank":5,"major":false,"label":false},"geometry":{"type":"Polygon","coordinates":[[[83.3482,31.4361],[83.3164,31.4438],[83.2858,31.4562],[83.2602,31.4715],[83.256,31.4629],[83.2531,31.4591],[83.249,31.4594],[83.2401,31.4638],[83.2301,31.4615],[83.2101,31.4594],[83.1901,31.4597],[83.1783,31.4638],[83.1442,31.4497],[83.1336,31.462],[83.0974,31.4909],[83.0894,31.5015],[83.0809,31.5189],[83.0618,31.5309],[83.0429,31.5365],[83.0341,31.5353],[83.0279,31.5186],[83.0132,31.518],[82.9952,31.5236],[82.9796,31.5253],[82.9705,31.5192],[82.9587,31.5015],[82.9484,31.498],[82.9396,31.4997],[82.9108,31.5124],[82.8919,31.5141],[82.8781,31.5236],[82.866,31.5339],[82.8327,31.5454],[82.8221,31.5595],[82.8233,31.5736],[82.8386,31.5798],[82.9396,31.5813],[82.9573,31.5792],[82.9723,31.573],[82.9679,31.5813],[82.9652,31.5851],[82.962,31.5869],[82.954,31.588],[82.9528,31.591],[82.954,31.5954],[82.9517,31.6004],[82.9493,31.6039],[82.9458,31.6131],[82.9417,31.6178],[82.9237,31.6195],[82.9175,31.621],[82.9284,31.6348],[82.9417,31.6419],[82.9581,31.6434],[82.9796,31.6413],[82.9991,31.6342],[83.0188,31.6237],[83.0347,31.6198],[83.0412,31.6319],[83.0506,31.644],[83.0727,31.6546],[83.098,31.6596],[83.1159,31.6557],[83.125,31.6422],[83.1203,31.6319],[83.1103,31.6234],[83.1024,31.6148],[83.0921,31.6101],[83.0891,31.6057],[83.0956,31.6004],[83.1009,31.6007],[83.1083,31.6039],[83.1197,31.6113],[83.1306,31.6151],[83.1356,31.606],[83.138,31.5933],[83.1406,31.5869],[83.1913,31.578],[83.2013,31.5736],[83.2095,31.568],[83.2128,31.563],[83.2169,31.5533],[83.226,31.5495],[83.2472,31.5459],[83.2616,31.5371],[83.3058,31.503],[83.324,31.4747],[83.3641,31.4514],[83.3767,31.4364],[83.3482,31.4361]]]}},{"type":"Feature","properties":{"kind":"lake","name":"当惹雍错","scalerank":5,"major":false,"label":false},"geometry":{"type":"Polygon","coordinates":[[[86.769,31.2236],[86.779,31.1809],[86.7961,31.1418],[86.774,31.1229],[86.7487,31.1194],[86.6869,31.1212],[86.6592,31.1135],[86.6348,31.0994],[86.6141,31.0788],[86.5974,31.0523],[86.6091,31.0264],[86.6068,31.002],[86.5962,30.9805],[86.5838,30.9637],[86.5673,30.9463],[86.5597,30.9363],[86.552,30.9136],[86.5297,30.8942],[86.5217,30.8816],[86.5208,30.8695],[86.5273,30.8498],[86.5294,30.8365],[86.525,30.8242],[86.5149,30.8136],[86.4734,30.7809],[86.4511,30.7691],[86.4299,30.7706],[86.4125,30.7847],[86.4081,30.8006],[86.3748,30.8642],[86.376,30.8713],[86.3898,30.8742],[86.4063,30.8757],[86.416,30.878],[86.4216,30.8851],[86.4266,30.893],[86.4331,30.9089],[86.4422,30.9501],[86.4467,30.9875],[86.454,30.9999],[86.5014,31.0388],[86.5138,31.0541],[86.5191,31.0597],[86.5294,31.0661],[86.5529,31.0753],[86.5656,31.082],[86.5709,31.09],[86.575,31.1126],[86.605,31.1697],[86.615,31.2112],[86.6206,31.2657],[86.6297,31.2845],[86.6315,31.2957],[86.6303,31.3072],[86.6256,31.3281],[86.6256,31.3399],[86.6477,31.3687],[86.6898,31.3684],[86.7342,31.3469],[86.7619,31.3131],[86.7663,31.2919],[86.769,31.2236]]]}},{"type":"Feature","properties":{"kind":"lake","name":"庫倫達湖","scalerank":5,"major":false,"label":false},"geometry":{"type":"Polygon","coordinates":[[[79.7881,53.0095],[79.7984,53.0057],[79.8202,53.0013],[79.8087,52.9724],[79.7808,52.9715],[79.7455,52.9751],[79.7104,52.96],[79.7201,52.9442],[79.7166,52.9238],[79.7037,52.8888],[79.7125,52.8608],[79.7301,52.8544],[79.7434,52.8644],[79.7384,52.885],[79.7631,52.8785],[79.7646,52.857],[79.7522,52.8344],[79.7346,52.8235],[79.5944,52.8305],[79.5459,52.8426],[79.4891,52.8644],[79.4367,52.8941],[79.4013,52.9306],[79.3893,52.948],[79.3799,52.9674],[79.3772,52.9871],[79.3893,53.0145],[79.3957,53.0534],[79.4005,53.0604],[79.4876,53.1237],[79.542,53.1311],[79.6627,53.1049],[79.6513,53.1258],[79.6277,53.1334],[79.5738,53.1384],[79.5968,53.147],[79.6189,53.1458],[79.666,53.1384],[79.6863,53.1299],[79.714,53.0922],[79.7346,53.0837],[79.7616,53.0816],[79.7728,53.0748],[79.7743,53.0622],[79.7725,53.0428],[79.7696,53.0328],[79.7661,53.0289],[79.7672,53.0251],[79.7784,53.0154],[79.7881,53.0095]]]}},{"type":"Feature","properties":{"kind":"lake","name":"谢列特田吉兹湖","scalerank":5,"major":false,"label":false},"geometry":{"type":"Polygon","coordinates":[[[73.426,53.0769],[73.4325,53.0681],[73.4128,53.0563],[73.3763,53.0557],[73.3495,53.0757],[73.3274,53.1022],[73.2971,53.1281],[73.2927,53.1352],[73.2921,53.1431],[73.2968,53.152],[73.1697,53.2273],[73.1131,53.2473],[73.0908,53.2618],[73.0825,53.2733],[73.0663,53.3074],[73.0599,53.3362],[73.0507,53.3398],[73.0395,53.3362],[73.0292,53.3301],[72.9845,53.293],[72.9789,53.2833],[72.9768,53.2718],[72.9748,53.242],[72.9642,53.2512],[72.9527,53.2588],[72.9418,53.2591],[72.9336,53.2482],[72.9221,53.2541],[72.9147,53.2632],[72.9115,53.275],[72.9127,53.2891],[72.9315,53.2862],[72.9515,53.2994],[72.9883,53.3377],[72.9939,53.3345],[73.0089,53.3301],[73.006,53.3371],[73.0013,53.343],[72.9957,53.3477],[72.9883,53.3518],[72.978,53.3465],[72.9639,53.3439],[72.9536,53.3465],[72.9536,53.358],[72.9636,53.3627],[72.9798,53.3627],[72.9948,53.3642],[73.0013,53.3751],[73.0142,53.3889],[73.0443,53.396],[73.2644,53.4022],[73.3171,53.3928],[73.4054,53.3669],[73.4358,53.341],[73.4402,53.2965],[73.434,53.2812],[73.4166,53.2512],[73.4128,53.2385],[73.4075,53.174],[73.4128,53.152],[73.4305,53.1234],[73.4334,53.1111],[73.4225,53.1169],[73.4122,53.1181],[73.4022,53.1158],[73.3925,53.1111],[73.3813,53.1037],[73.3795,53.0996],[73.3925,53.091],[73.426,53.0769]]]}},{"type":"Feature","properties":{"kind":"lake","name":"羊卓雍错","scalerank":5,"major":true,"label":true},"geometry":{"type":"Polygon","coordinates":[[[91.0175,28.8708],[91.0022,28.8761],[90.9151,28.9396],[90.9054,28.9349],[90.8992,28.9358],[90.8951,28.942],[90.8939,28.9529],[90.8871,28.9529],[90.8845,28.9379],[90.8777,28.9273],[90.8671,28.919],[90.853,28.9117],[90.8512,28.9193],[90.8512,28.9258],[90.8539,28.932],[90.8598,28.9396],[90.8447,28.9399],[90.8336,28.9367],[90.8115,28.9261],[90.8106,28.9338],[90.8065,28.9458],[90.8053,28.9529],[90.7941,28.9379],[90.7753,28.9252],[90.7576,28.9226],[90.75,28.9364],[90.752,28.9405],[90.7567,28.9443],[90.7614,28.9488],[90.7635,28.9564],[90.7594,28.9632],[90.7494,28.9679],[90.7294,28.9744],[90.7258,28.9611],[90.7226,28.9529],[90.7644,28.897],[90.7662,28.8722],[90.7294,28.8572],[90.7352,28.8681],[90.7338,28.8743],[90.7285,28.8787],[90.7226,28.8852],[90.7196,28.8864],[90.702,28.9031],[90.7023,28.9058],[90.6893,28.9093],[90.6723,28.9102],[90.6566,28.9058],[90.6475,28.892],[90.6823,28.8884],[90.6802,28.8787],[90.6043,28.8216],[90.5992,28.8128],[90.5978,28.7966],[90.5931,28.7857],[90.5828,28.7807],[90.5657,28.7822],[90.5657,28.7883],[90.5536,28.7854],[90.5239,28.7863],[90.5177,28.7851],[90.5148,28.7819],[90.5074,28.7822],[90.4998,28.7857],[90.4968,28.7922],[90.4986,28.7986],[90.5024,28.8063],[90.5051,28.8145],[90.5036,28.8231],[90.4912,28.8334],[90.4562,28.846],[90.4488,28.854],[90.4447,28.8681],[90.4376,28.8825],[90.4373,28.8937],[90.4524,28.8981],[90.4591,28.8961],[90.4718,28.8872],[90.48,28.8852],[90.4903,28.8843],[90.493,28.8817],[90.4933,28.8772],[90.4968,28.8708],[90.4956,28.8675],[90.4918,28.8622],[90.4903,28.8563],[90.4968,28.851],[90.5042,28.8504],[90.5109,28.8543],[90.5159,28.8605],[90.5177,28.8678],[90.5201,28.8713],[90.5248,28.8711],[90.5292,28.8678],[90.5315,28.861],[90.5304,28.8534],[90.5242,28.8366],[90.523,28.8234],[90.5248,28.8131],[90.533,28.8078],[90.5519,28.8095],[90.5471,28.8192],[90.5445,28.8231],[90.5498,28.826],[90.5598,28.834],[90.5657,28.8366],[90.5536,28.8454],[90.5586,28.8761],[90.5519,28.892],[90.5633,28.8905],[90.573,28.892],[90.5807,28.897],[90.5863,28.9058],[90.5866,28.9078],[90.6307,28.9152],[90.6413,28.9196],[90.6402,28.9261],[90.6293,28.9305],[90.6066,28.9343],[90.5992,28.9396],[90.596,28.9505],[90.6004,28.9591],[90.6098,28.965],[90.6234,28.967],[90.6487,28.9658],[90.6617,28.9664],[90.6711,28.9708],[90.6837,28.9791],[90.6911,28.9791],[90.6946,28.982],[90.6952,28.9982],[90.6905,29.0221],[90.6784,29.0412],[90.6475,29.0762],[90.6658,29.0868],[90.6655,29.113],[90.6566,29.1398],[90.6508,29.1522],[90.6378,29.1551],[90.6287,29.1692],[90.6037,29.1745],[90.5836,29.1837],[90.5725,29.1863],[90.5457,29.1819],[90.5024,29.1578],[90.4606,29.146],[90.4359,29.131],[90.3944,29.0974],[90.3997,29.0865],[90.3967,29.0789],[90.3905,29.0777],[90.3873,29.0868],[90.3814,29.0998],[90.3693,29.1057],[90.3611,29.1115],[90.3664,29.1248],[90.3805,29.1118],[90.4008,29.1254],[90.4235,29.1475],[90.4456,29.1589],[90.4738,29.1651],[90.5209,29.1934],[90.5483,29.1999],[90.6066,29.1946],[90.6611,29.1793],[90.6758,29.1713],[90.6884,29.1625],[90.702,29.1551],[90.7341,29.1489],[90.7411,29.1422],[90.7382,29.1348],[90.7226,29.131],[90.7317,29.116],[90.737,29.111],[90.7294,29.1036],[90.7226,29.1077],[90.7158,29.111],[90.7199,29.0568],[90.7261,29.0488],[90.7308,29.0459],[90.7364,29.0388],[90.7438,29.0318],[90.7538,29.0285],[90.7632,29.0297],[90.7812,29.0341],[90.7915,29.0353],[90.7847,29.0232],[90.7738,29.0165],[90.7594,29.0141],[90.7432,29.0156],[90.7591,28.9997],[90.7823,28.9861],[90.8324,28.967],[90.8324,28.9744],[90.8183,28.9809],[90.8233,28.9926],[90.8462,29.0156],[90.8394,29.0156],[90.8447,29.0244],[90.8462,29.0285],[90.8618,29.0191],[90.8742,29.02],[90.8854,29.0253],[90.898,29.0285],[90.9328,29.0282],[90.9454,29.0244],[90.9419,29.0156],[90.9537,29.0018],[90.9634,28.9938],[91.0134,28.9676],[91.0228,28.9573],[91.0175,28.9467],[91.0049,28.9446],[90.9913,28.9505],[90.979,28.9576],[90.9699,28.9602],[90.9531,28.9532],[90.9519,28.9443],[90.9595,28.9346],[90.9699,28.9261],[91.0243,28.892],[91.042,28.8746],[91.0175,28.8708]]]}},{"type":"Feature","properties":{"kind":"lake","name":"石臼湖","scalerank":5,"major":false,"label":false},"geometry":{"type":"Polygon","coordinates":[[[118.8229,31.402],[118.7717,31.4715],[118.7643,31.4844],[118.7914,31.4291],[118.7949,31.4008],[118.784,31.3893],[118.7734,31.3929],[118.7778,31.4088],[118.7584,31.4238],[118.7511,31.4344],[118.7505,31.4435],[118.7466,31.4562],[118.7381,31.4729],[118.7322,31.4885],[118.736,31.498],[118.736,31.5047],[118.7572,31.5047],[118.7419,31.5177],[118.7243,31.5277],[118.706,31.5348],[118.6884,31.5389],[118.7225,31.5595],[118.7337,31.5562],[118.7502,31.5421],[118.7858,31.5327],[118.7946,31.5315],[118.802,31.5321],[118.8064,31.5342],[118.8158,31.5424],[118.8229,31.5459],[118.8291,31.5442],[118.8344,31.5403],[118.84,31.5389],[118.9032,31.5477],[118.9392,31.5657],[118.9518,31.5524],[118.9633,31.5124],[118.9665,31.5068],[118.9715,31.5012],[118.9754,31.4941],[118.9765,31.4844],[118.973,31.4735],[118.9659,31.4597],[118.9565,31.4482],[118.9459,31.4435],[118.913,31.4429],[118.908,31.44],[118.9062,31.4364],[118.8944,31.4023],[118.8576,31.3817],[118.8229,31.402]]]}},{"type":"Feature","properties":{"kind":"lake","name":"洪湖","scalerank":5,"major":true,"label":true},"geometry":{"type":"Polygon","coordinates":[[[113.4363,29.949],[113.4534,29.9561],[113.4663,29.9314],[113.4619,29.8999],[113.4457,29.8722],[113.4228,29.8607],[113.4157,29.8595],[113.4095,29.8545],[113.3904,29.8513],[113.3883,29.8463],[113.3907,29.8398],[113.3945,29.8151],[113.3922,29.8033],[113.3686,29.7915],[113.3562,29.7633],[113.3474,29.7571],[113.3395,29.7539],[113.3274,29.7397],[113.32,29.7365],[113.2794,29.7606],[113.2738,29.7674],[113.2753,29.7883],[113.27,29.7998],[113.2462,29.8107],[113.2411,29.826],[113.2311,29.8398],[113.2217,29.8613],[113.2182,29.886],[113.227,29.9078],[113.2456,29.9166],[113.2712,29.9163],[113.2953,29.9066],[113.3094,29.8875],[113.2959,29.8875],[113.3056,29.8745],[113.3353,29.8613],[113.3436,29.8463],[113.3512,29.8463],[113.3571,29.8669],[113.3424,29.8701],[113.3377,29.8807],[113.3409,29.8946],[113.3512,29.9078],[113.3456,29.9252],[113.3533,29.9431],[113.368,29.9573],[113.3816,29.9631],[113.4022,29.9593],[113.4195,29.9523],[113.4363,29.949]]]}},{"type":"Feature","properties":{"kind":"lake","name":"巢湖","scalerank":5,"major":true,"label":true},"geometry":{"type":"Polygon","coordinates":[[[117.9363,31.5483],[117.9527,31.5268],[117.9554,31.498],[117.9324,31.515],[117.9257,31.5242],[117.9286,31.5315],[117.9286,31.5389],[117.9115,31.5486],[117.8753,31.5636],[117.8462,31.5833],[117.835,31.588],[117.8209,31.5889],[117.7985,31.5869],[117.7785,31.5913],[117.7682,31.5913],[117.7499,31.5595],[117.7343,31.5451],[117.7005,31.5224],[117.6852,31.5086],[117.661,31.4759],[117.6475,31.4623],[117.6251,31.4553],[117.6175,31.4464],[117.6127,31.4435],[117.6063,31.4423],[117.596,31.4435],[117.5624,31.4435],[117.558,31.44],[117.548,31.4385],[117.5,31.4529],[117.4715,31.47],[117.4556,31.4762],[117.442,31.4841],[117.4341,31.498],[117.4164,31.5174],[117.3837,31.543],[117.3764,31.5459],[117.3596,31.5483],[117.3384,31.5548],[117.3178,31.5636],[117.3043,31.573],[117.2881,31.6116],[117.2889,31.661],[117.3063,31.7043],[117.339,31.724],[117.3605,31.7205],[117.3961,31.7011],[117.4382,31.6902],[117.4394,31.674],[117.4323,31.654],[117.4276,31.6351],[117.435,31.6116],[117.452,31.5969],[117.4747,31.5889],[117.5459,31.5801],[117.5633,31.5833],[117.5854,31.6004],[117.6228,31.6428],[117.6454,31.6575],[117.6781,31.6631],[117.7067,31.6599],[117.8462,31.6078],[117.8571,31.5986],[117.8806,31.5718],[117.8903,31.5663],[117.9133,31.5615],[117.9363,31.5483]]]}},{"type":"Feature","properties":{"kind":"lake","name":"微山湖","scalerank":5,"major":true,"label":true},"geometry":{"type":"Polygon","coordinates":[[[117.3275,34.6273],[117.339,34.6123],[117.3428,34.5914],[117.3405,34.58],[117.3184,34.5699],[117.3063,34.5591],[117.2619,34.5055],[117.2601,34.4996],[117.2445,34.4969],[117.2292,34.4902],[117.2018,34.4725],[117.1965,34.4863],[117.2015,34.5128],[117.195,34.5276],[117.1803,34.524],[117.1691,34.5361],[117.1291,34.6374],[117.1262,34.66],[117.1341,34.7027],[117.1341,34.7236],[117.1229,34.7324],[117.1179,34.738],[117.1247,34.7489],[117.135,34.756],[117.1403,34.7498],[117.1424,34.7404],[117.1477,34.7345],[117.1562,34.7321],[117.1603,34.7324],[117.1853,34.7183],[117.2342,34.6986],[117.2566,34.6845],[117.3275,34.6273]]]}},{"type":"Feature","properties":{"kind":"lake","name":"黄塘湖","scalerank":5,"major":false,"label":false},"geometry":{"type":"Polygon","coordinates":[[[114.2941,30.0338],[114.3053,30.0364],[114.31,30.0382],[114.3097,30.0247],[114.3065,30.0123],[114.302,30.0041],[114.2964,30.0041],[114.2888,29.9893],[114.2755,29.9837],[114.2417,29.9835],[114.2464,29.9755],[114.2449,29.9684],[114.2382,29.9655],[114.2276,29.9699],[114.2014,29.952],[114.2181,29.9405],[114.2517,29.9314],[114.2758,29.9219],[114.2658,29.9046],[114.2564,29.894],[114.2429,29.8904],[114.2208,29.894],[114.1996,29.9007],[114.1796,29.9096],[114.1628,29.921],[114.1519,29.9352],[114.1587,29.929],[114.1472,29.9531],[114.1401,29.9805],[114.1372,30.0082],[114.1381,30.032],[114.1398,30.0314],[114.144,30.0344],[114.1487,30.0394],[114.1519,30.045],[114.1516,30.0494],[114.1472,30.0594],[114.1457,30.0662],[114.1454,30.093],[114.1475,30.1047],[114.1519,30.1139],[114.1587,30.0994],[114.1778,30.1227],[114.2017,30.1448],[114.2296,30.1545],[114.2617,30.1406],[114.2499,30.1265],[114.2346,30.1162],[114.224,30.1027],[114.2276,30.0797],[114.2432,30.0753],[114.2488,30.0523],[114.2508,30.0347],[114.2555,30.045],[114.2564,30.0394],[114.2617,30.0244],[114.2708,30.0306],[114.2782,30.0385],[114.2841,30.0479],[114.2897,30.0588],[114.2935,30.0503],[114.295,30.0453],[114.2941,30.0406],[114.2897,30.032],[114.2941,30.0338]]]}},{"type":"Feature","properties":{"kind":"lake","name":"可可西里湖","scalerank":5,"major":false,"label":false},"geometry":{"type":"Polygon","coordinates":[[[91.2831,35.6302],[91.2978,35.609],[91.339,35.5799],[91.3066,35.5684],[91.2886,35.5652],[91.2707,35.5655],[91.299,35.5387],[91.3001,35.5287],[91.2745,35.5246],[91.233,35.5266],[91.2189,35.5307],[91.2024,35.539],[91.16,35.5514],[91.0723,35.5575],[91.0379,35.5731],[91.0193,35.5893],[91.0037,35.5999],[90.9855,35.6055],[90.9598,35.6073],[90.9419,35.6146],[90.9322,35.6314],[90.9354,35.6479],[90.9566,35.655],[90.9678,35.6532],[90.9969,35.642],[90.9981,35.64],[91.0016,35.635],[91.0066,35.6302],[91.0119,35.6282],[91.0161,35.6317],[91.0184,35.6385],[91.0211,35.6455],[91.0281,35.6488],[91.0944,35.6467],[91.1135,35.642],[91.1391,35.6288],[91.1497,35.6267],[91.223,35.6347],[91.2186,35.6414],[91.2171,35.647],[91.2189,35.6535],[91.223,35.6623],[91.2413,35.6482],[91.2627,35.6403],[91.2831,35.6302]]]}},{"type":"Feature","properties":{"kind":"lake","name":"琵琶湖","scalerank":6,"major":false,"label":false},"geometry":{"type":"Polygon","coordinates":[[[136.221,35.385],[136.2489,35.3768],[136.2787,35.3647],[136.2766,35.3368],[136.2528,35.2841],[136.2398,35.2708],[136.1633,35.2258],[136.105,35.2055],[136.0779,35.1905],[136.0603,35.1646],[136.0785,35.1587],[136.0738,35.1493],[136.0564,35.1404],[136.0364,35.1366],[136.0185,35.1354],[135.9999,35.1319],[135.9831,35.1254],[135.9708,35.116],[135.9646,35.1233],[135.9572,35.1036],[135.9531,35.0783],[135.9452,35.0568],[135.9266,35.0477],[135.9193,35.0389],[135.9193,34.9953],[135.9095,34.9788],[135.8984,34.98],[135.8848,34.9903],[135.8733,35.0059],[135.8683,35.0236],[135.8736,35.0389],[135.9216,35.1051],[135.9281,35.1192],[135.9322,35.1713],[135.9369,35.1863],[135.9572,35.219],[136.0164,35.2667],[136.0261,35.2773],[136.0341,35.2923],[136.0679,35.3076],[136.0744,35.3215],[136.0429,35.3865],[136.0432,35.3977],[136.0514,35.4109],[136.0585,35.4366],[136.0709,35.4542],[136.095,35.4442],[136.1135,35.4766],[136.1224,35.4866],[136.1265,35.4716],[136.1283,35.4557],[136.1347,35.4433],[136.1527,35.438],[136.1574,35.4454],[136.1603,35.4625],[136.1633,35.4995],[136.1777,35.4951],[136.1898,35.4869],[136.1968,35.4748],[136.1974,35.4586],[136.1974,35.466],[136.1989,35.4351],[136.2054,35.4062],[136.221,35.385]]]}},{"type":"Feature","properties":{"kind":"lake","name":"烏雷格湖","scalerank":6,"major":false,"label":false},"geometry":{"type":"Polygon","coordinates":[[[90.946,50.0879],[90.9095,50.1121],[90.8689,50.123],[90.8742,50.1359],[90.9048,50.1615],[90.9292,50.1924],[90.9331,50.2036],[90.9339,50.2142],[90.9395,50.2207],[90.9566,50.2198],[90.9754,50.2142],[91.0517,50.2198],[91.0702,50.2163],[91.0897,50.2098],[91.1076,50.2019],[91.1206,50.1924],[91.1288,50.1804],[91.1368,50.163],[91.1415,50.143],[91.1409,50.1236],[91.1306,50.1032],[91.1129,50.0932],[91.0905,50.0897],[91.0658,50.0894],[90.9663,50.0826],[90.946,50.0879]]]}},{"type":"Feature","properties":{"kind":"lake","name":"班公错","scalerank":6,"major":false,"label":false},"geometry":{"type":"Polygon","coordinates":[[[78.9624,33.7401],[78.9804,33.7357],[78.9848,33.721],[78.9704,33.7116],[78.9483,33.7066],[78.9289,33.7045],[78.8618,33.6895],[78.8238,33.6989],[78.8,33.6901],[78.7764,33.6771],[78.7582,33.6698],[78.7275,33.678],[78.6916,33.7036],[78.6563,33.7384],[78.628,33.7734],[78.6054,33.809],[78.591,33.827],[78.5765,33.8349],[78.5636,33.8399],[78.4865,33.8932],[78.4567,33.9209],[78.4355,33.9515],[78.4355,33.9789],[78.4479,33.9677],[78.4567,33.9689],[78.4647,33.975],[78.4735,33.9789],[78.4882,33.9792],[78.4973,33.9777],[78.5018,33.9736],[78.5026,33.9553],[78.505,33.9491],[78.5112,33.9379],[78.5453,33.8964],[78.5518,33.9079],[78.5595,33.9059],[78.5765,33.8864],[78.5892,33.8791],[78.6013,33.8749],[78.6107,33.8699],[78.6183,33.8461],[78.6375,33.832],[78.6416,33.8243],[78.6796,33.7831],[78.729,33.7445],[78.759,33.7289],[78.7855,33.7251],[78.7926,33.7289],[78.8053,33.7425],[78.8135,33.746],[78.8209,33.7448],[78.8335,33.7357],[78.8403,33.7325],[78.8559,33.7304],[78.8682,33.7319],[78.88,33.7372],[78.8956,33.746],[78.9133,33.7342],[78.9624,33.7401]]]}},{"type":"Feature","properties":{"kind":"lake","name":"洞庭湖","scalerank":7,"major":true,"label":true},"geometry":{"type":"Polygon","coordinates":[[[112.8773,28.9979],[112.8853,29.0162],[112.9047,29.0315],[112.9038,29.0135],[112.8832,28.9879],[112.8782,28.9661],[112.8573,28.9158],[112.8594,28.9043],[112.8632,28.892],[112.8644,28.8805],[112.8588,28.8602],[112.847,28.8425],[112.8311,28.8301],[112.804,28.8231],[112.7925,28.8187],[112.7814,28.8172],[112.7713,28.8219],[112.7663,28.8328],[112.769,28.8419],[112.7758,28.849],[112.7819,28.8534],[112.8017,28.8593],[112.8243,28.861],[112.8426,28.8666],[112.8502,28.8837],[112.8423,28.9087],[112.8232,28.9093],[112.7819,28.8867],[112.7113,28.8672],[112.7007,28.8563],[112.6969,28.8481],[112.688,28.8478],[112.6692,28.8534],[112.6598,28.8481],[112.658,28.8363],[112.6595,28.8225],[112.6583,28.8116],[112.6507,28.8045],[112.6192,28.7813],[112.6106,28.7769],[112.6053,28.7807],[112.6033,28.786],[112.6038,28.8013],[112.6003,28.8101],[112.5933,28.8116],[112.5859,28.8116],[112.5827,28.8151],[112.5756,28.8384],[112.5582,28.8207],[112.5367,28.793],[112.5173,28.7875],[112.5044,28.7916],[112.4734,28.7813],[112.4561,28.7875],[112.4113,28.8254],[112.3807,28.8637],[112.3601,28.8814],[112.3369,28.8867],[112.3422,28.8675],[112.3383,28.8322],[112.343,28.8116],[112.3316,28.8157],[112.326,28.8254],[112.3233,28.8351],[112.3195,28.8396],[112.3124,28.836],[112.3077,28.8281],[112.3027,28.8116],[112.3242,28.7839],[112.3292,28.7707],[112.3224,28.7707],[112.3127,28.786],[112.3027,28.7981],[112.2968,28.7895],[112.2951,28.7807],[112.2968,28.7721],[112.3027,28.7639],[112.2909,28.7698],[112.2803,28.7736],[112.2724,28.771],[112.268,28.7565],[112.2612,28.7565],[112.2633,28.7733],[112.2727,28.7851],[112.2836,28.7954],[112.2883,28.8084],[112.2883,28.816],[112.2874,28.8245],[112.2833,28.8257],[112.2748,28.8116],[112.268,28.8116],[112.2665,28.8154],[112.2612,28.8254],[112.2486,28.8078],[112.2406,28.7907],[112.2332,28.7907],[112.2303,28.8045],[112.2335,28.8178],[112.2406,28.8322],[112.2274,28.8401],[112.2141,28.8351],[112.202,28.8234],[112.1929,28.8116],[112.1888,28.8242],[112.1853,28.8534],[112.1864,28.8584],[112.1932,28.8613],[112.1929,28.8663],[112.1894,28.8719],[112.1859,28.8728],[112.1811,28.8731],[112.1755,28.8772],[112.1676,28.8849],[112.1591,28.8902],[112.1494,28.8931],[112.1237,28.8967],[112.0893,28.9146],[112.0019,28.9314],[111.9624,28.9508],[111.9663,28.9829],[111.9783,28.9879],[111.9969,28.9838],[112.0136,28.9753],[112.0295,28.9544],[112.0496,28.9499],[112.0893,28.9488],[112.1423,28.9346],[112.1514,28.9382],[112.1576,28.9561],[112.172,28.9635],[112.1879,28.9676],[112.1991,28.9761],[112.2012,29.007],[112.1938,29.0427],[112.1944,29.0724],[112.2203,29.0859],[112.2527,29.0768],[112.2639,29.0521],[112.2683,29.0241],[112.2815,29.0041],[112.2697,28.9735],[112.268,28.9632],[112.268,28.9517],[112.283,28.8658],[112.2942,28.8602],[112.3166,28.8737],[112.3166,28.8805],[112.3039,28.8896],[112.3074,28.9087],[112.3192,28.9246],[112.3333,28.9249],[112.3519,28.9134],[112.3943,28.8958],[112.4113,28.8805],[112.414,28.8731],[112.4152,28.8546],[112.4181,28.8457],[112.4255,28.8357],[112.429,28.8346],[112.4331,28.8375],[112.4664,28.8449],[112.4767,28.8457],[112.4793,28.8499],[112.4737,28.8708],[112.4729,28.8805],[112.4835,28.8964],[112.5032,28.907],[112.5258,28.9129],[112.5865,28.9146],[112.5971,28.9111],[112.613,28.8931],[112.6242,28.8867],[112.6345,28.8867],[112.6545,28.8931],[112.6657,28.8943],[112.676,28.8917],[112.6913,28.8825],[112.7033,28.8805],[112.7251,28.8828],[112.7457,28.8893],[112.7819,28.9078],[112.8161,28.9352],[112.8473,28.9479],[112.8576,28.9558],[112.8714,28.9773],[112.8773,28.9979]]]}},{"type":"Feature","properties":{"kind":"lake","name":"艾比湖","scalerank":9,"major":true,"label":true},"geometry":{"type":"Polygon","coordinates":[[[83.1215,44.9077],[83.1539,44.8783],[83.1645,44.8403],[83.1486,44.8023],[83.115,44.7723],[83.0721,44.7544],[83.0273,44.7517],[83.0064,44.7576],[82.9735,44.7747],[82.9552,44.7782],[82.9328,44.7856],[82.8904,44.8206],[82.8695,44.8335],[82.7665,44.8435],[82.7553,44.8536],[82.7018,44.8753],[82.6847,44.888],[82.7079,44.9089],[82.7571,44.9374],[82.7774,44.953],[82.7883,44.9669],[82.7945,44.9775],[82.803,44.9854],[82.8213,44.991],[82.8348,44.9928],[82.8769,44.9913],[82.8951,44.986],[82.9729,44.9737],[83.0412,44.9433],[83.08,44.9292],[83.1215,44.9077]]]}},{"type":"Feature","properties":{"kind":"lake","name":"松花湖","scalerank":9,"major":true,"label":true},"geometry":{"type":"Polygon","coordinates":[[[126.9391,43.6169],[126.9694,43.6261],[126.9871,43.6275],[126.9529,43.5984],[126.9335,43.5875],[126.9114,43.5866],[126.9208,43.5681],[126.925,43.5451],[126.9205,43.5239],[126.9049,43.5107],[126.8996,43.5407],[126.8982,43.5728],[126.8926,43.5651],[126.889,43.5625],[126.8773,43.5586],[126.8938,43.6034],[126.8982,43.6063],[126.8926,43.6178],[126.8837,43.6208],[126.8573,43.6137],[126.8587,43.634],[126.8408,43.6411],[126.821,43.6328],[126.8163,43.6063],[126.8001,43.6102],[126.7828,43.6102],[126.7701,43.6152],[126.7678,43.6337],[126.736,43.6096],[126.718,43.6004],[126.7071,43.6063],[126.7113,43.6187],[126.7436,43.6434],[126.7554,43.6549],[126.7422,43.6614],[126.746,43.6679],[126.7545,43.6761],[126.7554,43.689],[126.7489,43.6967],[126.7383,43.7038],[126.7257,43.7067],[126.7133,43.7032],[126.708,43.6946],[126.7151,43.6737],[126.7133,43.6611],[126.7015,43.6455],[126.6951,43.6525],[126.6892,43.6785],[126.6824,43.684],[126.6789,43.6855],[126.678,43.6879],[126.6792,43.6964],[126.6789,43.7085],[126.6792,43.7141],[126.6824,43.7161],[126.7269,43.7235],[126.7374,43.72],[126.7572,43.7176],[126.8016,43.7517],[126.8231,43.7512],[126.8278,43.7576],[126.8337,43.7612],[126.8511,43.7647],[126.8481,43.7556],[126.844,43.7482],[126.8387,43.7429],[126.8422,43.7453],[126.799,43.7129],[126.7843,43.6943],[126.7854,43.6785],[126.796,43.6702],[126.8075,43.6661],[126.8431,43.6605],[126.8634,43.6611],[126.8702,43.6587],[126.8837,43.6508],[126.8908,43.6481],[126.8899,43.6646],[126.8964,43.6734],[126.9091,43.6764],[126.9255,43.6746],[126.9223,43.6605],[126.9297,43.6514],[126.9432,43.647],[126.9597,43.6481],[126.9597,43.6411],[126.9488,43.639],[126.9406,43.6337],[126.9255,43.6208],[126.9391,43.6169]]]}},{"type":"Feature","properties":{"kind":"lake","name":"普莫雍错","scalerank":5,"major":false,"label":false},"geometry":{"type":"Polygon","coordinates":[[[90.2657,28.6247],[90.3302,28.6208],[90.3482,28.6253],[90.3582,28.6258],[90.3664,28.6232],[90.3732,28.6188],[90.3797,28.6158],[90.3858,28.6158],[90.397,28.6264],[90.405,28.6282],[90.4371,28.6258],[90.4577,28.6197],[90.4998,28.5932],[90.5145,28.5782],[90.5192,28.5761],[90.5233,28.5749],[90.5274,28.5723],[90.5307,28.5684],[90.5324,28.5643],[90.5342,28.5311],[90.5321,28.5272],[90.5292,28.524],[90.5245,28.5222],[90.5101,28.5237],[90.4724,28.5193],[90.4653,28.5205],[90.4597,28.5234],[90.4515,28.5317],[90.4462,28.5322],[90.4406,28.5305],[90.4268,28.5175],[90.4212,28.5146],[90.415,28.5134],[90.4064,28.5146],[90.3967,28.5172],[90.39,28.5211],[90.3894,28.5243],[90.3932,28.5278],[90.3961,28.5319],[90.3961,28.5352],[90.392,28.5358],[90.3861,28.5352],[90.3817,28.5355],[90.3779,28.5375],[90.3726,28.5449],[90.3699,28.5464],[90.3664,28.5458],[90.3546,28.5369],[90.3523,28.5381],[90.3505,28.5443],[90.347,28.5511],[90.3417,28.5534],[90.3352,28.5514],[90.3234,28.5381],[90.3172,28.5337],[90.3117,28.5325],[90.3019,28.5384],[90.2872,28.5417],[90.2825,28.5434],[90.2763,28.549],[90.2737,28.5523],[90.2728,28.5552],[90.2725,28.5573],[90.2716,28.5587],[90.2587,28.5682],[90.2543,28.5726],[90.2437,28.5893],[90.2407,28.5911],[90.2366,28.5923],[90.2334,28.5941],[90.2331,28.5973],[90.241,28.6205],[90.249,28.6253],[90.2657,28.6247]]]}},{"type":"Feature","properties":{"kind":"lake","name":"斋桑泊","scalerank":3,"major":false,"label":true},"geometry":{"type":"Polygon","coordinates":[[[84.4812,47.9567],[84.5439,47.9461],[84.5621,47.9308],[84.5065,47.9126],[84.4759,47.9096],[84.4647,47.9067],[84.4565,47.9014],[84.4532,47.8932],[84.452,47.8843],[84.4473,47.874],[84.4464,47.8658],[84.4379,47.8534],[84.4191,47.8461],[84.3982,47.8408],[84.384,47.8346],[84.3743,47.819],[84.3752,47.8048],[84.3908,47.7731],[84.3796,47.7728],[84.372,47.7683],[84.3652,47.7628],[84.3567,47.7595],[84.3446,47.7592],[84.2937,47.7678],[84.2854,47.7713],[84.2781,47.7766],[84.2698,47.7786],[84.2454,47.7736],[84.2339,47.7731],[84.2377,47.7636],[84.2439,47.7625],[84.2519,47.7633],[84.2607,47.7595],[84.2636,47.7536],[84.2675,47.7445],[84.2722,47.736],[84.2781,47.7321],[84.3461,47.7383],[84.3637,47.7321],[84.3284,47.7198],[84.2925,47.7148],[84.2566,47.718],[84.2207,47.7292],[84.206,47.7466],[84.1986,47.7525],[84.1912,47.756],[84.1733,47.7616],[84.1644,47.7657],[84.1459,47.7789],[84.1129,47.8093],[84.0962,47.8207],[84.0756,47.8284],[84.007,47.8419],[83.9254,47.8693],[83.8557,47.8749],[83.8362,47.8829],[83.8177,47.8999],[83.8,47.9353],[83.7883,47.9511],[83.7679,47.9629],[83.7208,47.9715],[83.6988,47.9791],[83.6664,48.0097],[83.6496,48.0194],[83.6305,48.0127],[83.6096,48.0218],[83.5834,48.0256],[83.531,48.0262],[83.5224,48.0286],[83.5083,48.0383],[83.4962,48.0406],[83.4703,48.0421],[83.445,48.0468],[83.4179,48.0592],[83.4109,48.0612],[83.3947,48.0592],[83.3679,48.0492],[83.3526,48.0468],[83.3258,48.0486],[83.3067,48.0539],[83.2119,48.0995],[83.1957,48.1119],[83.168,48.1398],[83.1571,48.1478],[83.148,48.1478],[83.1377,48.1445],[83.1236,48.1437],[83.085,48.1554],[83.0441,48.1796],[83.012,48.2096],[82.9999,48.2399],[83.0076,48.2591],[83.0235,48.2667],[83.042,48.2649],[83.0582,48.2561],[83.0871,48.2352],[83.0927,48.2323],[83.098,48.2305],[83.1027,48.227],[83.1074,48.2252],[83.1168,48.2317],[83.1295,48.2384],[83.1424,48.2429],[83.1557,48.2561],[83.1613,48.2591],[83.2092,48.2591],[83.2213,48.2614],[83.2454,48.2711],[83.2569,48.2735],[83.2987,48.2735],[83.3187,48.2711],[83.36,48.2614],[83.4362,48.2585],[83.4603,48.2626],[83.4792,48.2735],[83.4824,48.2794],[83.493,48.3076],[83.5071,48.3353],[83.5248,48.3479],[83.5472,48.3565],[83.5957,48.3688],[83.5663,48.3865],[83.5478,48.3939],[83.511,48.3989],[83.4762,48.408],[83.4621,48.4098],[83.4315,48.4274],[83.4018,48.466],[83.3841,48.5057],[83.3906,48.5266],[83.3694,48.5608],[83.3976,48.569],[83.425,48.5887],[83.4418,48.6138],[83.4383,48.6364],[83.4494,48.6514],[83.4462,48.6741],[83.4344,48.6979],[83.4212,48.7156],[83.415,48.733],[83.4165,48.7574],[83.4344,48.8345],[83.4488,48.8654],[83.4718,48.8916],[83.5722,48.9688],[83.5843,48.9735],[83.6146,48.9711],[83.6269,48.9755],[83.6381,48.9844],[83.7058,49.0206],[83.7353,49.0312],[83.7435,49.0374],[83.765,49.0465],[83.9684,49.0739],[84.1565,49.1348],[84.1815,49.1616],[84.1718,49.2057],[84.1568,49.2322],[84.1506,49.239],[84.1159,49.2581],[84.11,49.2569],[84.1017,49.2711],[84.0202,49.3429],[83.9867,49.3582],[83.9678,49.3726],[83.9584,49.3756],[83.9351,49.3762],[83.9216,49.38],[83.9125,49.3894],[83.8975,49.4112],[83.8704,49.4271],[83.8356,49.4368],[83.7023,49.4521],[83.6835,49.4495],[83.6752,49.4418],[83.6693,49.4309],[83.6576,49.4174],[83.6452,49.4303],[83.6369,49.443],[83.6322,49.4574],[83.6305,49.4762],[83.6243,49.4851],[83.5822,49.521],[83.5669,49.526],[83.5513,49.5286],[83.5392,49.5351],[83.5345,49.5516],[83.5263,49.5578],[83.508,49.5487],[83.4792,49.5272],[83.47,49.5395],[83.4577,49.5392],[83.4444,49.536],[83.4315,49.5407],[83.4312,49.5463],[83.4332,49.571],[83.4315,49.5816],[83.4174,49.5981],[83.377,49.6234],[83.3638,49.6437],[83.3817,49.6417],[83.4285,49.6302],[83.445,49.6234],[83.4506,49.6161],[83.453,49.6069],[83.4574,49.5993],[83.4692,49.5961],[83.4948,49.5969],[83.5065,49.6002],[83.5171,49.6067],[83.5354,49.6128],[83.6134,49.6167],[83.6216,49.6149],[83.6511,49.6034],[83.6711,49.5987],[83.7367,49.5961],[83.7438,49.6005],[83.7473,49.6105],[83.7494,49.622],[83.7535,49.6308],[83.775,49.6411],[83.805,49.649],[83.8315,49.6605],[83.8518,49.7014],[83.8724,49.7153],[83.8975,49.7238],[83.9655,49.7306],[83.9852,49.7371],[84.007,49.7468],[84.0143,49.7326],[83.9852,49.7079],[83.9681,49.6964],[83.9484,49.6917],[83.9042,49.687],[83.8824,49.6808],[83.8636,49.6717],[83.8012,49.627],[83.7994,49.6228],[83.7947,49.617],[83.7903,49.6093],[83.7883,49.5999],[83.7906,49.5893],[83.8089,49.5619],[83.7859,49.5566],[83.7323,49.5669],[83.7058,49.5681],[83.7241,49.5445],[83.727,49.5378],[83.7235,49.5278],[83.7147,49.5269],[83.7032,49.5286],[83.6914,49.5272],[83.6746,49.5172],[83.6723,49.5104],[83.6817,49.5051],[83.6988,49.4998],[83.7317,49.4942],[83.7983,49.4898],[83.8295,49.4801],[83.8248,49.4765],[83.8156,49.4657],[83.8613,49.4692],[83.8854,49.4671],[83.9051,49.4589],[83.916,49.443],[83.9204,49.425],[83.9281,49.4103],[83.9867,49.3941],[83.9931,49.3932],[83.9975,49.3862],[84.0179,49.3667],[84.0243,49.3626],[84.0267,49.3603],[84.0585,49.3458],[84.0888,49.3149],[84.2142,49.2514],[84.2339,49.2293],[84.2439,49.2216],[84.2904,49.2022],[84.329,49.1919],[84.3417,49.1901],[84.3534,49.1951],[84.3646,49.2013],[84.379,49.2045],[84.3935,49.2037],[84.4046,49.1981],[84.4226,49.2051],[84.4438,49.2034],[84.4647,49.1957],[84.4803,49.1845],[84.4338,49.1739],[84.3876,49.1707],[84.3343,49.133],[84.316,49.123],[84.11,49.0747],[84.0547,49.0691],[84.0102,49.0568],[83.9967,49.0547],[83.9855,49.0474],[83.9513,49.0114],[83.9316,49.0003],[83.8192,48.9926],[83.7965,48.9885],[83.727,48.9593],[83.6278,48.9393],[83.5822,48.9243],[83.5475,48.8966],[83.5463,48.8922],[83.5483,48.881],[83.5475,48.8766],[83.543,48.8719],[83.5327,48.8669],[83.5154,48.8522],[83.5095,48.846],[83.5071,48.8389],[83.503,48.8298],[83.4762,48.8045],[83.4695,48.7942],[83.4518,48.7344],[83.453,48.7177],[83.4609,48.7038],[83.4762,48.6879],[83.5133,48.6573],[83.5283,48.6394],[83.5345,48.6158],[83.5324,48.6055],[83.523,48.5864],[83.5207,48.5749],[83.531,48.5593],[83.5351,48.5478],[83.531,48.5372],[83.528,48.5204],[83.538,48.4981],[83.5619,48.4651],[83.6013,48.4304],[83.6546,48.4033],[83.7129,48.3903],[83.7674,48.3968],[83.7818,48.4051],[83.7906,48.4136],[83.7997,48.4207],[83.8156,48.4242],[83.8321,48.423],[83.871,48.4098],[83.9228,48.4112],[83.9496,48.4092],[83.9658,48.3968],[83.9487,48.3797],[83.9307,48.3709],[83.8845,48.3627],[83.8174,48.3618],[83.8012,48.3553],[83.7765,48.3677],[83.717,48.3668],[83.6914,48.3765],[83.5433,48.3056],[83.5039,48.2764],[83.5107,48.2652],[83.5304,48.2532],[83.5539,48.2437],[83.5722,48.2399],[83.5957,48.2384],[83.717,48.2143],[83.8824,48.151],[83.9693,48.1304],[84.052,48.096],[84.0735,48.0821],[84.0826,48.0642],[84.0897,48.0398],[84.1065,48.0424],[84.1438,48.0674],[84.1568,48.0689],[84.1718,48.0677],[84.1856,48.0639],[84.1957,48.0577],[84.2074,48.0471],[84.218,48.0433],[84.3487,48.0333],[84.3743,48.0233],[84.4359,47.9853],[84.4565,47.9682],[84.4812,47.9567]]]}},{"type":"Feature","properties":{"kind":"lake","name":"塔什幹日本滯留者墓地","scalerank":5,"major":false,"label":false},"geometry":{"type":"Polygon","coordinates":[[[102.8086,18.5495],[102.9352,18.5436],[102.9608,18.5386],[102.9369,18.5336],[102.8469,18.5336],[102.7792,18.5244],[102.7397,18.5289],[102.7229,18.5268],[102.7035,18.5147],[102.6935,18.505],[102.692,18.5003],[102.6932,18.495],[102.6905,18.4829],[102.6844,18.4688],[102.6585,18.4326],[102.6067,18.4647],[102.5793,18.5059],[102.5519,18.6086],[102.5481,18.6145],[102.536,18.6236],[102.5316,18.6295],[102.5304,18.6366],[102.5316,18.6534],[102.5307,18.6613],[102.5128,18.717],[102.5066,18.7255],[102.4889,18.7432],[102.4842,18.7511],[102.4842,18.7658],[102.4904,18.7714],[102.5004,18.7685],[102.5119,18.7585],[102.5163,18.7714],[102.5233,18.7717],[102.531,18.7632],[102.5375,18.7499],[102.5437,18.7541],[102.546,18.7538],[102.5475,18.7511],[102.5513,18.747],[102.5525,18.7443],[102.5628,18.7332],[102.574,18.7237],[102.5769,18.7255],[102.5763,18.7099],[102.5734,18.6916],[102.5772,18.6799],[102.5966,18.6831],[102.584,18.6713],[102.5828,18.6593],[102.5908,18.6528],[102.6058,18.6584],[102.6125,18.671],[102.6167,18.6993],[102.6267,18.7034],[102.637,18.6961],[102.6443,18.6805],[102.6476,18.6637],[102.6467,18.6516],[102.6376,18.6434],[102.6264,18.6425],[102.6187,18.6407],[102.6199,18.6289],[102.6379,18.6113],[102.6602,18.6204],[102.6956,18.6557],[102.7809,18.7134],[102.7747,18.6975],[102.758,18.6681],[102.7535,18.6513],[102.7485,18.646],[102.7268,18.6407],[102.7179,18.6313],[102.7203,18.6113],[102.7403,18.5975],[102.765,18.5869],[102.7824,18.5763],[102.7815,18.5713],[102.7765,18.5662],[102.7777,18.5601],[102.795,18.5521],[102.8086,18.5495]]]}},{"type":"Feature","properties":{"kind":"lake","name":"托克托古尔水库","scalerank":5,"major":false,"label":false},"geometry":{"type":"Polygon","coordinates":[[[73.293,41.7807],[73.3045,41.7736],[73.3109,41.7724],[73.3104,41.7701],[73.3004,41.7598],[73.2903,41.7557],[73.2491,41.756],[73.1744,41.7354],[73.1564,41.7395],[73.1149,41.756],[73.1055,41.7577],[73.0931,41.7616],[73.0437,41.7839],[73.0337,41.783],[72.9665,41.7621],[72.9191,41.7362],[72.9,41.7301],[72.8791,41.7295],[72.8635,41.7345],[72.8347,41.7504],[72.817,41.756],[72.777,41.7551],[72.7502,41.7392],[72.7078,41.6947],[72.6757,41.6741],[72.6454,41.665],[72.6168,41.6727],[72.5906,41.7015],[72.6033,41.7065],[72.613,41.7012],[72.6218,41.6924],[72.6316,41.688],[72.6424,41.6894],[72.6731,41.7015],[72.6707,41.7186],[72.7107,41.7421],[72.7213,41.7598],[72.7249,41.7713],[72.7322,41.7766],[72.7396,41.7795],[72.7419,41.7842],[72.7366,41.7913],[72.7255,41.8004],[72.7131,41.8081],[72.704,41.8113],[72.7022,41.8145],[72.661,41.8593],[72.6525,41.8661],[72.6466,41.8681],[72.6321,41.8702],[72.6254,41.8728],[72.6227,41.8766],[72.6177,41.8917],[72.6151,41.897],[72.6077,41.9034],[72.6006,41.9081],[72.5948,41.9134],[72.5906,41.9211],[72.5989,41.9267],[72.608,41.9285],[72.6168,41.9267],[72.6254,41.9211],[72.6998,41.9023],[72.85,41.8852],[72.885,41.8878],[72.9194,41.9008],[72.9271,41.8931],[72.935,41.8784],[72.943,41.8696],[72.9448,41.8658],[72.9477,41.8622],[72.9536,41.859],[72.9592,41.861],[72.9657,41.8666],[72.9715,41.8711],[72.9777,41.8693],[72.9975,41.8608],[73.0525,41.8587],[73.0716,41.8522],[73.074,41.8446],[73.0734,41.821],[73.0772,41.8113],[73.0866,41.8069],[73.1493,41.8036],[73.2006,41.791],[73.2753,41.7869],[73.293,41.7807]]]}},{"type":"Feature","properties":{"kind":"lake","name":"布拉茨克水庫","scalerank":6,"major":false,"label":false},"geometry":{"type":"Polygon","coordinates":[[[103.7335,53.4696],[103.7102,53.4834],[103.6799,53.507],[103.6737,53.5135],[103.6678,53.5226],[103.6655,53.5338],[103.6661,53.5447],[103.6631,53.5532],[103.6505,53.5567],[103.6257,53.5588],[103.5277,53.5826],[103.4583,53.5918],[103.4376,53.5876],[103.4318,53.5806],[103.4241,53.5667],[103.4179,53.5597],[103.4132,53.5494],[103.417,53.5396],[103.4223,53.5305],[103.4212,53.5226],[103.4135,53.5182],[103.4047,53.5193],[103.3956,53.5238],[103.3873,53.5293],[103.3926,53.4861],[103.43,53.4051],[103.4412,53.3648],[103.44,53.3209],[103.43,53.2806],[103.39,53.1911],[103.3835,53.1717],[103.3808,53.152],[103.3802,53.1287],[103.3741,53.1072],[103.3602,53.1158],[103.3461,53.1381],[103.3387,53.1593],[103.3426,53.2029],[103.3755,53.2759],[103.3873,53.3171],[103.3903,53.3633],[103.3867,53.4069],[103.3764,53.4466],[103.3417,53.519],[103.3376,53.5553],[103.3455,53.6391],[103.3364,53.6901],[103.3031,53.7148],[103.2551,53.7242],[103.1032,53.7313],[103.0818,53.7386],[103.0656,53.7481],[102.9275,53.7878],[102.9066,53.7902],[102.8834,53.7872],[102.8407,53.7766],[102.818,53.7763],[102.8336,53.7919],[102.8781,53.8037],[102.8963,53.814],[102.9081,53.819],[102.9243,53.8181],[102.9405,53.8134],[102.964,53.7993],[102.9784,53.7972],[103.0091,53.7963],[103.1512,53.7578],[103.2319,53.7539],[103.2478,53.7554],[103.2569,53.7622],[103.2546,53.7728],[103.2339,53.7949],[103.2289,53.8069],[103.2272,53.8246],[103.216,53.8635],[103.1689,53.9435],[103.128,53.9853],[103.1156,53.9894],[103.1018,53.9921],[103.0924,53.9953],[103.037,54.0501],[103.0011,54.0733],[102.9876,54.086],[102.9805,54.1092],[102.9714,54.129],[102.9687,54.1396],[102.9693,54.1499],[102.9787,54.1952],[102.9879,54.2132],[103.0214,54.2573],[103.045,54.28],[103.123,54.338],[103.1333,54.3483],[103.1362,54.353],[103.1498,54.3656],[103.1533,54.3721],[103.1386,54.4015],[103.1368,54.4063],[103.1271,54.4095],[103.1027,54.4227],[103.0924,54.4269],[103.055,54.4283],[103.0432,54.4336],[103.0924,54.4478],[103.1807,54.4024],[103.2228,54.4139],[103.2369,54.4428],[103.241,54.484],[103.2307,54.6208],[103.216,54.6579],[103.1895,54.6856],[103.105,54.7262],[103.0732,54.7474],[103.0544,54.7783],[103.0509,54.8248],[103.0606,54.8734],[103.0809,54.9108],[103.1115,54.9411],[103.221,55.0124],[103.2504,55.0388],[103.3199,55.1239],[103.3252,55.1433],[103.3152,55.2723],[103.3064,55.3132],[103.2913,55.3515],[103.2704,55.3865],[103.2354,55.4224],[103.2001,55.4477],[103.1727,55.4748],[103.1606,55.5169],[103.1624,55.5622],[103.1677,55.5852],[103.186,55.617],[103.1898,55.6373],[103.1886,55.6817],[103.1792,55.7259],[103.1698,55.7471],[103.1571,55.7565],[103.1371,55.7624],[103.085,55.8048],[103.0667,55.8133],[103.0194,55.8286],[102.9993,55.8316],[102.9811,55.8404],[102.9705,55.8619],[102.9572,55.9319],[102.9567,55.9517],[102.9611,55.9687],[102.972,55.9861],[102.9711,56.0014],[102.959,56.0241],[102.9349,56.0579],[102.8692,56.1159],[102.8421,56.1333],[102.8236,56.1271],[102.7906,56.0921],[102.7636,56.1127],[102.7874,56.1203],[102.7859,56.1321],[102.768,56.1427],[102.7427,56.1474],[102.6847,56.1474],[102.6694,56.1492],[102.6331,56.161],[102.619,56.1598],[102.594,56.1495],[102.586,56.1474],[102.5749,56.1515],[102.5584,56.1648],[102.5437,56.168],[102.5345,56.1633],[102.526,56.1539],[102.5166,56.1474],[102.506,56.1504],[102.4936,56.158],[102.4789,56.161],[102.4474,56.161],[102.4615,56.1415],[102.4833,56.1256],[102.5301,56.0989],[102.5189,56.0944],[102.5063,56.0936],[102.4936,56.0953],[102.4816,56.0989],[102.473,56.1047],[102.4536,56.123],[102.4509,56.1268],[102.4465,56.128],[102.4342,56.1339],[102.4303,56.1365],[102.4262,56.1371],[102.403,56.133],[102.398,56.1295],[102.3906,56.1203],[102.3856,56.1089],[102.3859,56.0989],[102.4035,56.0903],[102.4633,56.0788],[102.476,56.0682],[102.4877,56.0618],[102.5416,56.0441],[102.5572,56.0306],[102.526,56.0335],[102.4718,56.0585],[102.3859,56.0785],[102.3567,56.0765],[102.35,56.0809],[102.345,56.0989],[102.3476,56.1083],[102.3523,56.1195],[102.3509,56.1292],[102.3347,56.133],[102.3205,56.1315],[102.2787,56.1218],[102.2543,56.1094],[102.2219,56.1039],[102.2084,56.0989],[102.1975,56.0909],[102.1919,56.0827],[102.1963,56.0759],[102.2146,56.0718],[102.1937,56.0644],[102.1192,56.0718],[102.1192,56.0647],[102.1472,56.0497],[102.1742,56.0306],[102.151,56.0309],[102.1295,56.0376],[102.1107,56.0485],[102.0953,56.0615],[102.0724,56.0727],[102.0459,56.0718],[101.9956,56.0579],[101.9956,56.0512],[102.0091,56.0382],[101.9914,56.0282],[101.9638,56.0194],[101.9479,56.0102],[102.0023,56.0102],[101.9973,56.0005],[101.9985,55.9941],[102.005,55.9905],[102.0162,55.9896],[101.9882,55.9649],[101.98,55.9487],[102.0144,55.9364],[102.0023,55.9252],[101.9682,55.9072],[101.9779,55.8807],[101.9602,55.8625],[101.8743,55.828],[101.8601,55.8204],[101.851,55.811],[101.8478,55.7998],[101.844,55.7659],[101.8448,55.7565],[101.8546,55.7456],[101.8657,55.7453],[101.8802,55.7489],[101.8999,55.7494],[101.9161,55.7447],[101.9396,55.7288],[101.9546,55.7229],[101.9638,55.7229],[101.985,55.7282],[101.9956,55.7291],[102.0029,55.7265],[102.0167,55.7177],[102.0229,55.7153],[102.04,55.7153],[102.0521,55.7185],[102.0615,55.7256],[102.0706,55.7365],[102.1186,55.7044],[102.1442,55.6917],[102.1742,55.6817],[102.1289,55.6759],[101.9853,55.6876],[101.9546,55.6817],[101.9664,55.6726],[102.0229,55.6508],[102.0577,55.6414],[102.1192,55.6055],[102.1339,55.6014],[102.1469,55.6002],[102.1598,55.6017],[102.1742,55.6055],[102.1993,55.6173],[102.2131,55.6208],[102.2252,55.6161],[102.2466,55.6049],[102.3458,55.597],[102.3511,55.5955],[102.3582,55.592],[102.362,55.5884],[102.3635,55.5846],[102.3641,55.5808],[102.3662,55.5781],[102.3947,55.5599],[102.3997,55.554],[102.3953,55.5446],[102.3865,55.5366],[102.38,55.5287],[102.3856,55.5122],[102.3874,55.4986],[102.3879,55.4848],[102.3859,55.4757],[102.372,55.466],[102.3108,55.4477],[102.2932,55.4333],[102.2867,55.4189],[102.289,55.4036],[102.2979,55.3865],[102.3329,55.3512],[102.3382,55.3385],[102.3332,55.3223],[102.3194,55.3111],[102.2834,55.297],[102.3161,55.2982],[102.3685,55.3105],[102.4177,55.3132],[102.4412,55.2841],[102.4203,55.2599],[102.2767,55.2425],[102.2887,55.2311],[102.3382,55.1978],[102.3426,55.1934],[102.3191,55.1498],[102.3099,55.1448],[102.2284,55.1257],[102.2284,55.1195],[102.2493,55.1039],[102.2366,55.0857],[102.2069,55.0706],[102.1775,55.0642],[102.1592,55.063],[102.1439,55.0597],[102.1192,55.0506],[102.0924,55.0377],[102.0797,55.0344],[102.0644,55.0365],[102.0744,55.0503],[102.0895,55.063],[102.1071,55.0727],[102.126,55.0786],[102.1675,55.0774],[102.1831,55.0848],[102.1954,55.093],[102.204,55.1013],[102.1975,55.1054],[102.1784,55.1127],[102.171,55.1295],[102.1769,55.146],[102.1975,55.1536],[102.224,55.1545],[102.2508,55.1584],[102.2761,55.1666],[102.2979,55.181],[102.3026,55.191],[102.2896,55.2019],[102.272,55.2119],[102.2631,55.2258],[102.2617,55.2349],[102.2599,55.2414],[102.2614,55.2476],[102.2699,55.2561],[102.2811,55.2608],[102.2955,55.2629],[102.3773,55.2617],[102.3897,55.2667],[102.408,55.2782],[102.4162,55.2864],[102.41,55.2902],[102.3626,55.2946],[102.34,55.2923],[102.3214,55.2802],[102.302,55.2708],[102.2776,55.2726],[102.2584,55.2841],[102.2564,55.3038],[102.2687,55.3147],[102.3067,55.3373],[102.3076,55.3488],[102.274,55.3809],[102.2622,55.3986],[102.2564,55.4212],[102.2599,55.4398],[102.2728,55.4563],[102.2929,55.4689],[102.3185,55.4757],[102.3108,55.4827],[102.3255,55.4848],[102.3311,55.4845],[102.3382,55.4827],[102.352,55.4957],[102.3376,55.5089],[102.3341,55.5272],[102.3273,55.5434],[102.3043,55.5502],[102.2484,55.5522],[102.2181,55.549],[102.1943,55.5372],[102.1842,55.5278],[102.1825,55.5237],[102.1869,55.5195],[102.1943,55.5092],[102.1998,55.5063],[102.2122,55.4972],[102.2187,55.4872],[102.2078,55.4827],[102.1398,55.4931],[101.8604,55.4424],[101.8507,55.4371],[101.8448,55.4274],[101.8478,55.4153],[101.8575,55.4092],[101.8599,55.4071],[101.7568,55.4065],[101.7356,55.4139],[101.7577,55.413],[101.8242,55.4212],[101.8066,55.4324],[101.7483,55.4433],[101.7356,55.4515],[101.7277,55.4742],[101.7083,55.4792],[101.6835,55.4783],[101.6597,55.4827],[101.6597,55.4895],[101.7059,55.4969],[101.8413,55.4757],[101.8858,55.4757],[101.9614,55.4945],[102.0471,55.4957],[102.0668,55.4983],[102.0906,55.5057],[102.113,55.5157],[102.1295,55.5272],[102.1283,55.5416],[102.1027,55.5507],[101.8964,55.5743],[101.851,55.592],[101.854,55.5958],[101.8554,55.599],[101.8566,55.602],[101.8584,55.6055],[101.8178,55.6255],[101.8101,55.6332],[101.8107,55.6329],[101.8104,55.6332],[101.8101,55.6332],[101.8095,55.6338],[101.8095,55.6385],[101.8107,55.6396],[101.8054,55.6573],[101.8019,55.68],[101.7939,55.6947],[101.776,55.6882],[101.7692,55.695],[101.7892,55.7112],[101.8022,55.7182],[101.8086,55.7282],[101.8107,55.753],[101.8089,55.7786],[101.8019,55.7886],[101.7565,55.7974],[101.7333,55.7992],[101.7247,55.8033],[101.7212,55.8148],[101.7209,55.8286],[101.7194,55.8319],[101.7144,55.8333],[101.7044,55.8419],[101.6879,55.8436],[101.6235,55.8357],[101.5985,55.8383],[101.6067,55.8428],[101.6141,55.8478],[101.6205,55.8534],[101.6255,55.8595],[101.5425,55.8616],[101.5037,55.8713],[101.4816,55.8928],[101.5505,55.8928],[101.5505,55.9005],[101.5316,55.9049],[101.5169,55.9108],[101.5051,55.9184],[101.4954,55.9284],[101.4789,55.9496],[101.4692,55.9531],[101.4221,55.9564],[101.4101,55.9514],[101.4059,55.9402],[101.4059,55.9208],[101.4145,55.9043],[101.4136,55.8963],[101.3995,55.8928],[101.3512,55.8928],[101.3512,55.9005],[101.3727,55.9013],[101.37,55.9143],[101.3512,55.9378],[101.3035,55.9693],[101.275,55.9811],[101.2108,55.9976],[101.1808,56.0102],[101.2326,56.0158],[101.3856,55.9693],[101.3974,55.9693],[101.4227,55.9729],[101.4333,55.9761],[101.4454,55.9929],[101.4563,55.9994],[101.4713,55.9932],[101.4875,55.9805],[101.5051,55.9708],[101.587,55.9384],[101.6046,55.9272],[101.6223,55.911],[101.6358,55.9046],[101.645,55.9116],[101.6461,55.9225],[101.6288,55.9319],[101.6114,55.9555],[101.5911,55.9705],[101.5864,55.979],[101.5917,55.9896],[101.5973,55.9914],[101.6035,55.9885],[101.6114,55.9823],[101.6179,55.9861],[101.6282,55.9949],[101.6326,55.9967],[101.6529,55.9902],[101.6641,55.9749],[101.6809,55.9346],[101.6994,55.9225],[101.7206,55.9261],[101.7359,55.939],[101.7356,55.9555],[101.7509,55.9608],[101.7565,55.962],[101.7424,55.9684],[101.7356,55.9693],[101.7448,55.9749],[101.7492,55.9761],[101.7492,55.9823],[101.7395,55.9832],[101.7303,55.9861],[101.7224,55.9905],[101.715,55.9967],[101.7247,55.9988],[101.753,55.9967],[101.7618,55.9997],[101.7612,56.0067],[101.7548,56.0138],[101.7324,56.0211],[101.69,56.0409],[101.6809,56.0473],[101.6988,56.0621],[101.8169,56.0306],[101.8169,56.0376],[101.7972,56.0394],[101.7748,56.0467],[101.7548,56.0576],[101.7424,56.0718],[101.776,56.0785],[101.776,56.0847],[101.7377,56.0956],[101.65,56.0962],[101.6114,56.1065],[101.6114,56.1097],[101.6273,56.1118],[101.6509,56.1109],[101.6665,56.1127],[101.6715,56.1248],[101.6706,56.1409],[101.6738,56.1551],[101.6909,56.161],[101.728,56.1595],[101.7356,56.161],[101.7371,56.1674],[101.7336,56.1742],[101.7283,56.1795],[101.725,56.1816],[101.7112,56.1863],[101.6991,56.1972],[101.6809,56.2225],[101.6868,56.2357],[101.6918,56.2649],[101.7015,56.2778],[101.7191,56.2878],[101.7462,56.2978],[101.7736,56.302],[101.7933,56.2946],[101.8007,56.2899],[101.8225,56.2831],[101.8307,56.2778],[101.8366,56.2672],[101.836,56.2605],[101.8325,56.2534],[101.8307,56.2431],[101.8325,56.2195],[101.8407,56.2125],[101.9034,56.2204],[101.9414,56.2387],[101.9579,56.2431],[101.9596,56.2472],[101.9652,56.2658],[101.9682,56.2711],[101.9776,56.2716],[102.007,56.2666],[102.0162,56.2634],[102.0353,56.2466],[102.0271,56.2399],[102.0056,56.2357],[101.9853,56.226],[101.9664,56.2134],[101.9446,56.2086],[101.8925,56.2089],[101.8925,56.2019],[101.9096,56.2022],[101.9293,56.1989],[101.9479,56.1922],[101.9608,56.1816],[101.939,56.1748],[101.851,56.1816],[101.8581,56.1721],[101.8678,56.1663],[101.8793,56.163],[101.8925,56.161],[101.8925,56.1536],[101.8725,56.1539],[101.7963,56.1451],[101.7895,56.1386],[101.7904,56.1295],[101.7963,56.1195],[101.8066,56.11],[101.8192,56.1036],[101.8334,56.1],[101.8478,56.0989],[101.8546,56.0956],[101.8607,56.0812],[101.8652,56.0785],[101.8731,56.0818],[101.8778,56.0874],[101.8819,56.0938],[101.8952,56.1106],[101.9019,56.1215],[101.912,56.1298],[101.9449,56.1351],[101.9888,56.1474],[102.0921,56.1598],[102.1192,56.1748],[102.1077,56.1774],[102.1003,56.1845],[102.0995,56.1913],[102.1086,56.1945],[102.1198,56.1933],[102.141,56.1889],[102.1654,56.1889],[102.1769,56.1904],[102.1848,56.1954],[102.1881,56.2054],[102.1922,56.2081],[102.2028,56.2092],[102.2302,56.2092],[102.2493,56.2131],[102.2823,56.2263],[102.2943,56.2293],[102.2993,56.2325],[102.2979,56.2393],[102.2937,56.246],[102.2905,56.2499],[102.2823,56.2516],[102.2496,56.2499],[102.244,56.2528],[102.2416,56.2596],[102.2425,56.2675],[102.2461,56.2743],[102.2525,56.2805],[102.2555,56.2811],[102.2599,56.279],[102.2887,56.2755],[102.3382,56.2572],[102.3597,56.2581],[102.3662,56.2572],[102.3747,56.2522],[102.3818,56.2452],[102.3894,56.239],[102.4,56.236],[102.4189,56.2384],[102.4607,56.2478],[102.4824,56.2499],[102.4969,56.2531],[102.4848,56.2605],[102.4542,56.2711],[102.4559,56.2802],[102.4704,56.2814],[102.4889,56.2808],[102.5027,56.284],[102.4951,56.2896],[102.4907,56.297],[102.4907,56.3049],[102.496,56.312],[102.4857,56.3226],[102.4816,56.3255],[102.481,56.3361],[102.471,56.342],[102.4474,56.3529],[102.4636,56.352],[102.4745,56.357],[102.4839,56.3629],[102.496,56.3658],[102.5163,56.3391],[102.5384,56.3273],[102.5634,56.3267],[102.5802,56.334],[102.5778,56.3455],[102.5778,56.3529],[102.6055,56.352],[102.6096,56.3355],[102.5981,56.314],[102.5778,56.2981],[102.5819,56.284],[102.5799,56.2499],[102.5887,56.2431],[102.6296,56.2431],[102.657,56.2372],[102.7497,56.2293],[102.7697,56.2351],[102.788,56.2475],[102.7971,56.2643],[102.7906,56.284],[102.818,56.2984],[102.8268,56.2817],[102.8227,56.2507],[102.8112,56.2225],[102.8233,56.2101],[102.8357,56.2013],[102.8495,56.1963],[102.866,56.1945],[102.8772,56.1986],[102.8842,56.2057],[102.8925,56.2092],[102.9066,56.2019],[102.9001,56.1922],[102.9066,56.181],[102.9204,56.1719],[102.9349,56.168],[102.9425,56.1713],[102.9752,56.1945],[102.9829,56.206],[102.9955,56.2348],[103.0029,56.2431],[103.0644,56.236],[103.0532,56.221],[103.017,56.1939],[102.9614,56.1401],[102.9696,56.1262],[102.9773,56.1162],[102.9993,56.0956],[103.0058,56.0912],[103.0111,56.0883],[103.0152,56.0838],[103.0167,56.075],[103.0211,56.0727],[103.0429,56.0632],[103.0509,56.0579],[103.0317,56.0435],[103.0297,56.0155],[103.032,55.9885],[103.0267,55.9761],[103.0276,55.9696],[103.0167,55.9246],[103.0208,55.911],[103.0391,55.8893],[103.0509,55.8548],[103.0697,55.8369],[103.1919,55.7709],[103.2228,55.7639],[103.2107,55.7589],[103.2116,55.7524],[103.2289,55.7365],[103.2413,55.72],[103.2507,55.7126],[103.2631,55.7085],[103.2478,55.6953],[103.2387,55.6735],[103.2404,55.652],[103.2569,55.6396],[103.2569,55.6329],[103.226,55.6199],[103.2086,55.5805],[103.2104,55.5384],[103.2363,55.5169],[103.2016,55.5031],[103.2116,55.4839],[103.3323,55.3335],[103.3487,55.2952],[103.3588,55.2531],[103.3593,55.2084],[103.3526,55.1784],[103.3523,55.1678],[103.3579,55.131],[103.3558,55.1257],[103.3476,55.1157],[103.3181,55.058],[103.2675,54.9982],[103.2531,54.9891],[103.2428,54.985],[103.2225,54.9655],[103.2119,54.9611],[103.1606,54.9482],[103.1156,54.9081],[103.1083,54.8805],[103.0915,54.8507],[103.0818,54.8195],[103.0765,54.7866],[103.0788,54.7627],[103.0988,54.743],[103.1592,54.7304],[103.1848,54.7183],[103.2298,54.6835],[103.2481,54.6641],[103.2569,54.6397],[103.2684,54.6447],[103.2807,54.647],[103.2931,54.6456],[103.3046,54.6397],[103.2946,54.6353],[103.2781,54.6235],[103.2704,54.6194],[103.2775,54.597],[103.2601,54.5467],[103.2737,54.509],[103.2757,54.4796],[103.274,54.4507],[103.2704,54.4336],[103.2875,54.4333],[103.3167,54.4398],[103.3326,54.441],[103.3273,54.4313],[103.3187,54.4245],[103.2972,54.4139],[103.3052,54.4042],[103.3261,54.3918],[103.3326,54.3859],[103.337,54.3727],[103.3364,54.3609],[103.3326,54.335],[103.3367,54.3141],[103.347,54.2965],[103.3729,54.2629],[103.3982,54.2182],[103.4173,54.1964],[103.4594,54.1814],[103.4833,54.1666],[103.5048,54.1487],[103.5162,54.1325],[103.4959,54.1369],[103.4577,54.1552],[103.4156,54.1649],[103.3997,54.1784],[103.3264,54.2694],[103.3105,54.3038],[103.3046,54.3483],[103.2899,54.3809],[103.2554,54.3836],[103.2157,54.3689],[103.0997,54.2891],[103.0667,54.2597],[103.0509,54.2488],[103.0488,54.2414],[103.0411,54.2285],[103.0364,54.2137],[103.0432,54.2002],[103.0179,54.184],[103.0058,54.1631],[103.0085,54.1399],[103.0347,54.1054],[103.047,54.0828],[103.0576,54.0713],[103.07,54.0619],[103.085,54.053],[103.1009,54.0465],[103.1159,54.0439],[103.1271,54.0401],[103.1386,54.0312],[103.1777,53.9924],[103.1818,53.9862],[103.1857,53.9724],[103.1886,53.9677],[103.2183,53.9582],[103.2351,53.9503],[103.2481,53.9294],[103.2619,53.9197],[103.2778,53.9108],[103.2911,53.9061],[103.281,53.9008],[103.2772,53.8994],[103.2849,53.8852],[103.2969,53.8738],[103.3252,53.8576],[103.3252,53.8514],[103.3008,53.8549],[103.2911,53.847],[103.2899,53.832],[103.2911,53.814],[103.3855,53.7148],[103.4129,53.6989],[103.4368,53.655],[103.4479,53.6391],[103.4724,53.6274],[103.4998,53.6238],[103.5545,53.6256],[103.5607,53.6297],[103.5663,53.6486],[103.5748,53.6527],[103.5798,53.6477],[103.5922,53.6182],[103.6072,53.605],[103.6322,53.5885],[103.659,53.5776],[103.6778,53.5809],[103.6955,53.5915],[103.7046,53.5985],[103.7088,53.6079],[103.7299,53.6391],[103.7523,53.6486],[103.7664,53.6441],[103.7676,53.6294],[103.7532,53.6079],[103.7252,53.5797],[103.7135,53.5626],[103.7088,53.5435],[103.717,53.5199],[103.7361,53.5076],[103.7553,53.4984],[103.7638,53.4849],[103.7547,53.4661],[103.7335,53.4696]]]}},{"type":"Feature","properties":{"kind":"lake","name":"伊塞克湖","scalerank":2,"major":true,"label":true},"geometry":{"type":"Polygon","coordinates":[[[78.2548,42.5996],[78.3063,42.6026],[78.3275,42.5952],[78.3201,42.5716],[78.3004,42.5634],[78.173,42.5752],[78.1509,42.574],[78.1282,42.5655],[78.1076,42.551],[78.0558,42.4933],[78.0287,42.4751],[77.9958,42.4657],[77.9254,42.4618],[77.9007,42.458],[77.8294,42.4348],[77.8124,42.4209],[77.8227,42.4027],[77.8927,42.3918],[77.9148,42.3738],[77.8795,42.3727],[77.8518,42.3615],[77.83,42.3426],[77.7921,42.2938],[77.6873,42.2146],[77.6569,42.2031],[77.6222,42.1966],[77.5831,42.1949],[77.553,42.1857],[77.5154,42.169],[77.4812,42.1619],[77.463,42.1813],[77.427,42.1701],[77.39,42.1698],[77.3187,42.1813],[77.2893,42.181],[77.1748,42.166],[77.1512,42.1601],[77.1368,42.1534],[77.1291,42.1551],[77.1215,42.1592],[77.1135,42.1607],[77.0482,42.1607],[77.0185,42.1687],[76.9879,42.1822],[76.9608,42.1866],[76.9422,42.1672],[76.9355,42.1672],[76.9266,42.1843],[76.9075,42.1975],[76.8836,42.2057],[76.8407,42.2119],[76.8198,42.2205],[76.7653,42.2567],[76.755,42.262],[76.7435,42.2637],[76.7294,42.2599],[76.7179,42.2534],[76.7064,42.2511],[76.692,42.2602],[76.6758,42.2667],[76.6064,42.2708],[76.5619,42.2802],[76.3968,42.3456],[76.3717,42.3473],[76.3494,42.3359],[76.3329,42.3229],[76.3141,42.3155],[76.2932,42.3138],[76.2705,42.3185],[76.2587,42.3229],[76.2478,42.3288],[76.2396,42.3373],[76.2331,42.3644],[76.2257,42.3732],[76.2166,42.3812],[76.2084,42.393],[76.2125,42.3947],[76.2228,42.4003],[76.2196,42.4041],[76.2163,42.4056],[76.2084,42.4071],[76.2154,42.4071],[76.2019,42.4186],[76.196,42.4398],[76.2025,42.4601],[76.2257,42.4692],[76.3046,42.4822],[76.3326,42.4827],[76.4433,42.4677],[76.4562,42.4683],[76.4656,42.4727],[76.488,42.5028],[76.4971,42.5101],[76.5204,42.5148],[76.5752,42.5092],[76.5996,42.5137],[76.6199,42.5272],[76.6532,42.5557],[76.6746,42.5655],[76.9764,42.6096],[76.9817,42.614],[76.994,42.6123],[77.014,42.6064],[77.027,42.6099],[77.0473,42.6279],[77.0582,42.6343],[77.0838,42.6396],[77.1359,42.6435],[77.1739,42.6535],[77.1848,42.652],[77.1954,42.6491],[77.2063,42.6473],[77.2195,42.6488],[77.2298,42.6526],[77.2389,42.657],[77.3255,42.6797],[77.3496,42.6817],[77.3735,42.6779],[77.4356,42.6535],[77.528,42.6473],[77.5377,42.6502],[77.5495,42.657],[77.5692,42.6714],[77.5792,42.6761],[77.6204,42.6817],[77.7043,42.7056],[77.7455,42.7109],[77.7714,42.72],[77.7844,42.7227],[77.7976,42.7227],[77.8327,42.7162],[77.9172,42.7268],[77.956,42.7141],[77.9831,42.7132],[78.0116,42.7159],[78.0331,42.7203],[78.0829,42.7224],[78.1038,42.7256],[78.1176,42.733],[78.1373,42.7403],[78.2048,42.7462],[78.2239,42.743],[78.236,42.7465],[78.3063,42.743],[78.3063,42.7362],[78.2828,42.733],[78.2498,42.7194],[78.2336,42.7162],[78.2118,42.7215],[78.2015,42.7212],[78.1933,42.7035],[78.175,42.6803],[78.1691,42.6747],[78.1579,42.6717],[78.1323,42.6711],[78.1209,42.6679],[78.1111,42.6591],[78.0899,42.6326],[78.0835,42.627],[78.0817,42.6229],[78.0888,42.6131],[78.0997,42.604],[78.1108,42.5996],[78.2548,42.5996]]]}},{"type":"Feature","properties":{"kind":"lake","name":"烏布蘇湖","scalerank":3,"major":false,"label":true},"geometry":{"type":"Polygon","coordinates":[[[92.3245,50.2263],[92.3298,50.2366],[92.3534,50.2675],[92.3487,50.3019],[92.3172,50.3302],[92.2439,50.377],[92.2268,50.4147],[92.2447,50.4456],[92.283,50.4677],[92.326,50.4794],[92.3816,50.4853],[92.4099,50.4918],[92.4323,50.5042],[92.4408,50.5074],[92.4652,50.5136],[92.4705,50.5171],[92.4752,50.5289],[92.4867,50.5377],[92.5114,50.548],[92.5438,50.5539],[92.6095,50.5474],[92.6418,50.548],[92.6863,50.5607],[92.7134,50.5639],[92.7508,50.5733],[92.7619,50.5792],[92.7734,50.5889],[92.7958,50.6019],[92.8064,50.6101],[92.8123,50.6181],[92.8226,50.6378],[92.8302,50.6481],[92.8488,50.6664],[92.8729,50.684],[92.9006,50.6929],[92.9291,50.6852],[92.9621,50.672],[92.9948,50.6534],[93.0066,50.6254],[92.9907,50.5831],[92.955,50.536],[92.953,50.5277],[92.9618,50.5242],[92.9745,50.5154],[92.986,50.5053],[92.9907,50.4974],[92.9924,50.4844],[92.9983,50.4774],[93.0746,50.44],[93.0905,50.4288],[93.1378,50.3711],[93.1558,50.3564],[93.1773,50.3479],[93.1964,50.3493],[93.2147,50.3585],[93.2344,50.3738],[93.2553,50.3835],[93.2788,50.387],[93.2915,50.3811],[93.2786,50.3638],[93.2691,50.3611],[93.2309,50.3564],[93.2312,50.3452],[93.2385,50.334],[93.2482,50.3255],[93.255,50.3223],[93.265,50.319],[93.2797,50.3049],[93.2894,50.3016],[93.3018,50.3046],[93.3224,50.3181],[93.3339,50.3223],[93.3474,50.3225],[93.3601,50.3202],[93.3716,50.3155],[93.3825,50.3093],[93.3969,50.2955],[93.4037,50.2857],[93.3992,50.2813],[93.3936,50.2781],[93.3881,50.271],[93.381,50.264],[93.2803,50.2348],[93.26,50.2384],[93.2521,50.2575],[93.2385,50.2663],[93.1058,50.2369],[93.0828,50.2266],[93.0734,50.2089],[93.0675,50.1889],[93.054,50.1704],[92.9907,50.1174],[92.973,50.0876],[92.9671,50.0826],[92.9659,50.0791],[92.9309,50.0532],[92.7434,49.9973],[92.6898,49.9932],[92.5765,50.0002],[92.5733,50.0043],[92.5718,50.0138],[92.5691,50.0232],[92.563,50.0273],[92.5182,50.0308],[92.5047,50.0344],[92.4926,50.0402],[92.4855,50.047],[92.4799,50.0541],[92.4705,50.0623],[92.4605,50.0653],[92.4467,50.0676],[92.4343,50.0715],[92.429,50.0788],[92.427,50.1003],[92.4196,50.1135],[92.4052,50.1241],[92.3484,50.1562],[92.3378,50.1712],[92.3339,50.196],[92.3313,50.2048],[92.3266,50.2151],[92.3245,50.2263]]]}},{"type":"Feature","properties":{"kind":"lake","name":"青海湖","scalerank":3,"major":true,"label":true},"geometry":{"type":"Polygon","coordinates":[[[100.7174,36.8533],[100.7519,36.8254],[100.766,36.8045],[100.7616,36.7812],[100.743,36.7733],[100.7204,36.7765],[100.7015,36.7762],[100.6933,36.7574],[100.6989,36.7444],[100.7345,36.7061],[100.7419,36.6841],[100.7386,36.6696],[100.7316,36.6558],[100.7204,36.5902],[100.7127,36.566],[100.7036,36.5554],[100.6945,36.5531],[100.6718,36.5437],[100.6591,36.541],[100.6494,36.5416],[100.6282,36.5454],[100.5599,36.5666],[100.5399,36.569],[100.4984,36.5784],[100.4593,36.5996],[100.4454,36.6228],[100.4811,36.6379],[100.4811,36.644],[100.4501,36.6452],[100.4401,36.644],[100.4354,36.6417],[100.4237,36.6326],[100.4189,36.6305],[100.4104,36.6317],[100.403,36.6367],[100.3954,36.6379],[100.3927,36.6443],[100.3904,36.6567],[100.3854,36.6658],[100.3668,36.6582],[100.3303,36.6508],[100.3,36.6576],[100.2888,36.6579],[100.2768,36.6546],[100.2591,36.6461],[100.2208,36.6417],[100.159,36.6243],[100.134,36.6237],[100.0893,36.6349],[100.0221,36.6437],[99.9809,36.6579],[99.9432,36.6764],[99.9265,36.6891],[99.9079,36.72],[99.8823,36.722],[99.8367,36.7123],[99.8108,36.7132],[99.7978,36.7235],[99.7816,36.7609],[99.7914,36.7744],[99.7905,36.793],[99.7802,36.8112],[99.7616,36.8221],[99.7234,36.8327],[99.7019,36.8416],[99.6827,36.866],[99.6371,36.8892],[99.6239,36.8981],[99.6192,36.9084],[99.6177,36.9184],[99.6192,36.9284],[99.6239,36.939],[99.6621,36.9669],[99.6824,36.9658],[99.6975,36.9619],[99.7337,36.9458],[99.7816,36.9375],[99.8208,36.9513],[99.8423,36.9814],[99.8367,37.0214],[99.8326,37.0379],[99.8305,37.042],[99.8273,37.0444],[99.8199,37.0467],[99.817,37.0488],[99.7808,37.082],[99.7702,37.1056],[99.7604,37.1221],[99.7546,37.1421],[99.7616,37.1648],[99.7769,37.178],[99.7969,37.1851],[99.8367,37.1927],[99.8932,37.2116],[99.935,37.2157],[99.9677,37.2254],[99.9842,37.2278],[99.9998,37.2239],[100.043,37.1995],[100.0792,37.1913],[100.1829,37.1927],[100.1926,37.1901],[100.2155,37.1804],[100.2238,37.1818],[100.2305,37.1877],[100.2394,37.1933],[100.2494,37.198],[100.2582,37.1995],[100.2747,37.1963],[100.2862,37.1886],[100.2968,37.1795],[100.2962,37.1786],[100.3474,37.1177],[100.4416,37.0461],[100.4696,37.0173],[100.5599,36.8875],[100.5779,36.8701],[100.5935,36.8636],[100.6388,36.8633],[100.6497,36.8607],[100.6721,36.8516],[100.6797,36.8495],[100.6886,36.8536],[100.6959,36.8604],[100.7045,36.8627],[100.7174,36.8533]]]}},{"type":"Feature","properties":{"kind":"lake","name":"阿拉湖","scalerank":4,"major":false,"label":true},"geometry":{"type":"Polygon","coordinates":[[[82.1274,45.7879],[82.1366,45.7805],[82.1439,45.7717],[82.1433,45.759],[82.1166,45.7505],[82.0742,45.7767],[82.0056,45.8341],[81.9579,45.8461],[81.9084,45.8464],[81.7724,45.8194],[81.7492,45.8202],[81.7389,45.8303],[81.7298,45.8441],[81.7092,45.8544],[81.6706,45.8682],[81.6591,45.8824],[81.6512,45.9006],[81.6417,45.9168],[81.6261,45.9233],[81.6167,45.9292],[81.5543,45.9898],[81.5378,46.0007],[81.5196,46.0054],[81.4804,46.0092],[81.4077,46.0295],[81.3936,46.0375],[81.3792,46.0498],[81.3765,46.0569],[81.3783,46.0787],[81.3768,46.0905],[81.3868,46.1111],[81.3898,46.122],[81.3818,46.1458],[81.3936,46.1552],[81.4113,46.1626],[81.4242,46.1699],[81.4116,46.1873],[81.4236,46.2291],[81.4166,46.2518],[81.4083,46.2547],[81.3965,46.2547],[81.3865,46.2568],[81.3827,46.2659],[81.3868,46.2706],[81.3965,46.2742],[81.4166,46.2792],[81.3889,46.2956],[81.3874,46.316],[81.3971,46.3392],[81.4057,46.3766],[81.4113,46.3851],[81.4327,46.4034],[81.4398,46.4066],[81.4475,46.4087],[81.4548,46.4093],[81.4613,46.4122],[81.4657,46.4187],[81.4687,46.4255],[81.4719,46.4299],[81.5134,46.4446],[81.5267,46.4511],[81.5499,46.4743],[81.5626,46.4826],[81.5682,46.4746],[81.5723,46.459],[81.5826,46.457],[81.6394,46.4708],[81.6432,46.4676],[81.6423,46.4605],[81.6397,46.4561],[81.6353,46.4531],[81.6297,46.4511],[81.6297,46.4434],[81.6941,46.4434],[81.7109,46.4505],[81.7209,46.4525],[81.7251,46.4472],[81.7259,46.4393],[81.7289,46.4337],[81.7342,46.4308],[81.7421,46.4299],[81.7657,46.4311],[81.773,46.4299],[81.7804,46.4266],[81.7933,46.4154],[81.8234,46.4031],[81.839,46.4025],[81.8555,46.4093],[81.8622,46.4025],[81.8549,46.3878],[81.9146,46.3613],[81.9176,46.3336],[81.9414,46.3324],[81.9585,46.3263],[81.9688,46.3133],[81.9738,46.2656],[81.98,46.2494],[81.9926,46.2374],[82.0129,46.2238],[82.0238,46.2194],[82.033,46.2173],[82.0409,46.2138],[82.0474,46.2047],[82.0491,46.1929],[82.0468,46.1808],[82.043,46.1694],[82.0318,46.0931],[82.0268,46.0805],[82.0415,46.0404],[82.05,45.9536],[82.0609,45.9097],[82.0924,45.8482],[82.106,45.8303],[82.1227,45.7961],[82.1274,45.7879]]]}},{"type":"Feature","properties":{"kind":"lake","name":"吉爾吉斯湖","scalerank":5,"major":false,"label":false},"geometry":{"type":"Polygon","coordinates":[[[92.9165,49.329],[92.9156,49.3291],[92.9165,49.3291],[92.9165,49.329]],[[93.7875,49.171],[93.8066,49.1572],[93.8119,49.1215],[93.7863,49.1021],[93.6992,49.0827],[93.6565,49.0618],[93.5803,49.0338],[93.5535,49.0429],[93.5158,49.0432],[93.4787,49.0362],[93.4537,49.0241],[93.4354,49.0123],[93.4296,49.0064],[93.4281,49.0006],[93.4307,48.9847],[93.4296,48.9791],[93.4163,48.9691],[93.383,48.9585],[93.368,48.9517],[93.3348,48.9835],[93.3227,49.0226],[93.3159,49.0627],[93.2997,49.0956],[93.2812,49.1095],[93.2644,49.1104],[93.2447,49.1056],[93.217,49.1027],[93.1632,49.103],[93.1367,49.1068],[93.114,49.1157],[93.1025,49.1289],[93.0928,49.1474],[93.0807,49.1636],[93.0631,49.1707],[92.87,49.2104],[92.8267,49.2331],[92.8064,49.267],[92.8152,49.2946],[92.8426,49.3149],[92.8791,49.327],[92.9171,49.3288],[92.9165,49.329],[92.9277,49.3288],[92.9518,49.3252],[92.9768,49.3182],[92.9907,49.3082],[93.0154,49.322],[93.0866,49.3202],[93.1358,49.3397],[93.152,49.332],[93.1764,49.3082],[93.1923,49.3011],[93.2079,49.2999],[93.2382,49.3017],[93.2995,49.2937],[93.3689,49.2728],[93.424,49.2372],[93.4431,49.1845],[93.4499,49.1845],[93.4587,49.211],[93.4858,49.2196],[93.5211,49.2178],[93.5885,49.206],[93.6044,49.1995],[93.6182,49.1884],[93.645,49.1507],[93.6565,49.1436],[93.6512,49.158],[93.6424,49.1739],[93.6353,49.1898],[93.6356,49.2057],[93.645,49.2181],[93.6586,49.2187],[93.6901,49.2057],[93.7875,49.171]]]}},{"type":"Feature","properties":{"kind":"lake","name":"滇池","scalerank":4,"major":true,"label":true,"source":"hand"},"geometry":{"type":"Polygon","coordinates":[[[102.6,24.72],[102.98,24.72],[102.95,24.98],[102.62,24.98]]]}},{"type":"Feature","properties":{"kind":"lake","name":"洱海","scalerank":4,"major":true,"label":true,"source":"hand"},"geometry":{"type":"Polygon","coordinates":[[[99.92,25.6],[100.3,25.62],[100.28,25.92],[99.9,25.9]]]}},{"type":"Feature","properties":{"kind":"lake","name":"抚仙湖","scalerank":4,"major":true,"label":true,"source":"hand"},"geometry":{"type":"Polygon","coordinates":[[[102.83,24.34],[103.0,24.34],[103.0,24.62],[102.83,24.62]]]}},{"type":"Feature","properties":{"kind":"lake","name":"泸沽湖","scalerank":4,"major":true,"label":true,"source":"hand"},"geometry":{"type":"Polygon","coordinates":[[[100.62,27.66],[100.78,27.66],[100.8,27.74],[100.6,27.74]]]}},{"type":"Feature","properties":{"kind":"lake","name":"程海","scalerank":4,"major":true,"label":true,"source":"hand"},"geometry":{"type":"Polygon","coordinates":[[[100.6,26.5],[100.75,26.5],[100.75,26.62],[100.6,26.62]]]}},{"type":"Feature","properties":{"kind":"lake","name":"星云湖","scalerank":4,"major":true,"label":true,"source":"hand"},"geometry":{"type":"Polygon","coordinates":[[[102.68,24.28],[102.78,24.28],[102.78,24.38],[102.68,24.38]]]}},{"type":"Feature","properties":{"kind":"lake","name":"阳宗海","scalerank":4,"major":true,"label":true,"source":"hand"},"geometry":{"type":"Polygon","coordinates":[[[102.93,24.82],[103.03,24.82],[103.03,24.95],[102.93,24.95]]]}},{"type":"Feature","properties":{"kind":"lake","name":"异龙湖","scalerank":4,"major":true,"label":true,"source":"hand"},"geometry":{"type":"Polygon","coordinates":[[[102.42,23.68],[102.55,23.68],[102.55,23.78],[102.42,23.78]]]}}]}