{"type":"FeatureCollection","features":[{"type":"Feature","properties":{"kind":"mountain_hachure"},"geometry":{"type":"LineString","coordinates":[[106.59548,41.04538],[106.60639,41.22505]]}},{"type":"Feature","properties":{"kind":"mountain_hachure"},"geometry":{"type":"LineString","coordinates":[[108.99548,41.04538],[109.00639,41.22505]]}},{"type":"Feature","properties":{"kind":"mountain_hachure"},"geometry":{"type":"LineString","coordinates":[[109.29548,41.04538],[109.30639,41.22505]]}},{"type":"Feature","properties":{"kind":"mountain_hachure"},"geometry":{"type":"LineString","coordinates":[[109.59548,41.04538],[109.60639,41.22505]]}},{"type":"Feature","properties":{"kind":"mountain_hachure"},"geometry":{"type":"LineString","coordinates":[[109.89548,41.04538],[109.90639,41.22505]]}},{"type":"Feature","properties":{"kind":"mountain_hachure"},"geometry":{"type":"LineString","coordinates":[[110.19548,41.04538],[110.20639,41.22505]]}},{"type":"Feature","properties":{"kind":"mountain_hachure"},"geometry":{"type":"LineString","coordinates":[[110.49548,41.04538],[110.50639,41.22505]]}},{"type":"Feature","properties":{"kind":"mountain_hachure"},"geometry":{"type":"LineString","coordinates":[[110.79548,41.04538],[110.80639,41.22505]]}},{"type":"Feature","properties":{"kind":"mountain_hachure"},"geometry":{"type":"LineString","coordinates":[[111.09548,41.04538],[111.10639,41.22505]]}},{"type":"Feature","properties":{"kind":"mountain_hachure"},"geometry":{"type":"LineString","coordinates":[[111.39548,41.04538],[111.40639,41.22505]]}},{"type":"Feature","properties":{"kind":"mountain_hachure"},"geometry":{"type":"LineString","coordinates":[[105.99548,41.34538],[106.00639,41.52505]]}},{"type":"Feature","properties":{"kind":"mountain_hachure"},"geometry":{"type":"LineString","coordinates":[[106.29548,41.34538],[106.30639,41.52505]]}},{"type":"Feature","properties":{"kind":"mountain_hachure"},"geometry":{"type":"LineString","coordinates":[[106.59548,41.34538],[106.60639,41.52505]]}},{"type":"Feature","properties":{"kind":"mountain_hachure"},"geometry":{"type":"LineString","coordinates":[[106.89548,41.34538],[106.90639,41.52505]]}},{"type":"Feature","properties":{"kind":"mountain_hachure"},"geometry":{"type":"LineString","coordinates":[[107.19548,41.34538],[107.20639,41.52505]]}},{"type":"Feature","properties":{"kind":"mountain_hachure"},"geometry":{"type":"LineString","coordinates":[[107.49548,41.34538],[107.50639,41.52505]]}},{"type":"Feature","properties":{"kind":"mountain_hachure"},"geometry":{"type":"LineString","coordinates":[[107.79548,41.34538],[107.80639,41.52505]]}},{"type":"Feature","properties":{"kind":"mountain_hachure"},"geometry":{"type":"LineString","coordinates":[[108.09548,41.34538],[108.10639,41.52505]]}},{"type":"Feature","properties":{"kind":"mountain_hachure"},"geometry":{"type":"LineString","coordinates":[[108.39548,41.34538],[108.40639,41.52505]]}},{"type":"Feature","properties":{"kind":"mountain_hachure"},"geometry":{"type":"LineString","coordinates":[[108.69548,41.34538],[108.70639,41.52505]]}},{"type":"Feature","properties":{"kind":"mountain_hachure"},"geometry":{"type":"LineString","coordinates":[[108.99548,41.34538],[109.00639,41.52505]]}},{"type":"Feature","properties":{"kind":"mountain_hachure"},"geometry":{"type":"LineString","coordinates":[[109.29548,41.34538],[109.30639,41.52505]]}},{"type":"Feature","properties":{"kind":"mountain_hachure"},"geometry":{"type":"LineString","coordinates":[[109.59548,41.34538],[109.60639,41.52505]]}},{"type":"Feature","properties":{"kind":"mountain_hachure"},"geometry":{"type":"LineString","coordinates":[[109.89548,41.34538],[109.90639,41.52505]]}},{"type":"Feature","properties":{"kind":"mountain_hachure"},"geometry":{"type":"LineString","coordinates":[[110.19548,41.34538],[110.20639,41.52505]]}},{"type":"Feature","properties":{"kind":"mountain_hachure"},"geometry":{"type":"LineString","coordinates":[[110.49548,41.34538],[110.50639,41.52505]]}},{"type":"Feature","properties":{"kind":"mountain_hachure"},"geometry":{"type":"LineString","coordinates":[[110.79548,41.34538],[110.80639,41.52505]]}},{"type":"Feature","properties":{"kind":"mountain_hachure"},"geometry":{"type":"LineString","coordinates":[[111.09548,41.34538],[111.10639,41.52505]]}},{"type":"Feature","properties":{"kind":"mountain_hachure"},"geometry":{"type":"LineString","coordinates":[[111.39548,41.34538],[111.40639,41.52505]]}},{"type":"Feature","properties":{"kind":"mountain_hachure"},"geometry":{"type":"LineString","coordinates":[[105.99548,41.64538],[106.00639,41.82505]]}},{"type":"Feature","properties":{"kind":"mountain_hachure"},"geometry":{"type":"LineString","coordinates":[[106.29548,41.64538],[106.30639,41.82505]]}},{"type":"Feature","properties":{"kind":"mountain_hachure"},"geometry":{"type":"LineString","coordinates":[[106.59548,41.64538],[106.60639,41.82505]]}},{"type":"Feature","properties":{"kind":"mountain_hachure"},"geometry":{"type":"LineString","coordinates":[[106.89548,41.64538],[106.90639,41.82505]]}},{"type":"Feature","properties":{"kind":"mountain_hachure"},"geometry":{"type":"LineString","coordinates":[[107.19548,41.64538],[107.20639,41.82505]]}},{"type":"Feature","properties":{"kind":"mountain_hachure"},"geometry":{"type":"LineString","coordinates":[[107.49548,41.64538],[107.50639,41.82505]]}},{"type":"Feature","properties":{"kind":"mountain_hachure"},"geometry":{"type":"LineString","coordinates":[[107.79548,41.64538],[107.80639,41.82505]]}},{"type":"Feature","properties":{"kind":"mountain_hachure"},"geometry":{"type":"LineString","coordinates":[[108.09548,41.64538],[108.10639,41.82505]]}},{"type":"Feature","properties":{"kind":"mountain_hachure"},"geometry":{"type":"LineString","coordinates":[[108.39548,41.64538],[108.40639,41.82505]]}},{"type":"Feature","properties":{"kind":"mountain_hachure"},"geometry":{"type":"LineString","coordinates":[[108.69548,41.64538],[108.70639,41.82505]]}},{"type":"Feature","properties":{"kind":"mountain_hachure"},"geometry":{"type":"LineString","coordinates":[[108.99548,41.64538],[109.00639,41.82505]]}},{"type":"Feature","properties":{"kind":"mountain_hachure"},"geometry":{"type":"LineString","coordinates":[[109.29548,41.64538],[109.30639,41.82505]]}},{"type":"Feature","properties":{"kind":"mountain_hachure"},"geometry":{"type":"LineString","coordinates":[[109.59548,41.64538],[109.60639,41.82505]]}},{"type":"Feature","properties":{"kind":"mountain_hachure"},"geometry":{"type":"LineString","coordinates":[[109.89548,41.64538],[109.90639,41.82505]]}},{"type":"Feature","properties":{"kind":"mountain_hachure"},"geometry":{"type":"LineString","coordinates":[[110.19548,41.64538],[110.20639,41.82505]]}},{"type":"Feature","properties":{"kind":"mountain_hachure"},"geometry":{"type":"LineString","coordinates":[[110.49548,41.64538],[110.50639,41.82505]]}},{"type":"Feature","properties":{"kind":"mountain_hachure"},"geometry":{"type":"LineString","coordinates":[[110.79548,41.64538],[110.80639,41.82505]]}},{"type":"Feature","properties":{"kind":"mountain_hachure"},"geometry":{"type":"LineString","coordinates":[[111.09548,41.64538],[111.10639,41.82505]]}},{"type":"Feature","properties":{"kind":"mountain_hachure"},"geometry":{"type":"LineString","coordinates":[[111.39548,41.64538],[111.40639,41.82505]]}},{"type":"Feature","properties":{"kind":"mountain_hachure"},"geometry":{"type":"LineString","coordinates":[[105.99548,41.94538],[106.00639,42.12505]]}},{"type":"Feature","properties":{"kind":"mountain_hachure"},"geometry":{"type":"LineString","coordinates":[[106.29548,41.94538],[106.30639,42.12505]]}},{"type":"Feature","properties":{"kind":"mountain_hachure"},"geometry":{"type":"LineString","coordinates":[[106.59548,41.94538],[106.60639,42.12505]]}},{"type":"Feature","properties":{"kind":"mountain_hachure"},"geometry":{"type":"LineString","coordinates":[[106.89548,41.94538],[106.90639,42.12505]]}},{"type":"Feature","properties":{"kind":"mountain_hachure"},"geometry":{"type":"LineString","coordinates":[[107.19548,41.94538],[107.20639,42.12505]]}},{"type":"Feature","properties":{"kind":"mountain_hachure"},"geometry":{"type":"LineString","coordinates":[[107.49548,41.94538],[107.50639,42.12505]]}},{"type":"Feature","properties":{"kind":"mountain_hachure"},"geometry":{"type":"LineString","coordinates":[[107.79548,41.94538],[107.80639,42.12505]]}},{"type":"Feature","properties":{"kind":"mountain_hachure"},"geometry":{"type":"LineString","coordinates":[[108.09548,41.94538],[108.10639,42.12505]]}},{"type":"Feature","properties":{"kind":"mountain_hachure"},"geometry":{"type":"LineString","coordinates":[[108.39548,41.94538],[108.40639,42.12505]]}},{"type":"Feature","properties":{"kind":"mountain_hachure"},"geometry":{"type":"LineString","coordinates":[[108.69548,41.94538],[108.70639,42.12505]]}},{"type":"Feature","properties":{"kind":"mountain_hachure"},"geometry":{"type":"LineString","coordinates":[[108.99548,41.94538],[109.00639,42.12505]]}},{"type":"Feature","properties":{"kind":"mountain_hachure"},"geometry":{"type":"LineString","coordinates":[[109.29548,41.94538],[109.30639,42.12505]]}},{"type":"Feature","properties":{"kind":"mountain_hachure"},"geometry":{"type":"LineString","coordinates":[[109.59548,41.94538],[109.60639,42.12505]]}},{"type":"Feature","properties":{"kind":"mountain_hachure"},"geometry":{"type":"LineString","coordinates":[[109.89548,41.94538],[109.90639,42.12505]]}},{"type":"Feature","properties":{"kind":"mountain_hachure"},"geometry":{"type":"LineString","coordinates":[[110.19548,41.94538],[110.20639,42.12505]]}},{"type":"Feature","properties":{"kind":"mountain_hachure"},"geometry":{"type":"LineString","coordinates":[[110.49548,41.94538],[110.50639,42.12505]]}},{"type":"Feature","properties":{"kind":"mountain_hachure"},"geometry":{"type":"LineString","coordinates":[[106.89548,42.24538],[106.90639,42.42505]]}},{"type":"Feature","properties":{"kind":"mountain_hachure"},"geometry":{"type":"LineString","coordinates":[[107.19548,42.24538],[107.20639,42.42505]]}},{"type":"Feature","properties":{"kind":"mountain_hachure"},"geometry":{"type":"LineString","coordinates":[[107.49548,42.24538],[107.50639,42.42505]]}},{"type":"Feature","properties":{"kind":"mountain_hachure"},"geometry":{"type":"LineString","coordinates":[[107.79548,42.24538],[107.80639,42.42505]]}},{"type":"Feature","properties":{"kind":"mountain_hachure"},"geometry":{"type":"LineString","coordinates":[[108.09548,42.24538],[108.10639,42.42505]]}},{"type":"Feature","properties":{"kind":"mountain_axis","name":"阴山","source":"Natural Earth 10m"},"geometry":{"type":"LineString","coordinates":[[105.70861,41.66725],[111.71174,41.3028]]}},{"type":"Feature","properties":{"kind":"mountain_arrow"},"geometry":{"type":"LineString","coordinates":[[105.70861,41.66725],[105.39825,41.50576]]}},{"type":"Feature","properties":{"kind":"mountain_arrow"},"geometry":{"type":"LineString","coordinates":[[105.70861,41.66725],[105.42007,41.8651]]}},{"type":"Feature","properties":{"kind":"mountain_arrow"},"geometry":{"type":"LineString","coordinates":[[111.71174,41.3028],[112.00028,41.10495]]}},{"type":"Feature","properties":{"kind":"mountain_arrow"},"geometry":{"type":"LineString","coordinates":[[111.71174,41.3028],[112.0221,41.46429]]}},{"type":"Feature","properties":{"kind":"mountain_area","name":"阴山","source":"Natural Earth 10m"},"geometry":{"type":"Polygon","coordinates":[[[111.55702,41.68189],[111.70324,41.23458],[111.70692,41.22333],[111.63191,41.17859],[111.43411,41.0606],[111.20423,40.92347],[110.81617,40.83521],[107.35029,41.33997],[107.18263,41.36439],[107.00611,41.18806],[106.54762,41.04688],[106.15943,41.22333],[105.70094,41.54084],[106.01844,42.14051],[106.56398,42.32648],[107.68263,42.40363],[111.0984,41.96418],[111.55702,41.68189]]]}},{"type":"Feature","properties":{"kind":"mountain_label","name":"阴山","source":"Natural Earth 10m"},"geometry":{"type":"Point","coordinates":[109.05117,41.46432]}},{"type":"Feature","properties":{"kind":"mountain_peaks","name":"阴山","source":"Natural Earth 10m"},"geometry":{"type":"MultiPoint","coordinates":[[110.6,41.00833],[106.83333,41.15833],[111.0,40.99167]]}},{"type":"Feature","properties":{"kind":"mountain_hachure"},"geometry":{"type":"LineString","coordinates":[[113.08703,35.66816],[113.26543,35.64426]]}},{"type":"Feature","properties":{"kind":"mountain_hachure"},"geometry":{"type":"LineString","coordinates":[[113.38703,35.66816],[113.56543,35.64426]]}},{"type":"Feature","properties":{"kind":"mountain_hachure"},"geometry":{"type":"LineString","coordinates":[[113.68703,35.66816],[113.86543,35.64426]]}},{"type":"Feature","properties":{"kind":"mountain_hachure"},"geometry":{"type":"LineString","coordinates":[[113.08703,35.96816],[113.26543,35.94426]]}},{"type":"Feature","properties":{"kind":"mountain_hachure"},"geometry":{"type":"LineString","coordinates":[[113.38703,35.96816],[113.56543,35.94426]]}},{"type":"Feature","properties":{"kind":"mountain_hachure"},"geometry":{"type":"LineString","coordinates":[[113.68703,35.96816],[113.86543,35.94426]]}},{"type":"Feature","properties":{"kind":"mountain_hachure"},"geometry":{"type":"LineString","coordinates":[[113.98703,35.96816],[114.16543,35.94426]]}},{"type":"Feature","properties":{"kind":"mountain_hachure"},"geometry":{"type":"LineString","coordinates":[[113.08703,36.26816],[113.26543,36.24426]]}},{"type":"Feature","properties":{"kind":"mountain_hachure"},"geometry":{"type":"LineString","coordinates":[[113.38703,36.26816],[113.56543,36.24426]]}},{"type":"Feature","properties":{"kind":"mountain_hachure"},"geometry":{"type":"LineString","coordinates":[[113.68703,36.26816],[113.86543,36.24426]]}},{"type":"Feature","properties":{"kind":"mountain_hachure"},"geometry":{"type":"LineString","coordinates":[[113.98703,36.26816],[114.16543,36.24426]]}},{"type":"Feature","properties":{"kind":"mountain_hachure"},"geometry":{"type":"LineString","coordinates":[[114.28703,36.26816],[114.46543,36.24426]]}},{"type":"Feature","properties":{"kind":"mountain_hachure"},"geometry":{"type":"LineString","coordinates":[[113.08703,36.56816],[113.26543,36.54426]]}},{"type":"Feature","properties":{"kind":"mountain_hachure"},"geometry":{"type":"LineString","coordinates":[[113.38703,36.56816],[113.56543,36.54426]]}},{"type":"Feature","properties":{"kind":"mountain_hachure"},"geometry":{"type":"LineString","coordinates":[[113.68703,36.56816],[113.86543,36.54426]]}},{"type":"Feature","properties":{"kind":"mountain_hachure"},"geometry":{"type":"LineString","coordinates":[[113.98703,36.56816],[114.16543,36.54426]]}},{"type":"Feature","properties":{"kind":"mountain_hachure"},"geometry":{"type":"LineString","coordinates":[[114.28703,36.56816],[114.46543,36.54426]]}},{"type":"Feature","properties":{"kind":"mountain_hachure"},"geometry":{"type":"LineString","coordinates":[[113.08703,36.86816],[113.26543,36.84426]]}},{"type":"Feature","properties":{"kind":"mountain_hachure"},"geometry":{"type":"LineString","coordinates":[[113.38703,36.86816],[113.56543,36.84426]]}},{"type":"Feature","properties":{"kind":"mountain_hachure"},"geometry":{"type":"LineString","coordinates":[[113.68703,36.86816],[113.86543,36.84426]]}},{"type":"Feature","properties":{"kind":"mountain_hachure"},"geometry":{"type":"LineString","coordinates":[[113.98703,36.86816],[114.16543,36.84426]]}},{"type":"Feature","properties":{"kind":"mountain_hachure"},"geometry":{"type":"LineString","coordinates":[[114.28703,36.86816],[114.46543,36.84426]]}},{"type":"Feature","properties":{"kind":"mountain_hachure"},"geometry":{"type":"LineString","coordinates":[[113.08703,37.16816],[113.26543,37.14426]]}},{"type":"Feature","properties":{"kind":"mountain_hachure"},"geometry":{"type":"LineString","coordinates":[[113.38703,37.16816],[113.56543,37.14426]]}},{"type":"Feature","properties":{"kind":"mountain_hachure"},"geometry":{"type":"LineString","coordinates":[[113.68703,37.16816],[113.86543,37.14426]]}},{"type":"Feature","properties":{"kind":"mountain_hachure"},"geometry":{"type":"LineString","coordinates":[[113.98703,37.16816],[114.16543,37.14426]]}},{"type":"Feature","properties":{"kind":"mountain_hachure"},"geometry":{"type":"LineString","coordinates":[[114.28703,37.16816],[114.46543,37.14426]]}},{"type":"Feature","properties":{"kind":"mountain_hachure"},"geometry":{"type":"LineString","coordinates":[[113.08703,37.46816],[113.26543,37.44426]]}},{"type":"Feature","properties":{"kind":"mountain_hachure"},"geometry":{"type":"LineString","coordinates":[[113.38703,37.46816],[113.56543,37.44426]]}},{"type":"Feature","properties":{"kind":"mountain_hachure"},"geometry":{"type":"LineString","coordinates":[[113.68703,37.46816],[113.86543,37.44426]]}},{"type":"Feature","properties":{"kind":"mountain_hachure"},"geometry":{"type":"LineString","coordinates":[[113.98703,37.46816],[114.16543,37.44426]]}},{"type":"Feature","properties":{"kind":"mountain_hachure"},"geometry":{"type":"LineString","coordinates":[[114.28703,37.46816],[114.46543,37.44426]]}},{"type":"Feature","properties":{"kind":"mountain_hachure"},"geometry":{"type":"LineString","coordinates":[[113.08703,37.76816],[113.26543,37.74426]]}},{"type":"Feature","properties":{"kind":"mountain_hachure"},"geometry":{"type":"LineString","coordinates":[[113.38703,37.76816],[113.56543,37.74426]]}},{"type":"Feature","properties":{"kind":"mountain_hachure"},"geometry":{"type":"LineString","coordinates":[[113.68703,37.76816],[113.86543,37.74426]]}},{"type":"Feature","properties":{"kind":"mountain_hachure"},"geometry":{"type":"LineString","coordinates":[[113.98703,37.76816],[114.16543,37.74426]]}},{"type":"Feature","properties":{"kind":"mountain_hachure"},"geometry":{"type":"LineString","coordinates":[[114.28703,37.76816],[114.46543,37.74426]]}},{"type":"Feature","properties":{"kind":"mountain_hachure"},"geometry":{"type":"LineString","coordinates":[[113.08703,38.06816],[113.26543,38.04426]]}},{"type":"Feature","properties":{"kind":"mountain_hachure"},"geometry":{"type":"LineString","coordinates":[[113.38703,38.06816],[113.56543,38.04426]]}},{"type":"Feature","properties":{"kind":"mountain_hachure"},"geometry":{"type":"LineString","coordinates":[[113.68703,38.06816],[113.86543,38.04426]]}},{"type":"Feature","properties":{"kind":"mountain_hachure"},"geometry":{"type":"LineString","coordinates":[[113.98703,38.06816],[114.16543,38.04426]]}},{"type":"Feature","properties":{"kind":"mountain_hachure"},"geometry":{"type":"LineString","coordinates":[[114.28703,38.06816],[114.46543,38.04426]]}},{"type":"Feature","properties":{"kind":"mountain_hachure"},"geometry":{"type":"LineString","coordinates":[[113.08703,38.36816],[113.26543,38.34426]]}},{"type":"Feature","properties":{"kind":"mountain_hachure"},"geometry":{"type":"LineString","coordinates":[[113.38703,38.36816],[113.56543,38.34426]]}},{"type":"Feature","properties":{"kind":"mountain_hachure"},"geometry":{"type":"LineString","coordinates":[[113.68703,38.36816],[113.86543,38.34426]]}},{"type":"Feature","properties":{"kind":"mountain_hachure"},"geometry":{"type":"LineString","coordinates":[[113.98703,38.36816],[114.16543,38.34426]]}},{"type":"Feature","properties":{"kind":"mountain_hachure"},"geometry":{"type":"LineString","coordinates":[[114.28703,38.36816],[114.46543,38.34426]]}},{"type":"Feature","properties":{"kind":"mountain_hachure"},"geometry":{"type":"LineString","coordinates":[[113.08703,38.66816],[113.26543,38.64426]]}},{"type":"Feature","properties":{"kind":"mountain_hachure"},"geometry":{"type":"LineString","coordinates":[[113.38703,38.66816],[113.56543,38.64426]]}},{"type":"Feature","properties":{"kind":"mountain_hachure"},"geometry":{"type":"LineString","coordinates":[[113.68703,38.66816],[113.86543,38.64426]]}},{"type":"Feature","properties":{"kind":"mountain_hachure"},"geometry":{"type":"LineString","coordinates":[[113.98703,38.66816],[114.16543,38.64426]]}},{"type":"Feature","properties":{"kind":"mountain_hachure"},"geometry":{"type":"LineString","coordinates":[[114.28703,38.66816],[114.46543,38.64426]]}},{"type":"Feature","properties":{"kind":"mountain_hachure"},"geometry":{"type":"LineString","coordinates":[[113.38703,38.96816],[113.56543,38.94426]]}},{"type":"Feature","properties":{"kind":"mountain_hachure"},"geometry":{"type":"LineString","coordinates":[[113.68703,38.96816],[113.86543,38.94426]]}},{"type":"Feature","properties":{"kind":"mountain_hachure"},"geometry":{"type":"LineString","coordinates":[[113.98703,38.96816],[114.16543,38.94426]]}},{"type":"Feature","properties":{"kind":"mountain_hachure"},"geometry":{"type":"LineString","coordinates":[[114.28703,38.96816],[114.46543,38.94426]]}},{"type":"Feature","properties":{"kind":"mountain_hachure"},"geometry":{"type":"LineString","coordinates":[[113.38703,39.26816],[113.56543,39.24426]]}},{"type":"Feature","properties":{"kind":"mountain_hachure"},"geometry":{"type":"LineString","coordinates":[[113.68703,39.26816],[113.86543,39.24426]]}},{"type":"Feature","properties":{"kind":"mountain_hachure"},"geometry":{"type":"LineString","coordinates":[[113.98703,39.26816],[114.16543,39.24426]]}},{"type":"Feature","properties":{"kind":"mountain_hachure"},"geometry":{"type":"LineString","coordinates":[[114.28703,39.26816],[114.46543,39.24426]]}},{"type":"Feature","properties":{"kind":"mountain_hachure"},"geometry":{"type":"LineString","coordinates":[[113.38703,39.56816],[113.56543,39.54426]]}},{"type":"Feature","properties":{"kind":"mountain_hachure"},"geometry":{"type":"LineString","coordinates":[[113.68703,39.56816],[113.86543,39.54426]]}},{"type":"Feature","properties":{"kind":"mountain_hachure"},"geometry":{"type":"LineString","coordinates":[[113.98703,39.56816],[114.16543,39.54426]]}},{"type":"Feature","properties":{"kind":"mountain_hachure"},"geometry":{"type":"LineString","coordinates":[[114.28703,39.56816],[114.46543,39.54426]]}},{"type":"Feature","properties":{"kind":"mountain_hachure"},"geometry":{"type":"LineString","coordinates":[[113.38703,39.86816],[113.56543,39.84426]]}},{"type":"Feature","properties":{"kind":"mountain_hachure"},"geometry":{"type":"LineString","coordinates":[[113.68703,39.86816],[113.86543,39.84426]]}},{"type":"Feature","properties":{"kind":"mountain_hachure"},"geometry":{"type":"LineString","coordinates":[[113.98703,39.86816],[114.16543,39.84426]]}},{"type":"Feature","properties":{"kind":"mountain_hachure"},"geometry":{"type":"LineString","coordinates":[[114.28703,39.86816],[114.46543,39.84426]]}},{"type":"Feature","properties":{"kind":"mountain_hachure"},"geometry":{"type":"LineString","coordinates":[[113.38703,40.16816],[113.56543,40.14426]]}},{"type":"Feature","properties":{"kind":"mountain_hachure"},"geometry":{"type":"LineString","coordinates":[[113.68703,40.16816],[113.86543,40.14426]]}},{"type":"Feature","properties":{"kind":"mountain_hachure"},"geometry":{"type":"LineString","coordinates":[[113.98703,40.16816],[114.16543,40.14426]]}},{"type":"Feature","properties":{"kind":"mountain_hachure"},"geometry":{"type":"LineString","coordinates":[[114.28703,40.16816],[114.46543,40.14426]]}},{"type":"Feature","properties":{"kind":"mountain_hachure"},"geometry":{"type":"LineString","coordinates":[[113.38703,40.46816],[113.56543,40.44426]]}},{"type":"Feature","properties":{"kind":"mountain_hachure"},"geometry":{"type":"LineString","coordinates":[[113.68703,40.46816],[113.86543,40.44426]]}},{"type":"Feature","properties":{"kind":"mountain_hachure"},"geometry":{"type":"LineString","coordinates":[[113.98703,40.46816],[114.16543,40.44426]]}},{"type":"Feature","properties":{"kind":"mountain_hachure"},"geometry":{"type":"LineString","coordinates":[[114.28703,40.46816],[114.46543,40.44426]]}},{"type":"Feature","properties":{"kind":"mountain_hachure"},"geometry":{"type":"LineString","coordinates":[[113.38703,40.76816],[113.56543,40.74426]]}},{"type":"Feature","properties":{"kind":"mountain_hachure"},"geometry":{"type":"LineString","coordinates":[[113.68703,40.76816],[113.86543,40.74426]]}},{"type":"Feature","properties":{"kind":"mountain_hachure"},"geometry":{"type":"LineString","coordinates":[[113.98703,40.76816],[114.16543,40.74426]]}},{"type":"Feature","properties":{"kind":"mountain_hachure"},"geometry":{"type":"LineString","coordinates":[[114.28703,40.76816],[114.46543,40.74426]]}},{"type":"Feature","properties":{"kind":"mountain_hachure"},"geometry":{"type":"LineString","coordinates":[[114.58703,40.76816],[114.76543,40.74426]]}},{"type":"Feature","properties":{"kind":"mountain_hachure"},"geometry":{"type":"LineString","coordinates":[[113.38703,41.06816],[113.56543,41.04426]]}},{"type":"Feature","properties":{"kind":"mountain_hachure"},"geometry":{"type":"LineString","coordinates":[[113.68703,41.06816],[113.86543,41.04426]]}},{"type":"Feature","properties":{"kind":"mountain_hachure"},"geometry":{"type":"LineString","coordinates":[[113.98703,41.06816],[114.16543,41.04426]]}},{"type":"Feature","properties":{"kind":"mountain_hachure"},"geometry":{"type":"LineString","coordinates":[[114.28703,41.06816],[114.46543,41.04426]]}},{"type":"Feature","properties":{"kind":"mountain_hachure"},"geometry":{"type":"LineString","coordinates":[[114.58703,41.06816],[114.76543,41.04426]]}},{"type":"Feature","properties":{"kind":"mountain_hachure"},"geometry":{"type":"LineString","coordinates":[[113.38703,41.36816],[113.56543,41.34426]]}},{"type":"Feature","properties":{"kind":"mountain_hachure"},"geometry":{"type":"LineString","coordinates":[[113.68703,41.36816],[113.86543,41.34426]]}},{"type":"Feature","properties":{"kind":"mountain_hachure"},"geometry":{"type":"LineString","coordinates":[[113.98703,41.36816],[114.16543,41.34426]]}},{"type":"Feature","properties":{"kind":"mountain_hachure"},"geometry":{"type":"LineString","coordinates":[[114.28703,41.36816],[114.46543,41.34426]]}},{"type":"Feature","properties":{"kind":"mountain_hachure"},"geometry":{"type":"LineString","coordinates":[[114.58703,41.36816],[114.76543,41.34426]]}},{"type":"Feature","properties":{"kind":"mountain_hachure"},"geometry":{"type":"LineString","coordinates":[[113.98703,41.66816],[114.16543,41.64426]]}},{"type":"Feature","properties":{"kind":"mountain_axis","name":"太行山","source":"Natural Earth 10m"},"geometry":{"type":"LineString","coordinates":[[114.27106,41.65595],[113.42273,35.32393]]}},{"type":"Feature","properties":{"kind":"mountain_arrow"},"geometry":{"type":"LineString","coordinates":[[114.27106,41.65595],[114.13249,41.9772]]}},{"type":"Feature","properties":{"kind":"mountain_arrow"},"geometry":{"type":"LineString","coordinates":[[114.27106,41.65595],[114.4893,41.92939]]}},{"type":"Feature","properties":{"kind":"mountain_arrow"},"geometry":{"type":"LineString","coordinates":[[113.42273,35.32393],[113.20449,35.05049]]}},{"type":"Feature","properties":{"kind":"mountain_arrow"},"geometry":{"type":"LineString","coordinates":[[113.42273,35.32393],[113.5613,35.00268]]}},{"type":"Feature","properties":{"kind":"mountain_area","name":"太行山","source":"Natural Earth 10m"},"geometry":{"type":"Polygon","coordinates":[[[113.86317,35.4773],[113.25087,35.35621],[113.15492,35.35981],[113.0951,35.38825],[113.06556,35.4383],[113.0597,35.50703],[113.17054,36.07148],[113.09669,36.75831],[112.98854,37.07484],[112.96559,37.21491],[112.9795,37.32496],[113.05873,37.58948],[113.06349,37.66175],[113.05336,37.72504],[112.90968,37.99976],[112.88929,38.06495],[112.87623,38.20905],[112.89881,38.33521],[112.94837,38.44819],[113.24269,38.86536],[113.29713,38.98499],[113.32533,39.11677],[113.34046,40.95728],[113.25892,41.2234],[113.25892,41.27436],[113.2732,41.32355],[113.30372,41.37226],[113.3423,41.40919],[113.38722,41.4361],[113.48902,41.46656],[113.70265,41.48756],[113.75087,41.50403],[113.96095,41.63398],[114.01368,41.65302],[114.08107,41.66559],[114.22364,41.6623],[114.50318,41.58179],[114.63771,41.51612],[114.75758,41.42341],[114.80421,41.36872],[114.84169,41.30823],[114.86988,41.24164],[114.89747,41.08942],[114.89332,40.97956],[114.83998,40.78614],[114.66114,40.42988],[114.60914,40.266],[114.6034,40.11957],[114.68653,39.72822],[114.68446,39.70972],[114.6753,39.70057],[114.64845,39.69178],[114.63746,39.68299],[114.63282,39.66511],[114.64112,39.59241],[114.63368,39.55305],[114.55836,39.40015],[114.54566,39.35987],[114.54274,39.19379],[114.5359,39.15736],[114.4358,38.97065],[114.39393,38.8368],[114.40256,37.90796],[114.41074,37.02725],[114.41325,36.75706],[114.4181,36.23481],[114.39161,36.13776],[114.34693,36.03895],[114.00001,35.57392],[113.93287,35.51704],[113.86317,35.4773]]]}},{"type":"Feature","properties":{"kind":"mountain_label","name":"太行山","source":"Natural Earth 10m"},"geometry":{"type":"Point","coordinates":[113.91535,39.00093]}},{"type":"Feature","properties":{"kind":"mountain_peaks","name":"太行山","source":"Natural Earth 10m"},"geometry":{"type":"MultiPoint","coordinates":[[113.55833,39.08333],[113.94167,39.88333],[113.44167,39.43333]]}},{"type":"Feature","properties":{"kind":"mountain_hachure"},"geometry":{"type":"LineString","coordinates":[[111.64662,35.01276],[111.82636,35.02243]]}},{"type":"Feature","properties":{"kind":"mountain_hachure"},"geometry":{"type":"LineString","coordinates":[[111.94662,35.01276],[112.12636,35.02243]]}},{"type":"Feature","properties":{"kind":"mountain_hachure"},"geometry":{"type":"LineString","coordinates":[[112.24662,35.01276],[112.42636,35.02243]]}},{"type":"Feature","properties":{"kind":"mountain_hachure"},"geometry":{"type":"LineString","coordinates":[[112.54662,35.01276],[112.72636,35.02243]]}},{"type":"Feature","properties":{"kind":"mountain_hachure"},"geometry":{"type":"LineString","coordinates":[[111.34662,35.31276],[111.52636,35.32243]]}},{"type":"Feature","properties":{"kind":"mountain_hachure"},"geometry":{"type":"LineString","coordinates":[[111.64662,35.31276],[111.82636,35.32243]]}},{"type":"Feature","properties":{"kind":"mountain_hachure"},"geometry":{"type":"LineString","coordinates":[[111.94662,35.31276],[112.12636,35.32243]]}},{"type":"Feature","properties":{"kind":"mountain_hachure"},"geometry":{"type":"LineString","coordinates":[[112.24662,35.31276],[112.42636,35.32243]]}},{"type":"Feature","properties":{"kind":"mountain_hachure"},"geometry":{"type":"LineString","coordinates":[[112.54662,35.31276],[112.72636,35.32243]]}},{"type":"Feature","properties":{"kind":"mountain_hachure"},"geometry":{"type":"LineString","coordinates":[[112.84662,35.31276],[113.02636,35.32243]]}},{"type":"Feature","properties":{"kind":"mountain_hachure"},"geometry":{"type":"LineString","coordinates":[[111.34662,35.61276],[111.52636,35.62243]]}},{"type":"Feature","properties":{"kind":"mountain_hachure"},"geometry":{"type":"LineString","coordinates":[[111.64662,35.61276],[111.82636,35.62243]]}},{"type":"Feature","properties":{"kind":"mountain_hachure"},"geometry":{"type":"LineString","coordinates":[[111.94662,35.61276],[112.12636,35.62243]]}},{"type":"Feature","properties":{"kind":"mountain_hachure"},"geometry":{"type":"LineString","coordinates":[[112.24662,35.61276],[112.42636,35.62243]]}},{"type":"Feature","properties":{"kind":"mountain_hachure"},"geometry":{"type":"LineString","coordinates":[[112.54662,35.61276],[112.72636,35.62243]]}},{"type":"Feature","properties":{"kind":"mountain_hachure"},"geometry":{"type":"LineString","coordinates":[[112.84662,35.61276],[113.02636,35.62243]]}},{"type":"Feature","properties":{"kind":"mountain_hachure"},"geometry":{"type":"LineString","coordinates":[[111.34662,35.91276],[111.52636,35.92243]]}},{"type":"Feature","properties":{"kind":"mountain_hachure"},"geometry":{"type":"LineString","coordinates":[[111.64662,35.91276],[111.82636,35.92243]]}},{"type":"Feature","properties":{"kind":"mountain_hachure"},"geometry":{"type":"LineString","coordinates":[[111.94662,35.91276],[112.12636,35.92243]]}},{"type":"Feature","properties":{"kind":"mountain_hachure"},"geometry":{"type":"LineString","coordinates":[[112.24662,35.91276],[112.42636,35.92243]]}},{"type":"Feature","properties":{"kind":"mountain_hachure"},"geometry":{"type":"LineString","coordinates":[[112.54662,35.91276],[112.72636,35.92243]]}},{"type":"Feature","properties":{"kind":"mountain_hachure"},"geometry":{"type":"LineString","coordinates":[[112.84662,35.91276],[113.02636,35.92243]]}},{"type":"Feature","properties":{"kind":"mountain_hachure"},"geometry":{"type":"LineString","coordinates":[[111.34662,36.21276],[111.52636,36.22243]]}},{"type":"Feature","properties":{"kind":"mountain_hachure"},"geometry":{"type":"LineString","coordinates":[[111.64662,36.21276],[111.82636,36.22243]]}},{"type":"Feature","properties":{"kind":"mountain_hachure"},"geometry":{"type":"LineString","coordinates":[[111.94662,36.21276],[112.12636,36.22243]]}},{"type":"Feature","properties":{"kind":"mountain_hachure"},"geometry":{"type":"LineString","coordinates":[[112.24662,36.21276],[112.42636,36.22243]]}},{"type":"Feature","properties":{"kind":"mountain_hachure"},"geometry":{"type":"LineString","coordinates":[[112.54662,36.21276],[112.72636,36.22243]]}},{"type":"Feature","properties":{"kind":"mountain_hachure"},"geometry":{"type":"LineString","coordinates":[[112.84662,36.21276],[113.02636,36.22243]]}},{"type":"Feature","properties":{"kind":"mountain_hachure"},"geometry":{"type":"LineString","coordinates":[[111.34662,36.51276],[111.52636,36.52243]]}},{"type":"Feature","properties":{"kind":"mountain_hachure"},"geometry":{"type":"LineString","coordinates":[[111.64662,36.51276],[111.82636,36.52243]]}},{"type":"Feature","properties":{"kind":"mountain_hachure"},"geometry":{"type":"LineString","coordinates":[[111.94662,36.51276],[112.12636,36.52243]]}},{"type":"Feature","properties":{"kind":"mountain_hachure"},"geometry":{"type":"LineString","coordinates":[[112.24662,36.51276],[112.42636,36.52243]]}},{"type":"Feature","properties":{"kind":"mountain_hachure"},"geometry":{"type":"LineString","coordinates":[[112.54662,36.51276],[112.72636,36.52243]]}},{"type":"Feature","properties":{"kind":"mountain_hachure"},"geometry":{"type":"LineString","coordinates":[[112.84662,36.51276],[113.02636,36.52243]]}},{"type":"Feature","properties":{"kind":"mountain_hachure"},"geometry":{"type":"LineString","coordinates":[[111.34662,36.81276],[111.52636,36.82243]]}},{"type":"Feature","properties":{"kind":"mountain_hachure"},"geometry":{"type":"LineString","coordinates":[[111.64662,36.81276],[111.82636,36.82243]]}},{"type":"Feature","properties":{"kind":"mountain_hachure"},"geometry":{"type":"LineString","coordinates":[[111.94662,36.81276],[112.12636,36.82243]]}},{"type":"Feature","properties":{"kind":"mountain_hachure"},"geometry":{"type":"LineString","coordinates":[[112.24662,36.81276],[112.42636,36.82243]]}},{"type":"Feature","properties":{"kind":"mountain_hachure"},"geometry":{"type":"LineString","coordinates":[[112.54662,36.81276],[112.72636,36.82243]]}},{"type":"Feature","properties":{"kind":"mountain_hachure"},"geometry":{"type":"LineString","coordinates":[[112.84662,36.81276],[113.02636,36.82243]]}},{"type":"Feature","properties":{"kind":"mountain_hachure"},"geometry":{"type":"LineString","coordinates":[[111.34662,37.11276],[111.52636,37.12243]]}},{"type":"Feature","properties":{"kind":"mountain_hachure"},"geometry":{"type":"LineString","coordinates":[[111.64662,37.11276],[111.82636,37.12243]]}},{"type":"Feature","properties":{"kind":"mountain_hachure"},"geometry":{"type":"LineString","coordinates":[[111.94662,37.11276],[112.12636,37.12243]]}},{"type":"Feature","properties":{"kind":"mountain_hachure"},"geometry":{"type":"LineString","coordinates":[[112.24662,37.11276],[112.42636,37.12243]]}},{"type":"Feature","properties":{"kind":"mountain_hachure"},"geometry":{"type":"LineString","coordinates":[[112.54662,37.11276],[112.72636,37.12243]]}},{"type":"Feature","properties":{"kind":"mountain_hachure"},"geometry":{"type":"LineString","coordinates":[[112.84662,37.11276],[113.02636,37.12243]]}},{"type":"Feature","properties":{"kind":"mountain_hachure"},"geometry":{"type":"LineString","coordinates":[[111.34662,37.41276],[111.52636,37.42243]]}},{"type":"Feature","properties":{"kind":"mountain_hachure"},"geometry":{"type":"LineString","coordinates":[[111.64662,37.41276],[111.82636,37.42243]]}},{"type":"Feature","properties":{"kind":"mountain_hachure"},"geometry":{"type":"LineString","coordinates":[[111.94662,37.41276],[112.12636,37.42243]]}},{"type":"Feature","properties":{"kind":"mountain_hachure"},"geometry":{"type":"LineString","coordinates":[[112.24662,37.41276],[112.42636,37.42243]]}},{"type":"Feature","properties":{"kind":"mountain_hachure"},"geometry":{"type":"LineString","coordinates":[[112.54662,37.41276],[112.72636,37.42243]]}},{"type":"Feature","properties":{"kind":"mountain_hachure"},"geometry":{"type":"LineString","coordinates":[[111.34662,37.71276],[111.52636,37.72243]]}},{"type":"Feature","properties":{"kind":"mountain_hachure"},"geometry":{"type":"LineString","coordinates":[[111.64662,37.71276],[111.82636,37.72243]]}},{"type":"Feature","properties":{"kind":"mountain_hachure"},"geometry":{"type":"LineString","coordinates":[[111.94662,37.71276],[112.12636,37.72243]]}},{"type":"Feature","properties":{"kind":"mountain_hachure"},"geometry":{"type":"LineString","coordinates":[[112.24662,37.71276],[112.42636,37.72243]]}},{"type":"Feature","properties":{"kind":"mountain_hachure"},"geometry":{"type":"LineString","coordinates":[[112.54662,37.71276],[112.72636,37.72243]]}},{"type":"Feature","properties":{"kind":"mountain_hachure"},"geometry":{"type":"LineString","coordinates":[[111.34662,38.01276],[111.52636,38.02243]]}},{"type":"Feature","properties":{"kind":"mountain_hachure"},"geometry":{"type":"LineString","coordinates":[[111.64662,38.01276],[111.82636,38.02243]]}},{"type":"Feature","properties":{"kind":"mountain_hachure"},"geometry":{"type":"LineString","coordinates":[[111.94662,38.01276],[112.12636,38.02243]]}},{"type":"Feature","properties":{"kind":"mountain_hachure"},"geometry":{"type":"LineString","coordinates":[[112.24662,38.01276],[112.42636,38.02243]]}},{"type":"Feature","properties":{"kind":"mountain_hachure"},"geometry":{"type":"LineString","coordinates":[[112.54662,38.01276],[112.72636,38.02243]]}},{"type":"Feature","properties":{"kind":"mountain_hachure"},"geometry":{"type":"LineString","coordinates":[[111.34662,38.31276],[111.52636,38.32243]]}},{"type":"Feature","properties":{"kind":"mountain_hachure"},"geometry":{"type":"LineString","coordinates":[[111.64662,38.31276],[111.82636,38.32243]]}},{"type":"Feature","properties":{"kind":"mountain_hachure"},"geometry":{"type":"LineString","coordinates":[[111.94662,38.31276],[112.12636,38.32243]]}},{"type":"Feature","properties":{"kind":"mountain_hachure"},"geometry":{"type":"LineString","coordinates":[[112.24662,38.31276],[112.42636,38.32243]]}},{"type":"Feature","properties":{"kind":"mountain_hachure"},"geometry":{"type":"LineString","coordinates":[[112.54662,38.31276],[112.72636,38.32243]]}},{"type":"Feature","properties":{"kind":"mountain_hachure"},"geometry":{"type":"LineString","coordinates":[[111.34662,38.61276],[111.52636,38.62243]]}},{"type":"Feature","properties":{"kind":"mountain_hachure"},"geometry":{"type":"LineString","coordinates":[[111.64662,38.61276],[111.82636,38.62243]]}},{"type":"Feature","properties":{"kind":"mountain_hachure"},"geometry":{"type":"LineString","coordinates":[[111.94662,38.61276],[112.12636,38.62243]]}},{"type":"Feature","properties":{"kind":"mountain_hachure"},"geometry":{"type":"LineString","coordinates":[[112.24662,38.61276],[112.42636,38.62243]]}},{"type":"Feature","properties":{"kind":"mountain_hachure"},"geometry":{"type":"LineString","coordinates":[[112.54662,38.61276],[112.72636,38.62243]]}},{"type":"Feature","properties":{"kind":"mountain_hachure"},"geometry":{"type":"LineString","coordinates":[[111.34662,38.91276],[111.52636,38.92243]]}},{"type":"Feature","properties":{"kind":"mountain_hachure"},"geometry":{"type":"LineString","coordinates":[[111.64662,38.91276],[111.82636,38.92243]]}},{"type":"Feature","properties":{"kind":"mountain_hachure"},"geometry":{"type":"LineString","coordinates":[[111.94662,38.91276],[112.12636,38.92243]]}},{"type":"Feature","properties":{"kind":"mountain_hachure"},"geometry":{"type":"LineString","coordinates":[[112.24662,38.91276],[112.42636,38.92243]]}},{"type":"Feature","properties":{"kind":"mountain_hachure"},"geometry":{"type":"LineString","coordinates":[[112.54662,38.91276],[112.72636,38.92243]]}},{"type":"Feature","properties":{"kind":"mountain_hachure"},"geometry":{"type":"LineString","coordinates":[[111.34662,39.21276],[111.52636,39.22243]]}},{"type":"Feature","properties":{"kind":"mountain_hachure"},"geometry":{"type":"LineString","coordinates":[[111.64662,39.21276],[111.82636,39.22243]]}},{"type":"Feature","properties":{"kind":"mountain_hachure"},"geometry":{"type":"LineString","coordinates":[[111.94662,39.21276],[112.12636,39.22243]]}},{"type":"Feature","properties":{"kind":"mountain_hachure"},"geometry":{"type":"LineString","coordinates":[[112.24662,39.21276],[112.42636,39.22243]]}},{"type":"Feature","properties":{"kind":"mountain_hachure"},"geometry":{"type":"LineString","coordinates":[[112.54662,39.21276],[112.72636,39.22243]]}},{"type":"Feature","properties":{"kind":"mountain_hachure"},"geometry":{"type":"LineString","coordinates":[[111.34662,39.51276],[111.52636,39.52243]]}},{"type":"Feature","properties":{"kind":"mountain_hachure"},"geometry":{"type":"LineString","coordinates":[[111.64662,39.51276],[111.82636,39.52243]]}},{"type":"Feature","properties":{"kind":"mountain_hachure"},"geometry":{"type":"LineString","coordinates":[[111.94662,39.51276],[112.12636,39.52243]]}},{"type":"Feature","properties":{"kind":"mountain_hachure"},"geometry":{"type":"LineString","coordinates":[[112.24662,39.51276],[112.42636,39.52243]]}},{"type":"Feature","properties":{"kind":"mountain_hachure"},"geometry":{"type":"LineString","coordinates":[[111.64662,39.81276],[111.82636,39.82243]]}},{"type":"Feature","properties":{"kind":"mountain_hachure"},"geometry":{"type":"LineString","coordinates":[[111.94662,39.81276],[112.12636,39.82243]]}},{"type":"Feature","properties":{"kind":"mountain_hachure"},"geometry":{"type":"LineString","coordinates":[[112.24662,39.81276],[112.42636,39.82243]]}},{"type":"Feature","properties":{"kind":"mountain_hachure"},"geometry":{"type":"LineString","coordinates":[[111.64662,40.11276],[111.82636,40.12243]]}},{"type":"Feature","properties":{"kind":"mountain_hachure"},"geometry":{"type":"LineString","coordinates":[[111.94662,40.11276],[112.12636,40.12243]]}},{"type":"Feature","properties":{"kind":"mountain_hachure"},"geometry":{"type":"LineString","coordinates":[[112.24662,40.11276],[112.42636,40.12243]]}},{"type":"Feature","properties":{"kind":"mountain_hachure"},"geometry":{"type":"LineString","coordinates":[[111.64662,40.41276],[111.82636,40.42243]]}},{"type":"Feature","properties":{"kind":"mountain_hachure"},"geometry":{"type":"LineString","coordinates":[[111.94662,40.41276],[112.12636,40.42243]]}},{"type":"Feature","properties":{"kind":"mountain_hachure"},"geometry":{"type":"LineString","coordinates":[[112.24662,40.41276],[112.42636,40.42243]]}},{"type":"Feature","properties":{"kind":"mountain_hachure"},"geometry":{"type":"LineString","coordinates":[[111.94662,40.71276],[112.12636,40.72243]]}},{"type":"Feature","properties":{"kind":"mountain_axis","name":"吕梁山","source":"Natural Earth 10m"},"geometry":{"type":"LineString","coordinates":[[111.80831,40.98938],[112.14579,34.71379]]}},{"type":"Feature","properties":{"kind":"mountain_arrow"},"geometry":{"type":"LineString","coordinates":[[111.80831,40.98938],[111.61246,41.27928]]}},{"type":"Feature","properties":{"kind":"mountain_arrow"},"geometry":{"type":"LineString","coordinates":[[111.80831,40.98938],[111.97194,41.29861]]}},{"type":"Feature","properties":{"kind":"mountain_arrow"},"geometry":{"type":"LineString","coordinates":[[112.14579,34.71379],[111.98216,34.40456]]}},{"type":"Feature","properties":{"kind":"mountain_arrow"},"geometry":{"type":"LineString","coordinates":[[112.14579,34.71379],[112.34164,34.42389]]}},{"type":"Feature","properties":{"kind":"mountain_area","name":"吕梁山","source":"Natural Earth 10m"},"geometry":{"type":"Polygon","coordinates":[[[112.51828,34.7836],[112.21656,34.7176],[112.12098,34.73432],[111.91676,34.83222],[111.84718,34.84638],[111.80397,34.84687],[111.76417,34.86011],[111.66688,34.86896],[111.57728,34.91291],[111.49671,34.9842],[111.36805,35.17713],[111.29078,35.38483],[111.26821,35.99116],[111.26436,36.09482],[111.2173,37.3592],[111.29835,37.74006],[111.29872,37.87739],[111.14491,38.3772],[111.13649,38.48579],[111.16542,38.70215],[111.55372,39.8791],[111.58033,40.08399],[111.56849,40.36445],[111.58815,40.4499],[111.62672,40.52088],[111.67091,40.57111],[111.93287,40.75617],[112.14173,40.96564],[112.1963,41.00385],[112.21131,41.01105],[112.33314,40.71949],[112.59278,39.36762],[112.70167,39.14374],[112.73268,39.01679],[112.82862,37.76478],[112.95973,37.33381],[113.03395,35.5058],[112.98475,35.17243],[112.91578,34.95161],[112.88905,34.90729],[112.85731,34.87305],[112.82392,34.85162],[112.82118,34.84986],[112.51828,34.7836]]]}},{"type":"Feature","properties":{"kind":"mountain_label","name":"吕梁山","source":"Natural Earth 10m"},"geometry":{"type":"Point","coordinates":[112.01011,37.23692]}},{"type":"Feature","properties":{"kind":"mountain_peaks","name":"吕梁山","source":"Natural Earth 10m"},"geometry":{"type":"MultiPoint","coordinates":[[111.83333,38.73333],[111.53333,37.88333],[111.96667,36.83333]]}},{"type":"Feature","properties":{"kind":"mountain_hachure"},"geometry":{"type":"LineString","coordinates":[[108.92158,32.73523],[108.93362,32.91483]]}},{"type":"Feature","properties":{"kind":"mountain_hachure"},"geometry":{"type":"LineString","coordinates":[[109.22158,32.73523],[109.23362,32.91483]]}},{"type":"Feature","properties":{"kind":"mountain_hachure"},"geometry":{"type":"LineString","coordinates":[[109.52158,32.73523],[109.53362,32.91483]]}},{"type":"Feature","properties":{"kind":"mountain_hachure"},"geometry":{"type":"LineString","coordinates":[[109.82158,32.73523],[109.83362,32.91483]]}},{"type":"Feature","properties":{"kind":"mountain_hachure"},"geometry":{"type":"LineString","coordinates":[[110.12158,32.73523],[110.13362,32.91483]]}},{"type":"Feature","properties":{"kind":"mountain_hachure"},"geometry":{"type":"LineString","coordinates":[[110.42158,32.73523],[110.43362,32.91483]]}},{"type":"Feature","properties":{"kind":"mountain_hachure"},"geometry":{"type":"LineString","coordinates":[[111.02158,32.73523],[111.03362,32.91483]]}},{"type":"Feature","properties":{"kind":"mountain_hachure"},"geometry":{"type":"LineString","coordinates":[[111.32158,32.73523],[111.33362,32.91483]]}},{"type":"Feature","properties":{"kind":"mountain_hachure"},"geometry":{"type":"LineString","coordinates":[[111.62158,32.73523],[111.63362,32.91483]]}},{"type":"Feature","properties":{"kind":"mountain_hachure"},"geometry":{"type":"LineString","coordinates":[[113.72158,32.73523],[113.73362,32.91483]]}},{"type":"Feature","properties":{"kind":"mountain_hachure"},"geometry":{"type":"LineString","coordinates":[[114.02158,32.73523],[114.03362,32.91483]]}},{"type":"Feature","properties":{"kind":"mountain_hachure"},"geometry":{"type":"LineString","coordinates":[[108.02158,33.03523],[108.03362,33.21483]]}},{"type":"Feature","properties":{"kind":"mountain_hachure"},"geometry":{"type":"LineString","coordinates":[[108.32158,33.03523],[108.33362,33.21483]]}},{"type":"Feature","properties":{"kind":"mountain_hachure"},"geometry":{"type":"LineString","coordinates":[[108.62158,33.03523],[108.63362,33.21483]]}},{"type":"Feature","properties":{"kind":"mountain_hachure"},"geometry":{"type":"LineString","coordinates":[[108.92158,33.03523],[108.93362,33.21483]]}},{"type":"Feature","properties":{"kind":"mountain_hachure"},"geometry":{"type":"LineString","coordinates":[[109.22158,33.03523],[109.23362,33.21483]]}},{"type":"Feature","properties":{"kind":"mountain_hachure"},"geometry":{"type":"LineString","coordinates":[[109.52158,33.03523],[109.53362,33.21483]]}},{"type":"Feature","properties":{"kind":"mountain_hachure"},"geometry":{"type":"LineString","coordinates":[[109.82158,33.03523],[109.83362,33.21483]]}},{"type":"Feature","properties":{"kind":"mountain_hachure"},"geometry":{"type":"LineString","coordinates":[[110.12158,33.03523],[110.13362,33.21483]]}},{"type":"Feature","properties":{"kind":"mountain_hachure"},"geometry":{"type":"LineString","coordinates":[[110.42158,33.03523],[110.43362,33.21483]]}},{"type":"Feature","properties":{"kind":"mountain_hachure"},"geometry":{"type":"LineString","coordinates":[[110.72158,33.03523],[110.73362,33.21483]]}},{"type":"Feature","properties":{"kind":"mountain_hachure"},"geometry":{"type":"LineString","coordinates":[[111.02158,33.03523],[111.03362,33.21483]]}},{"type":"Feature","properties":{"kind":"mountain_hachure"},"geometry":{"type":"LineString","coordinates":[[111.32158,33.03523],[111.33362,33.21483]]}},{"type":"Feature","properties":{"kind":"mountain_hachure"},"geometry":{"type":"LineString","coordinates":[[111.62158,33.03523],[111.63362,33.21483]]}},{"type":"Feature","properties":{"kind":"mountain_hachure"},"geometry":{"type":"LineString","coordinates":[[111.92158,33.03523],[111.93362,33.21483]]}},{"type":"Feature","properties":{"kind":"mountain_hachure"},"geometry":{"type":"LineString","coordinates":[[113.42158,33.03523],[113.43362,33.21483]]}},{"type":"Feature","properties":{"kind":"mountain_hachure"},"geometry":{"type":"LineString","coordinates":[[113.72158,33.03523],[113.73362,33.21483]]}},{"type":"Feature","properties":{"kind":"mountain_hachure"},"geometry":{"type":"LineString","coordinates":[[105.32158,33.33523],[105.33362,33.51483]]}},{"type":"Feature","properties":{"kind":"mountain_hachure"},"geometry":{"type":"LineString","coordinates":[[105.62158,33.33523],[105.63362,33.51483]]}},{"type":"Feature","properties":{"kind":"mountain_hachure"},"geometry":{"type":"LineString","coordinates":[[105.92158,33.33523],[105.93362,33.51483]]}},{"type":"Feature","properties":{"kind":"mountain_hachure"},"geometry":{"type":"LineString","coordinates":[[106.22158,33.33523],[106.23362,33.51483]]}},{"type":"Feature","properties":{"kind":"mountain_hachure"},"geometry":{"type":"LineString","coordinates":[[106.52158,33.33523],[106.53362,33.51483]]}},{"type":"Feature","properties":{"kind":"mountain_hachure"},"geometry":{"type":"LineString","coordinates":[[106.82158,33.33523],[106.83362,33.51483]]}},{"type":"Feature","properties":{"kind":"mountain_hachure"},"geometry":{"type":"LineString","coordinates":[[107.12158,33.33523],[107.13362,33.51483]]}},{"type":"Feature","properties":{"kind":"mountain_hachure"},"geometry":{"type":"LineString","coordinates":[[107.42158,33.33523],[107.43362,33.51483]]}},{"type":"Feature","properties":{"kind":"mountain_hachure"},"geometry":{"type":"LineString","coordinates":[[107.72158,33.33523],[107.73362,33.51483]]}},{"type":"Feature","properties":{"kind":"mountain_hachure"},"geometry":{"type":"LineString","coordinates":[[108.02158,33.33523],[108.03362,33.51483]]}},{"type":"Feature","properties":{"kind":"mountain_hachure"},"geometry":{"type":"LineString","coordinates":[[108.32158,33.33523],[108.33362,33.51483]]}},{"type":"Feature","properties":{"kind":"mountain_hachure"},"geometry":{"type":"LineString","coordinates":[[108.62158,33.33523],[108.63362,33.51483]]}},{"type":"Feature","properties":{"kind":"mountain_hachure"},"geometry":{"type":"LineString","coordinates":[[108.92158,33.33523],[108.93362,33.51483]]}},{"type":"Feature","properties":{"kind":"mountain_hachure"},"geometry":{"type":"LineString","coordinates":[[109.22158,33.33523],[109.23362,33.51483]]}},{"type":"Feature","properties":{"kind":"mountain_hachure"},"geometry":{"type":"LineString","coordinates":[[109.52158,33.33523],[109.53362,33.51483]]}},{"type":"Feature","properties":{"kind":"mountain_hachure"},"geometry":{"type":"LineString","coordinates":[[109.82158,33.33523],[109.83362,33.51483]]}},{"type":"Feature","properties":{"kind":"mountain_hachure"},"geometry":{"type":"LineString","coordinates":[[110.12158,33.33523],[110.13362,33.51483]]}},{"type":"Feature","properties":{"kind":"mountain_hachure"},"geometry":{"type":"LineString","coordinates":[[110.42158,33.33523],[110.43362,33.51483]]}},{"type":"Feature","properties":{"kind":"mountain_hachure"},"geometry":{"type":"LineString","coordinates":[[110.72158,33.33523],[110.73362,33.51483]]}},{"type":"Feature","properties":{"kind":"mountain_hachure"},"geometry":{"type":"LineString","coordinates":[[111.02158,33.33523],[111.03362,33.51483]]}},{"type":"Feature","properties":{"kind":"mountain_hachure"},"geometry":{"type":"LineString","coordinates":[[111.32158,33.33523],[111.33362,33.51483]]}},{"type":"Feature","properties":{"kind":"mountain_hachure"},"geometry":{"type":"LineString","coordinates":[[111.62158,33.33523],[111.63362,33.51483]]}},{"type":"Feature","properties":{"kind":"mountain_hachure"},"geometry":{"type":"LineString","coordinates":[[111.92158,33.33523],[111.93362,33.51483]]}},{"type":"Feature","properties":{"kind":"mountain_hachure"},"geometry":{"type":"LineString","coordinates":[[112.22158,33.33523],[112.23362,33.51483]]}},{"type":"Feature","properties":{"kind":"mountain_hachure"},"geometry":{"type":"LineString","coordinates":[[113.12158,33.33523],[113.13362,33.51483]]}},{"type":"Feature","properties":{"kind":"mountain_hachure"},"geometry":{"type":"LineString","coordinates":[[113.42158,33.33523],[113.43362,33.51483]]}},{"type":"Feature","properties":{"kind":"mountain_hachure"},"geometry":{"type":"LineString","coordinates":[[105.32158,33.63523],[105.33362,33.81483]]}},{"type":"Feature","properties":{"kind":"mountain_hachure"},"geometry":{"type":"LineString","coordinates":[[105.62158,33.63523],[105.63362,33.81483]]}},{"type":"Feature","properties":{"kind":"mountain_hachure"},"geometry":{"type":"LineString","coordinates":[[105.92158,33.63523],[105.93362,33.81483]]}},{"type":"Feature","properties":{"kind":"mountain_hachure"},"geometry":{"type":"LineString","coordinates":[[106.22158,33.63523],[106.23362,33.81483]]}},{"type":"Feature","properties":{"kind":"mountain_hachure"},"geometry":{"type":"LineString","coordinates":[[106.52158,33.63523],[106.53362,33.81483]]}},{"type":"Feature","properties":{"kind":"mountain_hachure"},"geometry":{"type":"LineString","coordinates":[[106.82158,33.63523],[106.83362,33.81483]]}},{"type":"Feature","properties":{"kind":"mountain_hachure"},"geometry":{"type":"LineString","coordinates":[[107.12158,33.63523],[107.13362,33.81483]]}},{"type":"Feature","properties":{"kind":"mountain_hachure"},"geometry":{"type":"LineString","coordinates":[[107.42158,33.63523],[107.43362,33.81483]]}},{"type":"Feature","properties":{"kind":"mountain_hachure"},"geometry":{"type":"LineString","coordinates":[[107.72158,33.63523],[107.73362,33.81483]]}},{"type":"Feature","properties":{"kind":"mountain_hachure"},"geometry":{"type":"LineString","coordinates":[[108.02158,33.63523],[108.03362,33.81483]]}},{"type":"Feature","properties":{"kind":"mountain_hachure"},"geometry":{"type":"LineString","coordinates":[[108.32158,33.63523],[108.33362,33.81483]]}},{"type":"Feature","properties":{"kind":"mountain_hachure"},"geometry":{"type":"LineString","coordinates":[[108.62158,33.63523],[108.63362,33.81483]]}},{"type":"Feature","properties":{"kind":"mountain_hachure"},"geometry":{"type":"LineString","coordinates":[[108.92158,33.63523],[108.93362,33.81483]]}},{"type":"Feature","properties":{"kind":"mountain_hachure"},"geometry":{"type":"LineString","coordinates":[[109.22158,33.63523],[109.23362,33.81483]]}},{"type":"Feature","properties":{"kind":"mountain_hachure"},"geometry":{"type":"LineString","coordinates":[[109.52158,33.63523],[109.53362,33.81483]]}},{"type":"Feature","properties":{"kind":"mountain_hachure"},"geometry":{"type":"LineString","coordinates":[[109.82158,33.63523],[109.83362,33.81483]]}},{"type":"Feature","properties":{"kind":"mountain_hachure"},"geometry":{"type":"LineString","coordinates":[[110.12158,33.63523],[110.13362,33.81483]]}},{"type":"Feature","properties":{"kind":"mountain_hachure"},"geometry":{"type":"LineString","coordinates":[[110.42158,33.63523],[110.43362,33.81483]]}},{"type":"Feature","properties":{"kind":"mountain_hachure"},"geometry":{"type":"LineString","coordinates":[[110.72158,33.63523],[110.73362,33.81483]]}},{"type":"Feature","properties":{"kind":"mountain_hachure"},"geometry":{"type":"LineString","coordinates":[[111.02158,33.63523],[111.03362,33.81483]]}},{"type":"Feature","properties":{"kind":"mountain_hachure"},"geometry":{"type":"LineString","coordinates":[[111.32158,33.63523],[111.33362,33.81483]]}},{"type":"Feature","properties":{"kind":"mountain_hachure"},"geometry":{"type":"LineString","coordinates":[[111.62158,33.63523],[111.63362,33.81483]]}},{"type":"Feature","properties":{"kind":"mountain_hachure"},"geometry":{"type":"LineString","coordinates":[[111.92158,33.63523],[111.93362,33.81483]]}},{"type":"Feature","properties":{"kind":"mountain_hachure"},"geometry":{"type":"LineString","coordinates":[[112.22158,33.63523],[112.23362,33.81483]]}},{"type":"Feature","properties":{"kind":"mountain_hachure"},"geometry":{"type":"LineString","coordinates":[[112.52158,33.63523],[112.53362,33.81483]]}},{"type":"Feature","properties":{"kind":"mountain_hachure"},"geometry":{"type":"LineString","coordinates":[[112.82158,33.63523],[112.83362,33.81483]]}},{"type":"Feature","properties":{"kind":"mountain_hachure"},"geometry":{"type":"LineString","coordinates":[[113.12158,33.63523],[113.13362,33.81483]]}},{"type":"Feature","properties":{"kind":"mountain_hachure"},"geometry":{"type":"LineString","coordinates":[[105.32158,33.93523],[105.33362,34.11483]]}},{"type":"Feature","properties":{"kind":"mountain_hachure"},"geometry":{"type":"LineString","coordinates":[[105.62158,33.93523],[105.63362,34.11483]]}},{"type":"Feature","properties":{"kind":"mountain_hachure"},"geometry":{"type":"LineString","coordinates":[[105.92158,33.93523],[105.93362,34.11483]]}},{"type":"Feature","properties":{"kind":"mountain_hachure"},"geometry":{"type":"LineString","coordinates":[[106.22158,33.93523],[106.23362,34.11483]]}},{"type":"Feature","properties":{"kind":"mountain_hachure"},"geometry":{"type":"LineString","coordinates":[[106.52158,33.93523],[106.53362,34.11483]]}},{"type":"Feature","properties":{"kind":"mountain_hachure"},"geometry":{"type":"LineString","coordinates":[[106.82158,33.93523],[106.83362,34.11483]]}},{"type":"Feature","properties":{"kind":"mountain_hachure"},"geometry":{"type":"LineString","coordinates":[[107.12158,33.93523],[107.13362,34.11483]]}},{"type":"Feature","properties":{"kind":"mountain_hachure"},"geometry":{"type":"LineString","coordinates":[[107.42158,33.93523],[107.43362,34.11483]]}},{"type":"Feature","properties":{"kind":"mountain_hachure"},"geometry":{"type":"LineString","coordinates":[[107.72158,33.93523],[107.73362,34.11483]]}},{"type":"Feature","properties":{"kind":"mountain_hachure"},"geometry":{"type":"LineString","coordinates":[[108.02158,33.93523],[108.03362,34.11483]]}},{"type":"Feature","properties":{"kind":"mountain_hachure"},"geometry":{"type":"LineString","coordinates":[[108.32158,33.93523],[108.33362,34.11483]]}},{"type":"Feature","properties":{"kind":"mountain_hachure"},"geometry":{"type":"LineString","coordinates":[[108.62158,33.93523],[108.63362,34.11483]]}},{"type":"Feature","properties":{"kind":"mountain_hachure"},"geometry":{"type":"LineString","coordinates":[[108.92158,33.93523],[108.93362,34.11483]]}},{"type":"Feature","properties":{"kind":"mountain_hachure"},"geometry":{"type":"LineString","coordinates":[[109.22158,33.93523],[109.23362,34.11483]]}},{"type":"Feature","properties":{"kind":"mountain_hachure"},"geometry":{"type":"LineString","coordinates":[[109.52158,33.93523],[109.53362,34.11483]]}},{"type":"Feature","properties":{"kind":"mountain_hachure"},"geometry":{"type":"LineString","coordinates":[[109.82158,33.93523],[109.83362,34.11483]]}},{"type":"Feature","properties":{"kind":"mountain_hachure"},"geometry":{"type":"LineString","coordinates":[[110.12158,33.93523],[110.13362,34.11483]]}},{"type":"Feature","properties":{"kind":"mountain_hachure"},"geometry":{"type":"LineString","coordinates":[[110.42158,33.93523],[110.43362,34.11483]]}},{"type":"Feature","properties":{"kind":"mountain_hachure"},"geometry":{"type":"LineString","coordinates":[[110.72158,33.93523],[110.73362,34.11483]]}},{"type":"Feature","properties":{"kind":"mountain_hachure"},"geometry":{"type":"LineString","coordinates":[[111.02158,33.93523],[111.03362,34.11483]]}},{"type":"Feature","properties":{"kind":"mountain_hachure"},"geometry":{"type":"LineString","coordinates":[[111.32158,33.93523],[111.33362,34.11483]]}},{"type":"Feature","properties":{"kind":"mountain_hachure"},"geometry":{"type":"LineString","coordinates":[[111.62158,33.93523],[111.63362,34.11483]]}},{"type":"Feature","properties":{"kind":"mountain_hachure"},"geometry":{"type":"LineString","coordinates":[[111.92158,33.93523],[111.93362,34.11483]]}},{"type":"Feature","properties":{"kind":"mountain_hachure"},"geometry":{"type":"LineString","coordinates":[[112.22158,33.93523],[112.23362,34.11483]]}},{"type":"Feature","properties":{"kind":"mountain_hachure"},"geometry":{"type":"LineString","coordinates":[[112.52158,33.93523],[112.53362,34.11483]]}},{"type":"Feature","properties":{"kind":"mountain_hachure"},"geometry":{"type":"LineString","coordinates":[[112.82158,33.93523],[112.83362,34.11483]]}},{"type":"Feature","properties":{"kind":"mountain_hachure"},"geometry":{"type":"LineString","coordinates":[[113.12158,33.93523],[113.13362,34.11483]]}},{"type":"Feature","properties":{"kind":"mountain_hachure"},"geometry":{"type":"LineString","coordinates":[[105.32158,34.23523],[105.33362,34.41483]]}},{"type":"Feature","properties":{"kind":"mountain_hachure"},"geometry":{"type":"LineString","coordinates":[[105.62158,34.23523],[105.63362,34.41483]]}},{"type":"Feature","properties":{"kind":"mountain_hachure"},"geometry":{"type":"LineString","coordinates":[[105.92158,34.23523],[105.93362,34.41483]]}},{"type":"Feature","properties":{"kind":"mountain_hachure"},"geometry":{"type":"LineString","coordinates":[[106.22158,34.23523],[106.23362,34.41483]]}},{"type":"Feature","properties":{"kind":"mountain_hachure"},"geometry":{"type":"LineString","coordinates":[[106.52158,34.23523],[106.53362,34.41483]]}},{"type":"Feature","properties":{"kind":"mountain_hachure"},"geometry":{"type":"LineString","coordinates":[[106.82158,34.23523],[106.83362,34.41483]]}},{"type":"Feature","properties":{"kind":"mountain_hachure"},"geometry":{"type":"LineString","coordinates":[[107.12158,34.23523],[107.13362,34.41483]]}},{"type":"Feature","properties":{"kind":"mountain_hachure"},"geometry":{"type":"LineString","coordinates":[[107.42158,34.23523],[107.43362,34.41483]]}},{"type":"Feature","properties":{"kind":"mountain_hachure"},"geometry":{"type":"LineString","coordinates":[[107.72158,34.23523],[107.73362,34.41483]]}},{"type":"Feature","properties":{"kind":"mountain_hachure"},"geometry":{"type":"LineString","coordinates":[[108.02158,34.23523],[108.03362,34.41483]]}},{"type":"Feature","properties":{"kind":"mountain_hachure"},"geometry":{"type":"LineString","coordinates":[[108.32158,34.23523],[108.33362,34.41483]]}},{"type":"Feature","properties":{"kind":"mountain_hachure"},"geometry":{"type":"LineString","coordinates":[[108.62158,34.23523],[108.63362,34.41483]]}},{"type":"Feature","properties":{"kind":"mountain_hachure"},"geometry":{"type":"LineString","coordinates":[[108.92158,34.23523],[108.93362,34.41483]]}},{"type":"Feature","properties":{"kind":"mountain_hachure"},"geometry":{"type":"LineString","coordinates":[[109.22158,34.23523],[109.23362,34.41483]]}},{"type":"Feature","properties":{"kind":"mountain_hachure"},"geometry":{"type":"LineString","coordinates":[[109.52158,34.23523],[109.53362,34.41483]]}},{"type":"Feature","properties":{"kind":"mountain_hachure"},"geometry":{"type":"LineString","coordinates":[[109.82158,34.23523],[109.83362,34.41483]]}},{"type":"Feature","properties":{"kind":"mountain_hachure"},"geometry":{"type":"LineString","coordinates":[[110.12158,34.23523],[110.13362,34.41483]]}},{"type":"Feature","properties":{"kind":"mountain_hachure"},"geometry":{"type":"LineString","coordinates":[[110.42158,34.23523],[110.43362,34.41483]]}},{"type":"Feature","properties":{"kind":"mountain_hachure"},"geometry":{"type":"LineString","coordinates":[[110.72158,34.23523],[110.73362,34.41483]]}},{"type":"Feature","properties":{"kind":"mountain_hachure"},"geometry":{"type":"LineString","coordinates":[[111.02158,34.23523],[111.03362,34.41483]]}},{"type":"Feature","properties":{"kind":"mountain_hachure"},"geometry":{"type":"LineString","coordinates":[[111.32158,34.23523],[111.33362,34.41483]]}},{"type":"Feature","properties":{"kind":"mountain_hachure"},"geometry":{"type":"LineString","coordinates":[[111.62158,34.23523],[111.63362,34.41483]]}},{"type":"Feature","properties":{"kind":"mountain_hachure"},"geometry":{"type":"LineString","coordinates":[[111.92158,34.23523],[111.93362,34.41483]]}},{"type":"Feature","properties":{"kind":"mountain_hachure"},"geometry":{"type":"LineString","coordinates":[[112.22158,34.23523],[112.23362,34.41483]]}},{"type":"Feature","properties":{"kind":"mountain_hachure"},"geometry":{"type":"LineString","coordinates":[[112.52158,34.23523],[112.53362,34.41483]]}},{"type":"Feature","properties":{"kind":"mountain_hachure"},"geometry":{"type":"LineString","coordinates":[[112.82158,34.23523],[112.83362,34.41483]]}},{"type":"Feature","properties":{"kind":"mountain_hachure"},"geometry":{"type":"LineString","coordinates":[[113.12158,34.23523],[113.13362,34.41483]]}},{"type":"Feature","properties":{"kind":"mountain_hachure"},"geometry":{"type":"LineString","coordinates":[[105.92158,34.53523],[105.93362,34.71483]]}},{"type":"Feature","properties":{"kind":"mountain_hachure"},"geometry":{"type":"LineString","coordinates":[[106.22158,34.53523],[106.23362,34.71483]]}},{"type":"Feature","properties":{"kind":"mountain_hachure"},"geometry":{"type":"LineString","coordinates":[[110.42158,34.53523],[110.43362,34.71483]]}},{"type":"Feature","properties":{"kind":"mountain_hachure"},"geometry":{"type":"LineString","coordinates":[[110.72158,34.53523],[110.73362,34.71483]]}},{"type":"Feature","properties":{"kind":"mountain_hachure"},"geometry":{"type":"LineString","coordinates":[[111.02158,34.53523],[111.03362,34.71483]]}},{"type":"Feature","properties":{"kind":"mountain_hachure"},"geometry":{"type":"LineString","coordinates":[[111.32158,34.53523],[111.33362,34.71483]]}},{"type":"Feature","properties":{"kind":"mountain_hachure"},"geometry":{"type":"LineString","coordinates":[[111.62158,34.53523],[111.63362,34.71483]]}},{"type":"Feature","properties":{"kind":"mountain_hachure"},"geometry":{"type":"LineString","coordinates":[[111.92158,34.53523],[111.93362,34.71483]]}},{"type":"Feature","properties":{"kind":"mountain_hachure"},"geometry":{"type":"LineString","coordinates":[[112.22158,34.53523],[112.23362,34.71483]]}},{"type":"Feature","properties":{"kind":"mountain_hachure"},"geometry":{"type":"LineString","coordinates":[[112.52158,34.53523],[112.53362,34.71483]]}},{"type":"Feature","properties":{"kind":"mountain_hachure"},"geometry":{"type":"LineString","coordinates":[[112.82158,34.53523],[112.83362,34.71483]]}},{"type":"Feature","properties":{"kind":"mountain_axis","name":"秦岭","source":"Natural Earth 10m"},"geometry":{"type":"LineString","coordinates":[[105.02164,33.9466],[114.23757,33.32847]]}},{"type":"Feature","properties":{"kind":"mountain_arrow"},"geometry":{"type":"LineString","coordinates":[[105.02164,33.9466],[104.71027,33.78708]]}},{"type":"Feature","properties":{"kind":"mountain_arrow"},"geometry":{"type":"LineString","coordinates":[[105.02164,33.9466],[104.73436,34.14627]]}},{"type":"Feature","properties":{"kind":"mountain_arrow"},"geometry":{"type":"LineString","coordinates":[[114.23757,33.32847],[114.52485,33.1288]]}},{"type":"Feature","properties":{"kind":"mountain_arrow"},"geometry":{"type":"LineString","coordinates":[[114.23757,33.32847],[114.54894,33.48799]]}},{"type":"Feature","properties":{"kind":"mountain_area","name":"秦岭","source":"Natural Earth 10m"},"geometry":{"type":"Polygon","coordinates":[[[112.99232,34.72767],[113.391,34.11695],[113.41102,34.0459],[113.3921,34.01075],[113.33351,33.98145],[113.30738,33.94544],[113.30677,33.904],[113.32594,33.85834],[113.59779,33.48383],[114.16871,32.94184],[114.19337,32.89576],[114.2046,32.85401],[114.20314,32.81501],[114.18971,32.77698],[113.98878,32.55097],[113.96339,32.53303],[113.9369,32.52503],[113.90663,32.52845],[113.87001,32.5445],[112.76429,33.51301],[112.5807,33.60505],[112.52504,33.61854],[112.41444,33.61579],[112.41505,33.55402],[112.43348,33.49659],[112.48536,33.39429],[112.49903,33.34937],[112.49159,33.30848],[112.45289,33.27155],[112.37342,33.23853],[112.29689,33.22126],[112.22767,33.21638],[112.16346,33.22187],[111.85865,33.33503],[111.85939,33.28663],[111.87281,33.24525],[111.93922,33.13898],[111.95411,33.10126],[111.95729,33.05836],[111.94374,33.00776],[111.93336,32.98896],[111.83888,32.90241],[111.82667,32.88605],[111.81178,32.84986],[111.792,32.77253],[111.78517,32.75635],[111.77613,32.7428],[111.68544,32.68159],[111.56776,32.6623],[110.77442,32.84925],[110.4878,32.81458],[109.93531,32.6532],[109.7931,32.63422],[108.93129,32.70051],[108.84059,32.73017],[108.57594,32.88892],[107.59816,33.2718],[105.88856,33.19788],[105.59181,33.23359],[105.46327,33.2804],[105.35597,33.35303],[105.24293,33.48212],[105.14674,33.63923],[105.07423,33.80903],[105.03236,33.97608],[105.0276,34.03547],[105.03163,34.08735],[105.04371,34.13361],[105.0879,34.21558],[105.29176,34.4408],[105.40248,34.51954],[105.51979,34.57722],[105.77125,34.64216],[106.25575,34.65882],[106.84718,34.55561],[107.34901,34.53931],[107.84816,34.35786],[109.21363,34.34742],[111.14003,34.80067],[111.40699,34.79151],[112.07545,34.67237],[112.22279,34.67927],[112.51828,34.7836],[112.70802,34.85059],[112.8086,34.85749],[112.82392,34.85162],[112.90309,34.8213],[112.99232,34.72767]]]}},{"type":"Feature","properties":{"kind":"mountain_label","name":"秦岭","source":"Natural Earth 10m"},"geometry":{"type":"Point","coordinates":[110.74126,33.56297]}},{"type":"Feature","properties":{"kind":"mountain_peaks","name":"秦岭","source":"Natural Earth 10m"},"geometry":{"type":"MultiPoint","coordinates":[[107.75,33.95833],[107.4,33.95833],[108.775,33.85833]]}},{"type":"Feature","properties":{"kind":"mountain_hachure"},"geometry":{"type":"LineString","coordinates":[[105.3856,26.61172],[105.31779,26.77846]]}},{"type":"Feature","properties":{"kind":"mountain_hachure"},"geometry":{"type":"LineString","coordinates":[[105.6856,26.61172],[105.61779,26.77846]]}},{"type":"Feature","properties":{"kind":"mountain_hachure"},"geometry":{"type":"LineString","coordinates":[[105.9856,26.61172],[105.91779,26.77846]]}},{"type":"Feature","properties":{"kind":"mountain_hachure"},"geometry":{"type":"LineString","coordinates":[[104.7856,26.91172],[104.71779,27.07846]]}},{"type":"Feature","properties":{"kind":"mountain_hachure"},"geometry":{"type":"LineString","coordinates":[[105.0856,26.91172],[105.01779,27.07846]]}},{"type":"Feature","properties":{"kind":"mountain_hachure"},"geometry":{"type":"LineString","coordinates":[[105.3856,26.91172],[105.31779,27.07846]]}},{"type":"Feature","properties":{"kind":"mountain_hachure"},"geometry":{"type":"LineString","coordinates":[[105.6856,26.91172],[105.61779,27.07846]]}},{"type":"Feature","properties":{"kind":"mountain_hachure"},"geometry":{"type":"LineString","coordinates":[[105.9856,26.91172],[105.91779,27.07846]]}},{"type":"Feature","properties":{"kind":"mountain_hachure"},"geometry":{"type":"LineString","coordinates":[[106.2856,26.91172],[106.21779,27.07846]]}},{"type":"Feature","properties":{"kind":"mountain_hachure"},"geometry":{"type":"LineString","coordinates":[[104.4856,27.21172],[104.41779,27.37846]]}},{"type":"Feature","properties":{"kind":"mountain_hachure"},"geometry":{"type":"LineString","coordinates":[[104.7856,27.21172],[104.71779,27.37846]]}},{"type":"Feature","properties":{"kind":"mountain_hachure"},"geometry":{"type":"LineString","coordinates":[[105.0856,27.21172],[105.01779,27.37846]]}},{"type":"Feature","properties":{"kind":"mountain_hachure"},"geometry":{"type":"LineString","coordinates":[[105.3856,27.21172],[105.31779,27.37846]]}},{"type":"Feature","properties":{"kind":"mountain_hachure"},"geometry":{"type":"LineString","coordinates":[[105.6856,27.21172],[105.61779,27.37846]]}},{"type":"Feature","properties":{"kind":"mountain_hachure"},"geometry":{"type":"LineString","coordinates":[[105.9856,27.21172],[105.91779,27.37846]]}},{"type":"Feature","properties":{"kind":"mountain_hachure"},"geometry":{"type":"LineString","coordinates":[[106.2856,27.21172],[106.21779,27.37846]]}},{"type":"Feature","properties":{"kind":"mountain_hachure"},"geometry":{"type":"LineString","coordinates":[[106.5856,27.21172],[106.51779,27.37846]]}},{"type":"Feature","properties":{"kind":"mountain_hachure"},"geometry":{"type":"LineString","coordinates":[[104.1856,27.51172],[104.11779,27.67846]]}},{"type":"Feature","properties":{"kind":"mountain_hachure"},"geometry":{"type":"LineString","coordinates":[[104.4856,27.51172],[104.41779,27.67846]]}},{"type":"Feature","properties":{"kind":"mountain_hachure"},"geometry":{"type":"LineString","coordinates":[[104.7856,27.51172],[104.71779,27.67846]]}},{"type":"Feature","properties":{"kind":"mountain_hachure"},"geometry":{"type":"LineString","coordinates":[[105.0856,27.51172],[105.01779,27.67846]]}},{"type":"Feature","properties":{"kind":"mountain_hachure"},"geometry":{"type":"LineString","coordinates":[[105.3856,27.51172],[105.31779,27.67846]]}},{"type":"Feature","properties":{"kind":"mountain_hachure"},"geometry":{"type":"LineString","coordinates":[[105.6856,27.51172],[105.61779,27.67846]]}},{"type":"Feature","properties":{"kind":"mountain_hachure"},"geometry":{"type":"LineString","coordinates":[[105.9856,27.51172],[105.91779,27.67846]]}},{"type":"Feature","properties":{"kind":"mountain_hachure"},"geometry":{"type":"LineString","coordinates":[[106.2856,27.51172],[106.21779,27.67846]]}},{"type":"Feature","properties":{"kind":"mountain_hachure"},"geometry":{"type":"LineString","coordinates":[[106.5856,27.51172],[106.51779,27.67846]]}},{"type":"Feature","properties":{"kind":"mountain_hachure"},"geometry":{"type":"LineString","coordinates":[[106.8856,27.51172],[106.81779,27.67846]]}},{"type":"Feature","properties":{"kind":"mountain_hachure"},"geometry":{"type":"LineString","coordinates":[[107.1856,27.51172],[107.11779,27.67846]]}},{"type":"Feature","properties":{"kind":"mountain_hachure"},"geometry":{"type":"LineString","coordinates":[[107.4856,27.51172],[107.41779,27.67846]]}},{"type":"Feature","properties":{"kind":"mountain_hachure"},"geometry":{"type":"LineString","coordinates":[[104.1856,27.81172],[104.11779,27.97846]]}},{"type":"Feature","properties":{"kind":"mountain_hachure"},"geometry":{"type":"LineString","coordinates":[[104.4856,27.81172],[104.41779,27.97846]]}},{"type":"Feature","properties":{"kind":"mountain_hachure"},"geometry":{"type":"LineString","coordinates":[[104.7856,27.81172],[104.71779,27.97846]]}},{"type":"Feature","properties":{"kind":"mountain_hachure"},"geometry":{"type":"LineString","coordinates":[[105.0856,27.81172],[105.01779,27.97846]]}},{"type":"Feature","properties":{"kind":"mountain_hachure"},"geometry":{"type":"LineString","coordinates":[[105.3856,27.81172],[105.31779,27.97846]]}},{"type":"Feature","properties":{"kind":"mountain_hachure"},"geometry":{"type":"LineString","coordinates":[[105.6856,27.81172],[105.61779,27.97846]]}},{"type":"Feature","properties":{"kind":"mountain_hachure"},"geometry":{"type":"LineString","coordinates":[[105.9856,27.81172],[105.91779,27.97846]]}},{"type":"Feature","properties":{"kind":"mountain_hachure"},"geometry":{"type":"LineString","coordinates":[[106.2856,27.81172],[106.21779,27.97846]]}},{"type":"Feature","properties":{"kind":"mountain_hachure"},"geometry":{"type":"LineString","coordinates":[[106.5856,27.81172],[106.51779,27.97846]]}},{"type":"Feature","properties":{"kind":"mountain_hachure"},"geometry":{"type":"LineString","coordinates":[[106.8856,27.81172],[106.81779,27.97846]]}},{"type":"Feature","properties":{"kind":"mountain_hachure"},"geometry":{"type":"LineString","coordinates":[[107.1856,27.81172],[107.11779,27.97846]]}},{"type":"Feature","properties":{"kind":"mountain_hachure"},"geometry":{"type":"LineString","coordinates":[[107.4856,27.81172],[107.41779,27.97846]]}},{"type":"Feature","properties":{"kind":"mountain_hachure"},"geometry":{"type":"LineString","coordinates":[[107.7856,27.81172],[107.71779,27.97846]]}},{"type":"Feature","properties":{"kind":"mountain_hachure"},"geometry":{"type":"LineString","coordinates":[[108.0856,27.81172],[108.01779,27.97846]]}},{"type":"Feature","properties":{"kind":"mountain_hachure"},"geometry":{"type":"LineString","coordinates":[[104.1856,28.11172],[104.11779,28.27846]]}},{"type":"Feature","properties":{"kind":"mountain_hachure"},"geometry":{"type":"LineString","coordinates":[[104.4856,28.11172],[104.41779,28.27846]]}},{"type":"Feature","properties":{"kind":"mountain_hachure"},"geometry":{"type":"LineString","coordinates":[[104.7856,28.11172],[104.71779,28.27846]]}},{"type":"Feature","properties":{"kind":"mountain_hachure"},"geometry":{"type":"LineString","coordinates":[[105.0856,28.11172],[105.01779,28.27846]]}},{"type":"Feature","properties":{"kind":"mountain_hachure"},"geometry":{"type":"LineString","coordinates":[[105.3856,28.11172],[105.31779,28.27846]]}},{"type":"Feature","properties":{"kind":"mountain_hachure"},"geometry":{"type":"LineString","coordinates":[[105.6856,28.11172],[105.61779,28.27846]]}},{"type":"Feature","properties":{"kind":"mountain_hachure"},"geometry":{"type":"LineString","coordinates":[[105.9856,28.11172],[105.91779,28.27846]]}},{"type":"Feature","properties":{"kind":"mountain_hachure"},"geometry":{"type":"LineString","coordinates":[[106.2856,28.11172],[106.21779,28.27846]]}},{"type":"Feature","properties":{"kind":"mountain_hachure"},"geometry":{"type":"LineString","coordinates":[[106.5856,28.11172],[106.51779,28.27846]]}},{"type":"Feature","properties":{"kind":"mountain_hachure"},"geometry":{"type":"LineString","coordinates":[[106.8856,28.11172],[106.81779,28.27846]]}},{"type":"Feature","properties":{"kind":"mountain_hachure"},"geometry":{"type":"LineString","coordinates":[[107.1856,28.11172],[107.11779,28.27846]]}},{"type":"Feature","properties":{"kind":"mountain_hachure"},"geometry":{"type":"LineString","coordinates":[[107.4856,28.11172],[107.41779,28.27846]]}},{"type":"Feature","properties":{"kind":"mountain_hachure"},"geometry":{"type":"LineString","coordinates":[[107.7856,28.11172],[107.71779,28.27846]]}},{"type":"Feature","properties":{"kind":"mountain_hachure"},"geometry":{"type":"LineString","coordinates":[[108.0856,28.11172],[108.01779,28.27846]]}},{"type":"Feature","properties":{"kind":"mountain_hachure"},"geometry":{"type":"LineString","coordinates":[[104.4856,28.41172],[104.41779,28.57846]]}},{"type":"Feature","properties":{"kind":"mountain_hachure"},"geometry":{"type":"LineString","coordinates":[[104.7856,28.41172],[104.71779,28.57846]]}},{"type":"Feature","properties":{"kind":"mountain_hachure"},"geometry":{"type":"LineString","coordinates":[[105.0856,28.41172],[105.01779,28.57846]]}},{"type":"Feature","properties":{"kind":"mountain_hachure"},"geometry":{"type":"LineString","coordinates":[[105.3856,28.41172],[105.31779,28.57846]]}},{"type":"Feature","properties":{"kind":"mountain_hachure"},"geometry":{"type":"LineString","coordinates":[[105.6856,28.41172],[105.61779,28.57846]]}},{"type":"Feature","properties":{"kind":"mountain_hachure"},"geometry":{"type":"LineString","coordinates":[[105.9856,28.41172],[105.91779,28.57846]]}},{"type":"Feature","properties":{"kind":"mountain_hachure"},"geometry":{"type":"LineString","coordinates":[[106.2856,28.41172],[106.21779,28.57846]]}},{"type":"Feature","properties":{"kind":"mountain_hachure"},"geometry":{"type":"LineString","coordinates":[[106.5856,28.41172],[106.51779,28.57846]]}},{"type":"Feature","properties":{"kind":"mountain_hachure"},"geometry":{"type":"LineString","coordinates":[[106.8856,28.41172],[106.81779,28.57846]]}},{"type":"Feature","properties":{"kind":"mountain_hachure"},"geometry":{"type":"LineString","coordinates":[[107.1856,28.41172],[107.11779,28.57846]]}},{"type":"Feature","properties":{"kind":"mountain_hachure"},"geometry":{"type":"LineString","coordinates":[[107.4856,28.41172],[107.41779,28.57846]]}},{"type":"Feature","properties":{"kind":"mountain_hachure"},"geometry":{"type":"LineString","coordinates":[[107.7856,28.41172],[107.71779,28.57846]]}},{"type":"Feature","properties":{"kind":"mountain_hachure"},"geometry":{"type":"LineString","coordinates":[[108.0856,28.41172],[108.01779,28.57846]]}},{"type":"Feature","properties":{"kind":"mountain_hachure"},"geometry":{"type":"LineString","coordinates":[[105.6856,28.71172],[105.61779,28.87846]]}},{"type":"Feature","properties":{"kind":"mountain_hachure"},"geometry":{"type":"LineString","coordinates":[[105.9856,28.71172],[105.91779,28.87846]]}},{"type":"Feature","properties":{"kind":"mountain_hachure"},"geometry":{"type":"LineString","coordinates":[[106.2856,28.71172],[106.21779,28.87846]]}},{"type":"Feature","properties":{"kind":"mountain_hachure"},"geometry":{"type":"LineString","coordinates":[[106.5856,28.71172],[106.51779,28.87846]]}},{"type":"Feature","properties":{"kind":"mountain_hachure"},"geometry":{"type":"LineString","coordinates":[[106.8856,28.71172],[106.81779,28.87846]]}},{"type":"Feature","properties":{"kind":"mountain_hachure"},"geometry":{"type":"LineString","coordinates":[[107.1856,28.71172],[107.11779,28.87846]]}},{"type":"Feature","properties":{"kind":"mountain_hachure"},"geometry":{"type":"LineString","coordinates":[[107.4856,28.71172],[107.41779,28.87846]]}},{"type":"Feature","properties":{"kind":"mountain_hachure"},"geometry":{"type":"LineString","coordinates":[[107.7856,28.71172],[107.71779,28.87846]]}},{"type":"Feature","properties":{"kind":"mountain_hachure"},"geometry":{"type":"LineString","coordinates":[[108.0856,28.71172],[108.01779,28.87846]]}},{"type":"Feature","properties":{"kind":"mountain_hachure"},"geometry":{"type":"LineString","coordinates":[[106.5856,29.01172],[106.51779,29.17846]]}},{"type":"Feature","properties":{"kind":"mountain_hachure"},"geometry":{"type":"LineString","coordinates":[[106.8856,29.01172],[106.81779,29.17846]]}},{"type":"Feature","properties":{"kind":"mountain_hachure"},"geometry":{"type":"LineString","coordinates":[[107.1856,29.01172],[107.11779,29.17846]]}},{"type":"Feature","properties":{"kind":"mountain_hachure"},"geometry":{"type":"LineString","coordinates":[[107.4856,29.01172],[107.41779,29.17846]]}},{"type":"Feature","properties":{"kind":"mountain_hachure"},"geometry":{"type":"LineString","coordinates":[[107.7856,29.01172],[107.71779,29.17846]]}},{"type":"Feature","properties":{"kind":"mountain_hachure"},"geometry":{"type":"LineString","coordinates":[[108.0856,29.01172],[108.01779,29.17846]]}},{"type":"Feature","properties":{"kind":"mountain_hachure"},"geometry":{"type":"LineString","coordinates":[[106.8856,29.31172],[106.81779,29.47846]]}},{"type":"Feature","properties":{"kind":"mountain_hachure"},"geometry":{"type":"LineString","coordinates":[[107.1856,29.31172],[107.11779,29.47846]]}},{"type":"Feature","properties":{"kind":"mountain_hachure"},"geometry":{"type":"LineString","coordinates":[[107.4856,29.31172],[107.41779,29.47846]]}},{"type":"Feature","properties":{"kind":"mountain_axis","name":"大娄山","source":"Natural Earth 10m"},"geometry":{"type":"LineString","coordinates":[[104.12501,27.28756],[108.26589,28.97144]]}},{"type":"Feature","properties":{"kind":"mountain_arrow"},"geometry":{"type":"LineString","coordinates":[[104.12501,27.28756],[103.91491,27.00781]]}},{"type":"Feature","properties":{"kind":"mountain_arrow"},"geometry":{"type":"LineString","coordinates":[[104.12501,27.28756],[103.7793,27.34129]]}},{"type":"Feature","properties":{"kind":"mountain_arrow"},"geometry":{"type":"LineString","coordinates":[[108.26589,28.97144],[108.6116,28.91771]]}},{"type":"Feature","properties":{"kind":"mountain_arrow"},"geometry":{"type":"LineString","coordinates":[[108.26589,28.97144],[108.47599,29.25119]]}},{"type":"Feature","properties":{"kind":"mountain_area","name":"大娄山","source":"Natural Earth 10m"},"geometry":{"type":"Polygon","coordinates":[[[107.84462,29.24201],[107.88587,29.22639],[107.90016,29.22925],[108.03663,29.3509],[108.05128,29.35566],[108.08009,29.33869],[108.14967,29.24146],[108.27418,28.95106],[108.33741,28.5832],[108.33338,28.55421],[108.31959,28.50861],[108.30592,28.47986],[108.29212,28.46284],[108.2483,28.42914],[108.23207,28.40632],[108.21461,28.36909],[108.13868,27.91688],[108.10853,27.85328],[108.07399,27.80762],[107.97853,27.73359],[107.75746,27.61555],[107.45411,27.38093],[107.39064,27.35139],[107.32753,27.33668],[107.00038,27.37672],[106.66651,27.34174],[106.59535,27.31501],[106.56677,27.29535],[106.52943,27.26966],[106.25233,26.9618],[106.12696,26.86848],[106.0879,26.81489],[106.07557,26.76307],[106.09449,26.61542],[106.08461,26.56806],[106.0492,26.52131],[105.96363,26.45447],[105.88758,26.41437],[105.81861,26.39509],[105.44581,26.40876],[105.40577,26.42927],[105.37794,26.46284],[105.31349,26.59009],[105.28065,26.62385],[104.89125,26.74805],[104.8263,26.75153],[104.78785,26.76154],[104.76747,26.77711],[104.74549,26.82191],[104.72682,26.84943],[104.69117,26.87922],[104.54335,26.95447],[104.39552,27.07246],[104.00599,27.60993],[103.91127,27.81318],[103.85218,28.05231],[103.8517,28.0965],[103.86219,28.13782],[103.88612,28.17853],[103.92616,28.22114],[104.11708,28.36994],[104.17506,28.43574],[104.21827,28.52039],[104.23695,28.5752],[104.25477,28.60908],[104.28146,28.62876],[104.28199,28.62916],[104.31727,28.63898],[104.50416,28.64496],[104.68116,28.68366],[105.09242,28.68104],[105.19117,28.69971],[105.29615,28.74537],[105.34352,28.77909],[105.41163,28.82758],[105.45692,28.84882],[105.51564,28.85297],[105.76782,28.81443],[105.80519,28.80872],[105.87086,28.81013],[105.92567,28.82758],[106.16733,29.02343],[106.71315,29.46577],[106.91595,29.53716],[106.95985,29.55262],[106.97337,29.55474],[107.09877,29.57447],[107.25514,29.63935],[107.28138,29.64393],[107.31056,29.64094],[107.34474,29.62836],[107.39015,29.59827],[107.55921,29.38038],[107.60035,29.34919],[107.74354,29.29883],[107.84462,29.24201]]]}},{"type":"Feature","properties":{"kind":"mountain_label","name":"大娄山","source":"Natural Earth 10m"},"geometry":{"type":"Point","coordinates":[106.19721,28.13022]}},{"type":"Feature","properties":{"kind":"mountain_peaks","name":"大娄山","source":"Natural Earth 10m"},"geometry":{"type":"MultiPoint","coordinates":[[104.75,27.0],[104.33333,27.53333],[104.63333,27.28333]]}},{"type":"Feature","properties":{"kind":"mountain_hachure"},"geometry":{"type":"LineString","coordinates":[[128.50873,46.67192],[128.61492,46.81726]]}},{"type":"Feature","properties":{"kind":"mountain_hachure"},"geometry":{"type":"LineString","coordinates":[[128.80873,46.67192],[128.91492,46.81726]]}},{"type":"Feature","properties":{"kind":"mountain_hachure"},"geometry":{"type":"LineString","coordinates":[[129.10873,46.67192],[129.21492,46.81726]]}},{"type":"Feature","properties":{"kind":"mountain_hachure"},"geometry":{"type":"LineString","coordinates":[[128.20873,46.97192],[128.31492,47.11726]]}},{"type":"Feature","properties":{"kind":"mountain_hachure"},"geometry":{"type":"LineString","coordinates":[[128.50873,46.97192],[128.61492,47.11726]]}},{"type":"Feature","properties":{"kind":"mountain_hachure"},"geometry":{"type":"LineString","coordinates":[[128.80873,46.97192],[128.91492,47.11726]]}},{"type":"Feature","properties":{"kind":"mountain_hachure"},"geometry":{"type":"LineString","coordinates":[[129.10873,46.97192],[129.21492,47.11726]]}},{"type":"Feature","properties":{"kind":"mountain_hachure"},"geometry":{"type":"LineString","coordinates":[[129.40873,46.97192],[129.51492,47.11726]]}},{"type":"Feature","properties":{"kind":"mountain_hachure"},"geometry":{"type":"LineString","coordinates":[[129.70873,46.97192],[129.81492,47.11726]]}},{"type":"Feature","properties":{"kind":"mountain_hachure"},"geometry":{"type":"LineString","coordinates":[[130.00873,46.97192],[130.11492,47.11726]]}},{"type":"Feature","properties":{"kind":"mountain_hachure"},"geometry":{"type":"LineString","coordinates":[[130.30873,46.97192],[130.41492,47.11726]]}},{"type":"Feature","properties":{"kind":"mountain_hachure"},"geometry":{"type":"LineString","coordinates":[[128.20873,47.27192],[128.31492,47.41726]]}},{"type":"Feature","properties":{"kind":"mountain_hachure"},"geometry":{"type":"LineString","coordinates":[[128.50873,47.27192],[128.61492,47.41726]]}},{"type":"Feature","properties":{"kind":"mountain_hachure"},"geometry":{"type":"LineString","coordinates":[[128.80873,47.27192],[128.91492,47.41726]]}},{"type":"Feature","properties":{"kind":"mountain_hachure"},"geometry":{"type":"LineString","coordinates":[[129.10873,47.27192],[129.21492,47.41726]]}},{"type":"Feature","properties":{"kind":"mountain_hachure"},"geometry":{"type":"LineString","coordinates":[[129.40873,47.27192],[129.51492,47.41726]]}},{"type":"Feature","properties":{"kind":"mountain_hachure"},"geometry":{"type":"LineString","coordinates":[[129.70873,47.27192],[129.81492,47.41726]]}},{"type":"Feature","properties":{"kind":"mountain_hachure"},"geometry":{"type":"LineString","coordinates":[[130.00873,47.27192],[130.11492,47.41726]]}},{"type":"Feature","properties":{"kind":"mountain_hachure"},"geometry":{"type":"LineString","coordinates":[[130.30873,47.27192],[130.41492,47.41726]]}},{"type":"Feature","properties":{"kind":"mountain_hachure"},"geometry":{"type":"LineString","coordinates":[[130.60873,47.27192],[130.71492,47.41726]]}},{"type":"Feature","properties":{"kind":"mountain_hachure"},"geometry":{"type":"LineString","coordinates":[[127.90873,47.57192],[128.01492,47.71726]]}},{"type":"Feature","properties":{"kind":"mountain_hachure"},"geometry":{"type":"LineString","coordinates":[[128.20873,47.57192],[128.31492,47.71726]]}},{"type":"Feature","properties":{"kind":"mountain_hachure"},"geometry":{"type":"LineString","coordinates":[[128.50873,47.57192],[128.61492,47.71726]]}},{"type":"Feature","properties":{"kind":"mountain_hachure"},"geometry":{"type":"LineString","coordinates":[[128.80873,47.57192],[128.91492,47.71726]]}},{"type":"Feature","properties":{"kind":"mountain_hachure"},"geometry":{"type":"LineString","coordinates":[[129.10873,47.57192],[129.21492,47.71726]]}},{"type":"Feature","properties":{"kind":"mountain_hachure"},"geometry":{"type":"LineString","coordinates":[[129.40873,47.57192],[129.51492,47.71726]]}},{"type":"Feature","properties":{"kind":"mountain_hachure"},"geometry":{"type":"LineString","coordinates":[[129.70873,47.57192],[129.81492,47.71726]]}},{"type":"Feature","properties":{"kind":"mountain_hachure"},"geometry":{"type":"LineString","coordinates":[[130.00873,47.57192],[130.11492,47.71726]]}},{"type":"Feature","properties":{"kind":"mountain_hachure"},"geometry":{"type":"LineString","coordinates":[[130.30873,47.57192],[130.41492,47.71726]]}},{"type":"Feature","properties":{"kind":"mountain_hachure"},"geometry":{"type":"LineString","coordinates":[[130.60873,47.57192],[130.71492,47.71726]]}},{"type":"Feature","properties":{"kind":"mountain_hachure"},"geometry":{"type":"LineString","coordinates":[[127.90873,47.87192],[128.01492,48.01726]]}},{"type":"Feature","properties":{"kind":"mountain_hachure"},"geometry":{"type":"LineString","coordinates":[[128.20873,47.87192],[128.31492,48.01726]]}},{"type":"Feature","properties":{"kind":"mountain_hachure"},"geometry":{"type":"LineString","coordinates":[[128.50873,47.87192],[128.61492,48.01726]]}},{"type":"Feature","properties":{"kind":"mountain_hachure"},"geometry":{"type":"LineString","coordinates":[[128.80873,47.87192],[128.91492,48.01726]]}},{"type":"Feature","properties":{"kind":"mountain_hachure"},"geometry":{"type":"LineString","coordinates":[[129.10873,47.87192],[129.21492,48.01726]]}},{"type":"Feature","properties":{"kind":"mountain_hachure"},"geometry":{"type":"LineString","coordinates":[[129.40873,47.87192],[129.51492,48.01726]]}},{"type":"Feature","properties":{"kind":"mountain_hachure"},"geometry":{"type":"LineString","coordinates":[[129.70873,47.87192],[129.81492,48.01726]]}},{"type":"Feature","properties":{"kind":"mountain_hachure"},"geometry":{"type":"LineString","coordinates":[[130.00873,47.87192],[130.11492,48.01726]]}},{"type":"Feature","properties":{"kind":"mountain_hachure"},"geometry":{"type":"LineString","coordinates":[[130.30873,47.87192],[130.41492,48.01726]]}},{"type":"Feature","properties":{"kind":"mountain_hachure"},"geometry":{"type":"LineString","coordinates":[[130.60873,47.87192],[130.71492,48.01726]]}},{"type":"Feature","properties":{"kind":"mountain_hachure"},"geometry":{"type":"LineString","coordinates":[[127.60873,48.17192],[127.71492,48.31726]]}},{"type":"Feature","properties":{"kind":"mountain_hachure"},"geometry":{"type":"LineString","coordinates":[[127.90873,48.17192],[128.01492,48.31726]]}},{"type":"Feature","properties":{"kind":"mountain_hachure"},"geometry":{"type":"LineString","coordinates":[[128.20873,48.17192],[128.31492,48.31726]]}},{"type":"Feature","properties":{"kind":"mountain_hachure"},"geometry":{"type":"LineString","coordinates":[[128.50873,48.17192],[128.61492,48.31726]]}},{"type":"Feature","properties":{"kind":"mountain_hachure"},"geometry":{"type":"LineString","coordinates":[[128.80873,48.17192],[128.91492,48.31726]]}},{"type":"Feature","properties":{"kind":"mountain_hachure"},"geometry":{"type":"LineString","coordinates":[[129.10873,48.17192],[129.21492,48.31726]]}},{"type":"Feature","properties":{"kind":"mountain_hachure"},"geometry":{"type":"LineString","coordinates":[[129.40873,48.17192],[129.51492,48.31726]]}},{"type":"Feature","properties":{"kind":"mountain_hachure"},"geometry":{"type":"LineString","coordinates":[[129.70873,48.17192],[129.81492,48.31726]]}},{"type":"Feature","properties":{"kind":"mountain_hachure"},"geometry":{"type":"LineString","coordinates":[[130.00873,48.17192],[130.11492,48.31726]]}},{"type":"Feature","properties":{"kind":"mountain_hachure"},"geometry":{"type":"LineString","coordinates":[[130.30873,48.17192],[130.41492,48.31726]]}},{"type":"Feature","properties":{"kind":"mountain_hachure"},"geometry":{"type":"LineString","coordinates":[[130.60873,48.17192],[130.71492,48.31726]]}},{"type":"Feature","properties":{"kind":"mountain_hachure"},"geometry":{"type":"LineString","coordinates":[[127.30873,48.47192],[127.41492,48.61726]]}},{"type":"Feature","properties":{"kind":"mountain_hachure"},"geometry":{"type":"LineString","coordinates":[[127.60873,48.47192],[127.71492,48.61726]]}},{"type":"Feature","properties":{"kind":"mountain_hachure"},"geometry":{"type":"LineString","coordinates":[[127.90873,48.47192],[128.01492,48.61726]]}},{"type":"Feature","properties":{"kind":"mountain_hachure"},"geometry":{"type":"LineString","coordinates":[[128.20873,48.47192],[128.31492,48.61726]]}},{"type":"Feature","properties":{"kind":"mountain_hachure"},"geometry":{"type":"LineString","coordinates":[[128.50873,48.47192],[128.61492,48.61726]]}},{"type":"Feature","properties":{"kind":"mountain_hachure"},"geometry":{"type":"LineString","coordinates":[[128.80873,48.47192],[128.91492,48.61726]]}},{"type":"Feature","properties":{"kind":"mountain_hachure"},"geometry":{"type":"LineString","coordinates":[[129.10873,48.47192],[129.21492,48.61726]]}},{"type":"Feature","properties":{"kind":"mountain_hachure"},"geometry":{"type":"LineString","coordinates":[[129.40873,48.47192],[129.51492,48.61726]]}},{"type":"Feature","properties":{"kind":"mountain_hachure"},"geometry":{"type":"LineString","coordinates":[[129.70873,48.47192],[129.81492,48.61726]]}},{"type":"Feature","properties":{"kind":"mountain_hachure"},"geometry":{"type":"LineString","coordinates":[[130.00873,48.47192],[130.11492,48.61726]]}},{"type":"Feature","properties":{"kind":"mountain_hachure"},"geometry":{"type":"LineString","coordinates":[[130.30873,48.47192],[130.41492,48.61726]]}},{"type":"Feature","properties":{"kind":"mountain_hachure"},"geometry":{"type":"LineString","coordinates":[[127.00873,48.77192],[127.11492,48.91726]]}},{"type":"Feature","properties":{"kind":"mountain_hachure"},"geometry":{"type":"LineString","coordinates":[[127.30873,48.77192],[127.41492,48.91726]]}},{"type":"Feature","properties":{"kind":"mountain_hachure"},"geometry":{"type":"LineString","coordinates":[[127.60873,48.77192],[127.71492,48.91726]]}},{"type":"Feature","properties":{"kind":"mountain_hachure"},"geometry":{"type":"LineString","coordinates":[[127.90873,48.77192],[128.01492,48.91726]]}},{"type":"Feature","properties":{"kind":"mountain_hachure"},"geometry":{"type":"LineString","coordinates":[[128.20873,48.77192],[128.31492,48.91726]]}},{"type":"Feature","properties":{"kind":"mountain_hachure"},"geometry":{"type":"LineString","coordinates":[[128.50873,48.77192],[128.61492,48.91726]]}},{"type":"Feature","properties":{"kind":"mountain_hachure"},"geometry":{"type":"LineString","coordinates":[[128.80873,48.77192],[128.91492,48.91726]]}},{"type":"Feature","properties":{"kind":"mountain_hachure"},"geometry":{"type":"LineString","coordinates":[[129.10873,48.77192],[129.21492,48.91726]]}},{"type":"Feature","properties":{"kind":"mountain_hachure"},"geometry":{"type":"LineString","coordinates":[[129.40873,48.77192],[129.51492,48.91726]]}},{"type":"Feature","properties":{"kind":"mountain_hachure"},"geometry":{"type":"LineString","coordinates":[[129.70873,48.77192],[129.81492,48.91726]]}},{"type":"Feature","properties":{"kind":"mountain_hachure"},"geometry":{"type":"LineString","coordinates":[[130.00873,48.77192],[130.11492,48.91726]]}},{"type":"Feature","properties":{"kind":"mountain_hachure"},"geometry":{"type":"LineString","coordinates":[[130.30873,48.77192],[130.41492,48.91726]]}},{"type":"Feature","properties":{"kind":"mountain_hachure"},"geometry":{"type":"LineString","coordinates":[[125.80873,49.07192],[125.91492,49.21726]]}},{"type":"Feature","properties":{"kind":"mountain_hachure"},"geometry":{"type":"LineString","coordinates":[[126.10873,49.07192],[126.21492,49.21726]]}},{"type":"Feature","properties":{"kind":"mountain_hachure"},"geometry":{"type":"LineString","coordinates":[[126.40873,49.07192],[126.51492,49.21726]]}},{"type":"Feature","properties":{"kind":"mountain_hachure"},"geometry":{"type":"LineString","coordinates":[[126.70873,49.07192],[126.81492,49.21726]]}},{"type":"Feature","properties":{"kind":"mountain_hachure"},"geometry":{"type":"LineString","coordinates":[[127.00873,49.07192],[127.11492,49.21726]]}},{"type":"Feature","properties":{"kind":"mountain_hachure"},"geometry":{"type":"LineString","coordinates":[[127.30873,49.07192],[127.41492,49.21726]]}},{"type":"Feature","properties":{"kind":"mountain_hachure"},"geometry":{"type":"LineString","coordinates":[[127.60873,49.07192],[127.71492,49.21726]]}},{"type":"Feature","properties":{"kind":"mountain_hachure"},"geometry":{"type":"LineString","coordinates":[[127.90873,49.07192],[128.01492,49.21726]]}},{"type":"Feature","properties":{"kind":"mountain_hachure"},"geometry":{"type":"LineString","coordinates":[[128.20873,49.07192],[128.31492,49.21726]]}},{"type":"Feature","properties":{"kind":"mountain_hachure"},"geometry":{"type":"LineString","coordinates":[[128.50873,49.07192],[128.61492,49.21726]]}},{"type":"Feature","properties":{"kind":"mountain_hachure"},"geometry":{"type":"LineString","coordinates":[[128.80873,49.07192],[128.91492,49.21726]]}},{"type":"Feature","properties":{"kind":"mountain_hachure"},"geometry":{"type":"LineString","coordinates":[[129.10873,49.07192],[129.21492,49.21726]]}},{"type":"Feature","properties":{"kind":"mountain_hachure"},"geometry":{"type":"LineString","coordinates":[[129.40873,49.07192],[129.51492,49.21726]]}},{"type":"Feature","properties":{"kind":"mountain_hachure"},"geometry":{"type":"LineString","coordinates":[[129.70873,49.07192],[129.81492,49.21726]]}},{"type":"Feature","properties":{"kind":"mountain_hachure"},"geometry":{"type":"LineString","coordinates":[[124.90873,49.37192],[125.01492,49.51726]]}},{"type":"Feature","properties":{"kind":"mountain_hachure"},"geometry":{"type":"LineString","coordinates":[[125.20873,49.37192],[125.31492,49.51726]]}},{"type":"Feature","properties":{"kind":"mountain_hachure"},"geometry":{"type":"LineString","coordinates":[[125.50873,49.37192],[125.61492,49.51726]]}},{"type":"Feature","properties":{"kind":"mountain_hachure"},"geometry":{"type":"LineString","coordinates":[[125.80873,49.37192],[125.91492,49.51726]]}},{"type":"Feature","properties":{"kind":"mountain_hachure"},"geometry":{"type":"LineString","coordinates":[[126.10873,49.37192],[126.21492,49.51726]]}},{"type":"Feature","properties":{"kind":"mountain_hachure"},"geometry":{"type":"LineString","coordinates":[[126.40873,49.37192],[126.51492,49.51726]]}},{"type":"Feature","properties":{"kind":"mountain_hachure"},"geometry":{"type":"LineString","coordinates":[[126.70873,49.37192],[126.81492,49.51726]]}},{"type":"Feature","properties":{"kind":"mountain_hachure"},"geometry":{"type":"LineString","coordinates":[[127.00873,49.37192],[127.11492,49.51726]]}},{"type":"Feature","properties":{"kind":"mountain_hachure"},"geometry":{"type":"LineString","coordinates":[[127.30873,49.37192],[127.41492,49.51726]]}},{"type":"Feature","properties":{"kind":"mountain_hachure"},"geometry":{"type":"LineString","coordinates":[[127.60873,49.37192],[127.71492,49.51726]]}},{"type":"Feature","properties":{"kind":"mountain_hachure"},"geometry":{"type":"LineString","coordinates":[[127.90873,49.37192],[128.01492,49.51726]]}},{"type":"Feature","properties":{"kind":"mountain_hachure"},"geometry":{"type":"LineString","coordinates":[[128.20873,49.37192],[128.31492,49.51726]]}},{"type":"Feature","properties":{"kind":"mountain_hachure"},"geometry":{"type":"LineString","coordinates":[[128.50873,49.37192],[128.61492,49.51726]]}},{"type":"Feature","properties":{"kind":"mountain_hachure"},"geometry":{"type":"LineString","coordinates":[[128.80873,49.37192],[128.91492,49.51726]]}},{"type":"Feature","properties":{"kind":"mountain_hachure"},"geometry":{"type":"LineString","coordinates":[[124.60873,49.67192],[124.71492,49.81726]]}},{"type":"Feature","properties":{"kind":"mountain_hachure"},"geometry":{"type":"LineString","coordinates":[[124.90873,49.67192],[125.01492,49.81726]]}},{"type":"Feature","properties":{"kind":"mountain_hachure"},"geometry":{"type":"LineString","coordinates":[[125.20873,49.67192],[125.31492,49.81726]]}},{"type":"Feature","properties":{"kind":"mountain_hachure"},"geometry":{"type":"LineString","coordinates":[[125.50873,49.67192],[125.61492,49.81726]]}},{"type":"Feature","properties":{"kind":"mountain_hachure"},"geometry":{"type":"LineString","coordinates":[[125.80873,49.67192],[125.91492,49.81726]]}},{"type":"Feature","properties":{"kind":"mountain_hachure"},"geometry":{"type":"LineString","coordinates":[[126.10873,49.67192],[126.21492,49.81726]]}},{"type":"Feature","properties":{"kind":"mountain_hachure"},"geometry":{"type":"LineString","coordinates":[[126.40873,49.67192],[126.51492,49.81726]]}},{"type":"Feature","properties":{"kind":"mountain_hachure"},"geometry":{"type":"LineString","coordinates":[[126.70873,49.67192],[126.81492,49.81726]]}},{"type":"Feature","properties":{"kind":"mountain_hachure"},"geometry":{"type":"LineString","coordinates":[[127.00873,49.67192],[127.11492,49.81726]]}},{"type":"Feature","properties":{"kind":"mountain_hachure"},"geometry":{"type":"LineString","coordinates":[[127.30873,49.67192],[127.41492,49.81726]]}},{"type":"Feature","properties":{"kind":"mountain_hachure"},"geometry":{"type":"LineString","coordinates":[[127.60873,49.67192],[127.71492,49.81726]]}},{"type":"Feature","properties":{"kind":"mountain_hachure"},"geometry":{"type":"LineString","coordinates":[[124.60873,49.97192],[124.71492,50.11726]]}},{"type":"Feature","properties":{"kind":"mountain_hachure"},"geometry":{"type":"LineString","coordinates":[[124.90873,49.97192],[125.01492,50.11726]]}},{"type":"Feature","properties":{"kind":"mountain_hachure"},"geometry":{"type":"LineString","coordinates":[[125.20873,49.97192],[125.31492,50.11726]]}},{"type":"Feature","properties":{"kind":"mountain_hachure"},"geometry":{"type":"LineString","coordinates":[[125.50873,49.97192],[125.61492,50.11726]]}},{"type":"Feature","properties":{"kind":"mountain_hachure"},"geometry":{"type":"LineString","coordinates":[[125.80873,49.97192],[125.91492,50.11726]]}},{"type":"Feature","properties":{"kind":"mountain_hachure"},"geometry":{"type":"LineString","coordinates":[[126.10873,49.97192],[126.21492,50.11726]]}},{"type":"Feature","properties":{"kind":"mountain_hachure"},"geometry":{"type":"LineString","coordinates":[[126.40873,49.97192],[126.51492,50.11726]]}},{"type":"Feature","properties":{"kind":"mountain_hachure"},"geometry":{"type":"LineString","coordinates":[[126.70873,49.97192],[126.81492,50.11726]]}},{"type":"Feature","properties":{"kind":"mountain_hachure"},"geometry":{"type":"LineString","coordinates":[[127.00873,49.97192],[127.11492,50.11726]]}},{"type":"Feature","properties":{"kind":"mountain_hachure"},"geometry":{"type":"LineString","coordinates":[[127.30873,49.97192],[127.41492,50.11726]]}},{"type":"Feature","properties":{"kind":"mountain_hachure"},"geometry":{"type":"LineString","coordinates":[[124.60873,50.27192],[124.71492,50.41726]]}},{"type":"Feature","properties":{"kind":"mountain_hachure"},"geometry":{"type":"LineString","coordinates":[[124.90873,50.27192],[125.01492,50.41726]]}},{"type":"Feature","properties":{"kind":"mountain_hachure"},"geometry":{"type":"LineString","coordinates":[[125.20873,50.27192],[125.31492,50.41726]]}},{"type":"Feature","properties":{"kind":"mountain_hachure"},"geometry":{"type":"LineString","coordinates":[[125.50873,50.27192],[125.61492,50.41726]]}},{"type":"Feature","properties":{"kind":"mountain_hachure"},"geometry":{"type":"LineString","coordinates":[[125.80873,50.27192],[125.91492,50.41726]]}},{"type":"Feature","properties":{"kind":"mountain_hachure"},"geometry":{"type":"LineString","coordinates":[[126.10873,50.27192],[126.21492,50.41726]]}},{"type":"Feature","properties":{"kind":"mountain_hachure"},"geometry":{"type":"LineString","coordinates":[[126.40873,50.27192],[126.51492,50.41726]]}},{"type":"Feature","properties":{"kind":"mountain_hachure"},"geometry":{"type":"LineString","coordinates":[[126.70873,50.27192],[126.81492,50.41726]]}},{"type":"Feature","properties":{"kind":"mountain_hachure"},"geometry":{"type":"LineString","coordinates":[[127.00873,50.27192],[127.11492,50.41726]]}},{"type":"Feature","properties":{"kind":"mountain_hachure"},"geometry":{"type":"LineString","coordinates":[[124.60873,50.57192],[124.71492,50.71726]]}},{"type":"Feature","properties":{"kind":"mountain_hachure"},"geometry":{"type":"LineString","coordinates":[[124.90873,50.57192],[125.01492,50.71726]]}},{"type":"Feature","properties":{"kind":"mountain_hachure"},"geometry":{"type":"LineString","coordinates":[[125.20873,50.57192],[125.31492,50.71726]]}},{"type":"Feature","properties":{"kind":"mountain_hachure"},"geometry":{"type":"LineString","coordinates":[[125.50873,50.57192],[125.61492,50.71726]]}},{"type":"Feature","properties":{"kind":"mountain_hachure"},"geometry":{"type":"LineString","coordinates":[[125.80873,50.57192],[125.91492,50.71726]]}},{"type":"Feature","properties":{"kind":"mountain_hachure"},"geometry":{"type":"LineString","coordinates":[[126.10873,50.57192],[126.21492,50.71726]]}},{"type":"Feature","properties":{"kind":"mountain_hachure"},"geometry":{"type":"LineString","coordinates":[[126.40873,50.57192],[126.51492,50.71726]]}},{"type":"Feature","properties":{"kind":"mountain_hachure"},"geometry":{"type":"LineString","coordinates":[[126.70873,50.57192],[126.81492,50.71726]]}},{"type":"Feature","properties":{"kind":"mountain_hachure"},"geometry":{"type":"LineString","coordinates":[[127.00873,50.57192],[127.11492,50.71726]]}},{"type":"Feature","properties":{"kind":"mountain_hachure"},"geometry":{"type":"LineString","coordinates":[[124.60873,50.87192],[124.71492,51.01726]]}},{"type":"Feature","properties":{"kind":"mountain_hachure"},"geometry":{"type":"LineString","coordinates":[[124.90873,50.87192],[125.01492,51.01726]]}},{"type":"Feature","properties":{"kind":"mountain_hachure"},"geometry":{"type":"LineString","coordinates":[[125.20873,50.87192],[125.31492,51.01726]]}},{"type":"Feature","properties":{"kind":"mountain_hachure"},"geometry":{"type":"LineString","coordinates":[[125.50873,50.87192],[125.61492,51.01726]]}},{"type":"Feature","properties":{"kind":"mountain_hachure"},"geometry":{"type":"LineString","coordinates":[[125.80873,50.87192],[125.91492,51.01726]]}},{"type":"Feature","properties":{"kind":"mountain_hachure"},"geometry":{"type":"LineString","coordinates":[[126.10873,50.87192],[126.21492,51.01726]]}},{"type":"Feature","properties":{"kind":"mountain_hachure"},"geometry":{"type":"LineString","coordinates":[[126.40873,50.87192],[126.51492,51.01726]]}},{"type":"Feature","properties":{"kind":"mountain_hachure"},"geometry":{"type":"LineString","coordinates":[[126.70873,50.87192],[126.81492,51.01726]]}},{"type":"Feature","properties":{"kind":"mountain_hachure"},"geometry":{"type":"LineString","coordinates":[[124.90873,51.17192],[125.01492,51.31726]]}},{"type":"Feature","properties":{"kind":"mountain_hachure"},"geometry":{"type":"LineString","coordinates":[[125.20873,51.17192],[125.31492,51.31726]]}},{"type":"Feature","properties":{"kind":"mountain_hachure"},"geometry":{"type":"LineString","coordinates":[[125.50873,51.17192],[125.61492,51.31726]]}},{"type":"Feature","properties":{"kind":"mountain_hachure"},"geometry":{"type":"LineString","coordinates":[[125.80873,51.17192],[125.91492,51.31726]]}},{"type":"Feature","properties":{"kind":"mountain_hachure"},"geometry":{"type":"LineString","coordinates":[[126.10873,51.17192],[126.21492,51.31726]]}},{"type":"Feature","properties":{"kind":"mountain_hachure"},"geometry":{"type":"LineString","coordinates":[[126.40873,51.17192],[126.51492,51.31726]]}},{"type":"Feature","properties":{"kind":"mountain_hachure"},"geometry":{"type":"LineString","coordinates":[[126.70873,51.17192],[126.81492,51.31726]]}},{"type":"Feature","properties":{"kind":"mountain_hachure"},"geometry":{"type":"LineString","coordinates":[[125.20873,51.47192],[125.31492,51.61726]]}},{"type":"Feature","properties":{"kind":"mountain_hachure"},"geometry":{"type":"LineString","coordinates":[[125.50873,51.47192],[125.61492,51.61726]]}},{"type":"Feature","properties":{"kind":"mountain_hachure"},"geometry":{"type":"LineString","coordinates":[[125.80873,51.47192],[125.91492,51.61726]]}},{"type":"Feature","properties":{"kind":"mountain_hachure"},"geometry":{"type":"LineString","coordinates":[[126.10873,51.47192],[126.21492,51.61726]]}},{"type":"Feature","properties":{"kind":"mountain_hachure"},"geometry":{"type":"LineString","coordinates":[[126.40873,51.47192],[126.51492,51.61726]]}},{"type":"Feature","properties":{"kind":"mountain_axis","name":"小兴安岭","source":"Natural Earth 10m"},"geometry":{"type":"LineString","coordinates":[[124.61751,51.26182],[130.69371,46.82223]]}},{"type":"Feature","properties":{"kind":"mountain_arrow"},"geometry":{"type":"LineString","coordinates":[[124.61751,51.26182],[124.26909,51.29347]]}},{"type":"Feature","properties":{"kind":"mountain_arrow"},"geometry":{"type":"LineString","coordinates":[[124.61751,51.26182],[124.48147,51.58414]]}},{"type":"Feature","properties":{"kind":"mountain_arrow"},"geometry":{"type":"LineString","coordinates":[[130.69371,46.82223],[130.82975,46.49991]]}},{"type":"Feature","properties":{"kind":"mountain_arrow"},"geometry":{"type":"LineString","coordinates":[[130.69371,46.82223],[131.04213,46.79058]]}},{"type":"Feature","properties":{"kind":"mountain_area","name":"小兴安岭","source":"Natural Earth 10m"},"geometry":{"type":"Polygon","coordinates":[[[128.87037,46.4546],[128.76698,46.44459],[128.67616,46.46906],[128.59523,46.5207],[128.20607,47.00257],[128.19715,47.02173],[128.19203,47.04413],[128.19776,47.1858],[128.193,47.20722],[127.27149,48.57075],[126.95167,48.85242],[126.83131,48.90851],[126.69105,48.94105],[126.28541,48.96674],[125.0027,49.34156],[124.7732,49.48298],[124.58082,49.67542],[124.55948,49.71049],[124.43922,49.90809],[124.36183,50.17017],[124.41306,50.86383],[124.41981,50.95515],[124.45899,51.04487],[124.52027,51.12354],[124.61057,51.19414],[124.68763,51.2544],[125.26673,51.55079],[125.78309,51.65693],[126.0597,51.6562],[126.32777,51.61262],[126.57118,51.52088],[126.77442,51.3758],[126.92152,51.17225],[126.93934,51.11835],[126.95924,50.9643],[127.07252,50.7522],[127.188,50.29322],[127.22914,50.20624],[127.28065,50.13508],[127.74569,49.78153],[127.83436,49.71412],[127.94264,49.65687],[128.78224,49.57294],[130.07789,49.09907],[130.29298,48.94623],[130.44032,48.76533],[130.76466,48.13032],[130.84034,47.87781],[130.84962,47.75788],[130.82691,47.65858],[130.76246,47.59217],[130.64649,47.57099],[130.89552,47.38068],[130.92518,47.33961],[130.94545,47.29151],[130.96241,47.21351],[130.9607,47.19117],[130.95204,47.17579],[130.93605,47.16413],[130.76466,47.08643],[130.30531,47.02393],[130.23255,46.99549],[130.06898,46.88166],[129.9944,46.85065],[129.9087,46.83527],[129.73536,46.83149],[129.22877,46.68677],[128.98854,46.50642],[128.87037,46.4546]]]}},{"type":"Feature","properties":{"kind":"mountain_label","name":"小兴安岭","source":"Natural Earth 10m"},"geometry":{"type":"Point","coordinates":[128.02331,48.77337]}},{"type":"Feature","properties":{"kind":"mountain_peaks","name":"小兴安岭","source":"Natural Earth 10m"},"geometry":{"type":"MultiPoint","coordinates":[[128.75833,46.49167],[128.60833,46.80833],[128.99167,46.775]]}},{"type":"Feature","properties":{"kind":"mountain_hachure"},"geometry":{"type":"LineString","coordinates":[[100.62218,36.25994],[100.66827,36.43394]]}},{"type":"Feature","properties":{"kind":"mountain_hachure"},"geometry":{"type":"LineString","coordinates":[[100.92218,36.25994],[100.96827,36.43394]]}},{"type":"Feature","properties":{"kind":"mountain_hachure"},"geometry":{"type":"LineString","coordinates":[[101.22218,36.25994],[101.26827,36.43394]]}},{"type":"Feature","properties":{"kind":"mountain_hachure"},"geometry":{"type":"LineString","coordinates":[[101.52218,36.25994],[101.56827,36.43394]]}},{"type":"Feature","properties":{"kind":"mountain_hachure"},"geometry":{"type":"LineString","coordinates":[[101.82218,36.25994],[101.86827,36.43394]]}},{"type":"Feature","properties":{"kind":"mountain_hachure"},"geometry":{"type":"LineString","coordinates":[[102.12218,36.25994],[102.16827,36.43394]]}},{"type":"Feature","properties":{"kind":"mountain_hachure"},"geometry":{"type":"LineString","coordinates":[[100.02218,36.55994],[100.06827,36.73394]]}},{"type":"Feature","properties":{"kind":"mountain_hachure"},"geometry":{"type":"LineString","coordinates":[[100.32218,36.55994],[100.36827,36.73394]]}},{"type":"Feature","properties":{"kind":"mountain_hachure"},"geometry":{"type":"LineString","coordinates":[[100.62218,36.55994],[100.66827,36.73394]]}},{"type":"Feature","properties":{"kind":"mountain_hachure"},"geometry":{"type":"LineString","coordinates":[[100.92218,36.55994],[100.96827,36.73394]]}},{"type":"Feature","properties":{"kind":"mountain_hachure"},"geometry":{"type":"LineString","coordinates":[[101.22218,36.55994],[101.26827,36.73394]]}},{"type":"Feature","properties":{"kind":"mountain_hachure"},"geometry":{"type":"LineString","coordinates":[[101.52218,36.55994],[101.56827,36.73394]]}},{"type":"Feature","properties":{"kind":"mountain_hachure"},"geometry":{"type":"LineString","coordinates":[[101.82218,36.55994],[101.86827,36.73394]]}},{"type":"Feature","properties":{"kind":"mountain_hachure"},"geometry":{"type":"LineString","coordinates":[[102.12218,36.55994],[102.16827,36.73394]]}},{"type":"Feature","properties":{"kind":"mountain_hachure"},"geometry":{"type":"LineString","coordinates":[[102.42218,36.55994],[102.46827,36.73394]]}},{"type":"Feature","properties":{"kind":"mountain_hachure"},"geometry":{"type":"LineString","coordinates":[[98.22218,36.85994],[98.26827,37.03394]]}},{"type":"Feature","properties":{"kind":"mountain_hachure"},"geometry":{"type":"LineString","coordinates":[[98.52218,36.85994],[98.56827,37.03394]]}},{"type":"Feature","properties":{"kind":"mountain_hachure"},"geometry":{"type":"LineString","coordinates":[[99.12218,36.85994],[99.16827,37.03394]]}},{"type":"Feature","properties":{"kind":"mountain_hachure"},"geometry":{"type":"LineString","coordinates":[[99.42218,36.85994],[99.46827,37.03394]]}},{"type":"Feature","properties":{"kind":"mountain_hachure"},"geometry":{"type":"LineString","coordinates":[[99.72218,36.85994],[99.76827,37.03394]]}},{"type":"Feature","properties":{"kind":"mountain_hachure"},"geometry":{"type":"LineString","coordinates":[[100.02218,36.85994],[100.06827,37.03394]]}},{"type":"Feature","properties":{"kind":"mountain_hachure"},"geometry":{"type":"LineString","coordinates":[[100.32218,36.85994],[100.36827,37.03394]]}},{"type":"Feature","properties":{"kind":"mountain_hachure"},"geometry":{"type":"LineString","coordinates":[[100.62218,36.85994],[100.66827,37.03394]]}},{"type":"Feature","properties":{"kind":"mountain_hachure"},"geometry":{"type":"LineString","coordinates":[[100.92218,36.85994],[100.96827,37.03394]]}},{"type":"Feature","properties":{"kind":"mountain_hachure"},"geometry":{"type":"LineString","coordinates":[[101.22218,36.85994],[101.26827,37.03394]]}},{"type":"Feature","properties":{"kind":"mountain_hachure"},"geometry":{"type":"LineString","coordinates":[[101.52218,36.85994],[101.56827,37.03394]]}},{"type":"Feature","properties":{"kind":"mountain_hachure"},"geometry":{"type":"LineString","coordinates":[[101.82218,36.85994],[101.86827,37.03394]]}},{"type":"Feature","properties":{"kind":"mountain_hachure"},"geometry":{"type":"LineString","coordinates":[[102.12218,36.85994],[102.16827,37.03394]]}},{"type":"Feature","properties":{"kind":"mountain_hachure"},"geometry":{"type":"LineString","coordinates":[[102.42218,36.85994],[102.46827,37.03394]]}},{"type":"Feature","properties":{"kind":"mountain_hachure"},"geometry":{"type":"LineString","coordinates":[[97.92218,37.15994],[97.96827,37.33394]]}},{"type":"Feature","properties":{"kind":"mountain_hachure"},"geometry":{"type":"LineString","coordinates":[[98.22218,37.15994],[98.26827,37.33394]]}},{"type":"Feature","properties":{"kind":"mountain_hachure"},"geometry":{"type":"LineString","coordinates":[[98.52218,37.15994],[98.56827,37.33394]]}},{"type":"Feature","properties":{"kind":"mountain_hachure"},"geometry":{"type":"LineString","coordinates":[[98.82218,37.15994],[98.86827,37.33394]]}},{"type":"Feature","properties":{"kind":"mountain_hachure"},"geometry":{"type":"LineString","coordinates":[[99.12218,37.15994],[99.16827,37.33394]]}},{"type":"Feature","properties":{"kind":"mountain_hachure"},"geometry":{"type":"LineString","coordinates":[[99.42218,37.15994],[99.46827,37.33394]]}},{"type":"Feature","properties":{"kind":"mountain_hachure"},"geometry":{"type":"LineString","coordinates":[[99.72218,37.15994],[99.76827,37.33394]]}},{"type":"Feature","properties":{"kind":"mountain_hachure"},"geometry":{"type":"LineString","coordinates":[[100.02218,37.15994],[100.06827,37.33394]]}},{"type":"Feature","properties":{"kind":"mountain_hachure"},"geometry":{"type":"LineString","coordinates":[[100.32218,37.15994],[100.36827,37.33394]]}},{"type":"Feature","properties":{"kind":"mountain_hachure"},"geometry":{"type":"LineString","coordinates":[[100.62218,37.15994],[100.66827,37.33394]]}},{"type":"Feature","properties":{"kind":"mountain_hachure"},"geometry":{"type":"LineString","coordinates":[[100.92218,37.15994],[100.96827,37.33394]]}},{"type":"Feature","properties":{"kind":"mountain_hachure"},"geometry":{"type":"LineString","coordinates":[[101.22218,37.15994],[101.26827,37.33394]]}},{"type":"Feature","properties":{"kind":"mountain_hachure"},"geometry":{"type":"LineString","coordinates":[[101.52218,37.15994],[101.56827,37.33394]]}},{"type":"Feature","properties":{"kind":"mountain_hachure"},"geometry":{"type":"LineString","coordinates":[[101.82218,37.15994],[101.86827,37.33394]]}},{"type":"Feature","properties":{"kind":"mountain_hachure"},"geometry":{"type":"LineString","coordinates":[[102.12218,37.15994],[102.16827,37.33394]]}},{"type":"Feature","properties":{"kind":"mountain_hachure"},"geometry":{"type":"LineString","coordinates":[[102.42218,37.15994],[102.46827,37.33394]]}},{"type":"Feature","properties":{"kind":"mountain_hachure"},"geometry":{"type":"LineString","coordinates":[[102.72218,37.15994],[102.76827,37.33394]]}},{"type":"Feature","properties":{"kind":"mountain_hachure"},"geometry":{"type":"LineString","coordinates":[[96.72218,37.45994],[96.76827,37.63394]]}},{"type":"Feature","properties":{"kind":"mountain_hachure"},"geometry":{"type":"LineString","coordinates":[[97.02218,37.45994],[97.06827,37.63394]]}},{"type":"Feature","properties":{"kind":"mountain_hachure"},"geometry":{"type":"LineString","coordinates":[[97.32218,37.45994],[97.36827,37.63394]]}},{"type":"Feature","properties":{"kind":"mountain_hachure"},"geometry":{"type":"LineString","coordinates":[[97.62218,37.45994],[97.66827,37.63394]]}},{"type":"Feature","properties":{"kind":"mountain_hachure"},"geometry":{"type":"LineString","coordinates":[[97.92218,37.45994],[97.96827,37.63394]]}},{"type":"Feature","properties":{"kind":"mountain_hachure"},"geometry":{"type":"LineString","coordinates":[[98.22218,37.45994],[98.26827,37.63394]]}},{"type":"Feature","properties":{"kind":"mountain_hachure"},"geometry":{"type":"LineString","coordinates":[[98.52218,37.45994],[98.56827,37.63394]]}},{"type":"Feature","properties":{"kind":"mountain_hachure"},"geometry":{"type":"LineString","coordinates":[[98.82218,37.45994],[98.86827,37.63394]]}},{"type":"Feature","properties":{"kind":"mountain_hachure"},"geometry":{"type":"LineString","coordinates":[[99.12218,37.45994],[99.16827,37.63394]]}},{"type":"Feature","properties":{"kind":"mountain_hachure"},"geometry":{"type":"LineString","coordinates":[[99.42218,37.45994],[99.46827,37.63394]]}},{"type":"Feature","properties":{"kind":"mountain_hachure"},"geometry":{"type":"LineString","coordinates":[[99.72218,37.45994],[99.76827,37.63394]]}},{"type":"Feature","properties":{"kind":"mountain_hachure"},"geometry":{"type":"LineString","coordinates":[[100.02218,37.45994],[100.06827,37.63394]]}},{"type":"Feature","properties":{"kind":"mountain_hachure"},"geometry":{"type":"LineString","coordinates":[[100.32218,37.45994],[100.36827,37.63394]]}},{"type":"Feature","properties":{"kind":"mountain_hachure"},"geometry":{"type":"LineString","coordinates":[[100.62218,37.45994],[100.66827,37.63394]]}},{"type":"Feature","properties":{"kind":"mountain_hachure"},"geometry":{"type":"LineString","coordinates":[[100.92218,37.45994],[100.96827,37.63394]]}},{"type":"Feature","properties":{"kind":"mountain_hachure"},"geometry":{"type":"LineString","coordinates":[[101.22218,37.45994],[101.26827,37.63394]]}},{"type":"Feature","properties":{"kind":"mountain_hachure"},"geometry":{"type":"LineString","coordinates":[[101.52218,37.45994],[101.56827,37.63394]]}},{"type":"Feature","properties":{"kind":"mountain_hachure"},"geometry":{"type":"LineString","coordinates":[[101.82218,37.45994],[101.86827,37.63394]]}},{"type":"Feature","properties":{"kind":"mountain_hachure"},"geometry":{"type":"LineString","coordinates":[[102.12218,37.45994],[102.16827,37.63394]]}},{"type":"Feature","properties":{"kind":"mountain_hachure"},"geometry":{"type":"LineString","coordinates":[[102.42218,37.45994],[102.46827,37.63394]]}},{"type":"Feature","properties":{"kind":"mountain_hachure"},"geometry":{"type":"LineString","coordinates":[[102.72218,37.45994],[102.76827,37.63394]]}},{"type":"Feature","properties":{"kind":"mountain_hachure"},"geometry":{"type":"LineString","coordinates":[[96.12218,37.75994],[96.16827,37.93394]]}},{"type":"Feature","properties":{"kind":"mountain_hachure"},"geometry":{"type":"LineString","coordinates":[[96.42218,37.75994],[96.46827,37.93394]]}},{"type":"Feature","properties":{"kind":"mountain_hachure"},"geometry":{"type":"LineString","coordinates":[[96.72218,37.75994],[96.76827,37.93394]]}},{"type":"Feature","properties":{"kind":"mountain_hachure"},"geometry":{"type":"LineString","coordinates":[[97.02218,37.75994],[97.06827,37.93394]]}},{"type":"Feature","properties":{"kind":"mountain_hachure"},"geometry":{"type":"LineString","coordinates":[[97.32218,37.75994],[97.36827,37.93394]]}},{"type":"Feature","properties":{"kind":"mountain_hachure"},"geometry":{"type":"LineString","coordinates":[[97.62218,37.75994],[97.66827,37.93394]]}},{"type":"Feature","properties":{"kind":"mountain_hachure"},"geometry":{"type":"LineString","coordinates":[[97.92218,37.75994],[97.96827,37.93394]]}},{"type":"Feature","properties":{"kind":"mountain_hachure"},"geometry":{"type":"LineString","coordinates":[[98.22218,37.75994],[98.26827,37.93394]]}},{"type":"Feature","properties":{"kind":"mountain_hachure"},"geometry":{"type":"LineString","coordinates":[[98.52218,37.75994],[98.56827,37.93394]]}},{"type":"Feature","properties":{"kind":"mountain_hachure"},"geometry":{"type":"LineString","coordinates":[[98.82218,37.75994],[98.86827,37.93394]]}},{"type":"Feature","properties":{"kind":"mountain_hachure"},"geometry":{"type":"LineString","coordinates":[[99.12218,37.75994],[99.16827,37.93394]]}},{"type":"Feature","properties":{"kind":"mountain_hachure"},"geometry":{"type":"LineString","coordinates":[[99.42218,37.75994],[99.46827,37.93394]]}},{"type":"Feature","properties":{"kind":"mountain_hachure"},"geometry":{"type":"LineString","coordinates":[[99.72218,37.75994],[99.76827,37.93394]]}},{"type":"Feature","properties":{"kind":"mountain_hachure"},"geometry":{"type":"LineString","coordinates":[[100.02218,37.75994],[100.06827,37.93394]]}},{"type":"Feature","properties":{"kind":"mountain_hachure"},"geometry":{"type":"LineString","coordinates":[[100.32218,37.75994],[100.36827,37.93394]]}},{"type":"Feature","properties":{"kind":"mountain_hachure"},"geometry":{"type":"LineString","coordinates":[[100.62218,37.75994],[100.66827,37.93394]]}},{"type":"Feature","properties":{"kind":"mountain_hachure"},"geometry":{"type":"LineString","coordinates":[[100.92218,37.75994],[100.96827,37.93394]]}},{"type":"Feature","properties":{"kind":"mountain_hachure"},"geometry":{"type":"LineString","coordinates":[[101.22218,37.75994],[101.26827,37.93394]]}},{"type":"Feature","properties":{"kind":"mountain_hachure"},"geometry":{"type":"LineString","coordinates":[[101.52218,37.75994],[101.56827,37.93394]]}},{"type":"Feature","properties":{"kind":"mountain_hachure"},"geometry":{"type":"LineString","coordinates":[[101.82218,37.75994],[101.86827,37.93394]]}},{"type":"Feature","properties":{"kind":"mountain_hachure"},"geometry":{"type":"LineString","coordinates":[[102.12218,37.75994],[102.16827,37.93394]]}},{"type":"Feature","properties":{"kind":"mountain_hachure"},"geometry":{"type":"LineString","coordinates":[[102.42218,37.75994],[102.46827,37.93394]]}},{"type":"Feature","properties":{"kind":"mountain_hachure"},"geometry":{"type":"LineString","coordinates":[[102.72218,37.75994],[102.76827,37.93394]]}},{"type":"Feature","properties":{"kind":"mountain_hachure"},"geometry":{"type":"LineString","coordinates":[[95.52218,38.05994],[95.56827,38.23394]]}},{"type":"Feature","properties":{"kind":"mountain_hachure"},"geometry":{"type":"LineString","coordinates":[[95.82218,38.05994],[95.86827,38.23394]]}},{"type":"Feature","properties":{"kind":"mountain_hachure"},"geometry":{"type":"LineString","coordinates":[[96.12218,38.05994],[96.16827,38.23394]]}},{"type":"Feature","properties":{"kind":"mountain_hachure"},"geometry":{"type":"LineString","coordinates":[[96.42218,38.05994],[96.46827,38.23394]]}},{"type":"Feature","properties":{"kind":"mountain_hachure"},"geometry":{"type":"LineString","coordinates":[[96.72218,38.05994],[96.76827,38.23394]]}},{"type":"Feature","properties":{"kind":"mountain_hachure"},"geometry":{"type":"LineString","coordinates":[[97.02218,38.05994],[97.06827,38.23394]]}},{"type":"Feature","properties":{"kind":"mountain_hachure"},"geometry":{"type":"LineString","coordinates":[[97.32218,38.05994],[97.36827,38.23394]]}},{"type":"Feature","properties":{"kind":"mountain_hachure"},"geometry":{"type":"LineString","coordinates":[[97.62218,38.05994],[97.66827,38.23394]]}},{"type":"Feature","properties":{"kind":"mountain_hachure"},"geometry":{"type":"LineString","coordinates":[[97.92218,38.05994],[97.96827,38.23394]]}},{"type":"Feature","properties":{"kind":"mountain_hachure"},"geometry":{"type":"LineString","coordinates":[[98.22218,38.05994],[98.26827,38.23394]]}},{"type":"Feature","properties":{"kind":"mountain_hachure"},"geometry":{"type":"LineString","coordinates":[[98.52218,38.05994],[98.56827,38.23394]]}},{"type":"Feature","properties":{"kind":"mountain_hachure"},"geometry":{"type":"LineString","coordinates":[[98.82218,38.05994],[98.86827,38.23394]]}},{"type":"Feature","properties":{"kind":"mountain_hachure"},"geometry":{"type":"LineString","coordinates":[[99.12218,38.05994],[99.16827,38.23394]]}},{"type":"Feature","properties":{"kind":"mountain_hachure"},"geometry":{"type":"LineString","coordinates":[[99.42218,38.05994],[99.46827,38.23394]]}},{"type":"Feature","properties":{"kind":"mountain_hachure"},"geometry":{"type":"LineString","coordinates":[[99.72218,38.05994],[99.76827,38.23394]]}},{"type":"Feature","properties":{"kind":"mountain_hachure"},"geometry":{"type":"LineString","coordinates":[[100.02218,38.05994],[100.06827,38.23394]]}},{"type":"Feature","properties":{"kind":"mountain_hachure"},"geometry":{"type":"LineString","coordinates":[[100.32218,38.05994],[100.36827,38.23394]]}},{"type":"Feature","properties":{"kind":"mountain_hachure"},"geometry":{"type":"LineString","coordinates":[[100.62218,38.05994],[100.66827,38.23394]]}},{"type":"Feature","properties":{"kind":"mountain_hachure"},"geometry":{"type":"LineString","coordinates":[[100.92218,38.05994],[100.96827,38.23394]]}},{"type":"Feature","properties":{"kind":"mountain_hachure"},"geometry":{"type":"LineString","coordinates":[[101.22218,38.05994],[101.26827,38.23394]]}},{"type":"Feature","properties":{"kind":"mountain_hachure"},"geometry":{"type":"LineString","coordinates":[[101.52218,38.05994],[101.56827,38.23394]]}},{"type":"Feature","properties":{"kind":"mountain_hachure"},"geometry":{"type":"LineString","coordinates":[[101.82218,38.05994],[101.86827,38.23394]]}},{"type":"Feature","properties":{"kind":"mountain_hachure"},"geometry":{"type":"LineString","coordinates":[[102.12218,38.05994],[102.16827,38.23394]]}},{"type":"Feature","properties":{"kind":"mountain_hachure"},"geometry":{"type":"LineString","coordinates":[[102.42218,38.05994],[102.46827,38.23394]]}},{"type":"Feature","properties":{"kind":"mountain_hachure"},"geometry":{"type":"LineString","coordinates":[[94.62218,38.35994],[94.66827,38.53394]]}},{"type":"Feature","properties":{"kind":"mountain_hachure"},"geometry":{"type":"LineString","coordinates":[[94.92218,38.35994],[94.96827,38.53394]]}},{"type":"Feature","properties":{"kind":"mountain_hachure"},"geometry":{"type":"LineString","coordinates":[[95.22218,38.35994],[95.26827,38.53394]]}},{"type":"Feature","properties":{"kind":"mountain_hachure"},"geometry":{"type":"LineString","coordinates":[[95.52218,38.35994],[95.56827,38.53394]]}},{"type":"Feature","properties":{"kind":"mountain_hachure"},"geometry":{"type":"LineString","coordinates":[[95.82218,38.35994],[95.86827,38.53394]]}},{"type":"Feature","properties":{"kind":"mountain_hachure"},"geometry":{"type":"LineString","coordinates":[[96.12218,38.35994],[96.16827,38.53394]]}},{"type":"Feature","properties":{"kind":"mountain_hachure"},"geometry":{"type":"LineString","coordinates":[[96.42218,38.35994],[96.46827,38.53394]]}},{"type":"Feature","properties":{"kind":"mountain_hachure"},"geometry":{"type":"LineString","coordinates":[[96.72218,38.35994],[96.76827,38.53394]]}},{"type":"Feature","properties":{"kind":"mountain_hachure"},"geometry":{"type":"LineString","coordinates":[[97.02218,38.35994],[97.06827,38.53394]]}},{"type":"Feature","properties":{"kind":"mountain_hachure"},"geometry":{"type":"LineString","coordinates":[[97.32218,38.35994],[97.36827,38.53394]]}},{"type":"Feature","properties":{"kind":"mountain_hachure"},"geometry":{"type":"LineString","coordinates":[[97.62218,38.35994],[97.66827,38.53394]]}},{"type":"Feature","properties":{"kind":"mountain_hachure"},"geometry":{"type":"LineString","coordinates":[[97.92218,38.35994],[97.96827,38.53394]]}},{"type":"Feature","properties":{"kind":"mountain_hachure"},"geometry":{"type":"LineString","coordinates":[[98.22218,38.35994],[98.26827,38.53394]]}},{"type":"Feature","properties":{"kind":"mountain_hachure"},"geometry":{"type":"LineString","coordinates":[[98.52218,38.35994],[98.56827,38.53394]]}},{"type":"Feature","properties":{"kind":"mountain_hachure"},"geometry":{"type":"LineString","coordinates":[[98.82218,38.35994],[98.86827,38.53394]]}},{"type":"Feature","properties":{"kind":"mountain_hachure"},"geometry":{"type":"LineString","coordinates":[[99.12218,38.35994],[99.16827,38.53394]]}},{"type":"Feature","properties":{"kind":"mountain_hachure"},"geometry":{"type":"LineString","coordinates":[[99.42218,38.35994],[99.46827,38.53394]]}},{"type":"Feature","properties":{"kind":"mountain_hachure"},"geometry":{"type":"LineString","coordinates":[[99.72218,38.35994],[99.76827,38.53394]]}},{"type":"Feature","properties":{"kind":"mountain_hachure"},"geometry":{"type":"LineString","coordinates":[[100.02218,38.35994],[100.06827,38.53394]]}},{"type":"Feature","properties":{"kind":"mountain_hachure"},"geometry":{"type":"LineString","coordinates":[[100.32218,38.35994],[100.36827,38.53394]]}},{"type":"Feature","properties":{"kind":"mountain_hachure"},"geometry":{"type":"LineString","coordinates":[[100.62218,38.35994],[100.66827,38.53394]]}},{"type":"Feature","properties":{"kind":"mountain_hachure"},"geometry":{"type":"LineString","coordinates":[[94.62218,38.65994],[94.66827,38.83394]]}},{"type":"Feature","properties":{"kind":"mountain_hachure"},"geometry":{"type":"LineString","coordinates":[[94.92218,38.65994],[94.96827,38.83394]]}},{"type":"Feature","properties":{"kind":"mountain_hachure"},"geometry":{"type":"LineString","coordinates":[[95.22218,38.65994],[95.26827,38.83394]]}},{"type":"Feature","properties":{"kind":"mountain_hachure"},"geometry":{"type":"LineString","coordinates":[[95.52218,38.65994],[95.56827,38.83394]]}},{"type":"Feature","properties":{"kind":"mountain_hachure"},"geometry":{"type":"LineString","coordinates":[[95.82218,38.65994],[95.86827,38.83394]]}},{"type":"Feature","properties":{"kind":"mountain_hachure"},"geometry":{"type":"LineString","coordinates":[[96.12218,38.65994],[96.16827,38.83394]]}},{"type":"Feature","properties":{"kind":"mountain_hachure"},"geometry":{"type":"LineString","coordinates":[[96.42218,38.65994],[96.46827,38.83394]]}},{"type":"Feature","properties":{"kind":"mountain_hachure"},"geometry":{"type":"LineString","coordinates":[[96.72218,38.65994],[96.76827,38.83394]]}},{"type":"Feature","properties":{"kind":"mountain_hachure"},"geometry":{"type":"LineString","coordinates":[[97.02218,38.65994],[97.06827,38.83394]]}},{"type":"Feature","properties":{"kind":"mountain_hachure"},"geometry":{"type":"LineString","coordinates":[[97.32218,38.65994],[97.36827,38.83394]]}},{"type":"Feature","properties":{"kind":"mountain_hachure"},"geometry":{"type":"LineString","coordinates":[[97.62218,38.65994],[97.66827,38.83394]]}},{"type":"Feature","properties":{"kind":"mountain_hachure"},"geometry":{"type":"LineString","coordinates":[[97.92218,38.65994],[97.96827,38.83394]]}},{"type":"Feature","properties":{"kind":"mountain_hachure"},"geometry":{"type":"LineString","coordinates":[[98.22218,38.65994],[98.26827,38.83394]]}},{"type":"Feature","properties":{"kind":"mountain_hachure"},"geometry":{"type":"LineString","coordinates":[[98.52218,38.65994],[98.56827,38.83394]]}},{"type":"Feature","properties":{"kind":"mountain_hachure"},"geometry":{"type":"LineString","coordinates":[[98.82218,38.65994],[98.86827,38.83394]]}},{"type":"Feature","properties":{"kind":"mountain_hachure"},"geometry":{"type":"LineString","coordinates":[[99.12218,38.65994],[99.16827,38.83394]]}},{"type":"Feature","properties":{"kind":"mountain_hachure"},"geometry":{"type":"LineString","coordinates":[[99.42218,38.65994],[99.46827,38.83394]]}},{"type":"Feature","properties":{"kind":"mountain_hachure"},"geometry":{"type":"LineString","coordinates":[[99.72218,38.65994],[99.76827,38.83394]]}},{"type":"Feature","properties":{"kind":"mountain_hachure"},"geometry":{"type":"LineString","coordinates":[[100.02218,38.65994],[100.06827,38.83394]]}},{"type":"Feature","properties":{"kind":"mountain_hachure"},"geometry":{"type":"LineString","coordinates":[[100.32218,38.65994],[100.36827,38.83394]]}},{"type":"Feature","properties":{"kind":"mountain_hachure"},"geometry":{"type":"LineString","coordinates":[[95.52218,38.95994],[95.56827,39.13394]]}},{"type":"Feature","properties":{"kind":"mountain_hachure"},"geometry":{"type":"LineString","coordinates":[[95.82218,38.95994],[95.86827,39.13394]]}},{"type":"Feature","properties":{"kind":"mountain_hachure"},"geometry":{"type":"LineString","coordinates":[[96.12218,38.95994],[96.16827,39.13394]]}},{"type":"Feature","properties":{"kind":"mountain_hachure"},"geometry":{"type":"LineString","coordinates":[[96.42218,38.95994],[96.46827,39.13394]]}},{"type":"Feature","properties":{"kind":"mountain_hachure"},"geometry":{"type":"LineString","coordinates":[[96.72218,38.95994],[96.76827,39.13394]]}},{"type":"Feature","properties":{"kind":"mountain_hachure"},"geometry":{"type":"LineString","coordinates":[[97.02218,38.95994],[97.06827,39.13394]]}},{"type":"Feature","properties":{"kind":"mountain_hachure"},"geometry":{"type":"LineString","coordinates":[[97.32218,38.95994],[97.36827,39.13394]]}},{"type":"Feature","properties":{"kind":"mountain_hachure"},"geometry":{"type":"LineString","coordinates":[[97.62218,38.95994],[97.66827,39.13394]]}},{"type":"Feature","properties":{"kind":"mountain_hachure"},"geometry":{"type":"LineString","coordinates":[[97.92218,38.95994],[97.96827,39.13394]]}},{"type":"Feature","properties":{"kind":"mountain_hachure"},"geometry":{"type":"LineString","coordinates":[[98.22218,38.95994],[98.26827,39.13394]]}},{"type":"Feature","properties":{"kind":"mountain_hachure"},"geometry":{"type":"LineString","coordinates":[[98.52218,38.95994],[98.56827,39.13394]]}},{"type":"Feature","properties":{"kind":"mountain_hachure"},"geometry":{"type":"LineString","coordinates":[[98.82218,38.95994],[98.86827,39.13394]]}},{"type":"Feature","properties":{"kind":"mountain_hachure"},"geometry":{"type":"LineString","coordinates":[[99.12218,38.95994],[99.16827,39.13394]]}},{"type":"Feature","properties":{"kind":"mountain_hachure"},"geometry":{"type":"LineString","coordinates":[[99.42218,38.95994],[99.46827,39.13394]]}},{"type":"Feature","properties":{"kind":"mountain_hachure"},"geometry":{"type":"LineString","coordinates":[[99.72218,38.95994],[99.76827,39.13394]]}},{"type":"Feature","properties":{"kind":"mountain_hachure"},"geometry":{"type":"LineString","coordinates":[[100.02218,38.95994],[100.06827,39.13394]]}},{"type":"Feature","properties":{"kind":"mountain_hachure"},"geometry":{"type":"LineString","coordinates":[[94.62218,39.25994],[94.66827,39.43394]]}},{"type":"Feature","properties":{"kind":"mountain_hachure"},"geometry":{"type":"LineString","coordinates":[[94.92218,39.25994],[94.96827,39.43394]]}},{"type":"Feature","properties":{"kind":"mountain_hachure"},"geometry":{"type":"LineString","coordinates":[[95.22218,39.25994],[95.26827,39.43394]]}},{"type":"Feature","properties":{"kind":"mountain_hachure"},"geometry":{"type":"LineString","coordinates":[[95.52218,39.25994],[95.56827,39.43394]]}},{"type":"Feature","properties":{"kind":"mountain_hachure"},"geometry":{"type":"LineString","coordinates":[[95.82218,39.25994],[95.86827,39.43394]]}},{"type":"Feature","properties":{"kind":"mountain_hachure"},"geometry":{"type":"LineString","coordinates":[[96.12218,39.25994],[96.16827,39.43394]]}},{"type":"Feature","properties":{"kind":"mountain_hachure"},"geometry":{"type":"LineString","coordinates":[[96.42218,39.25994],[96.46827,39.43394]]}},{"type":"Feature","properties":{"kind":"mountain_hachure"},"geometry":{"type":"LineString","coordinates":[[96.72218,39.25994],[96.76827,39.43394]]}},{"type":"Feature","properties":{"kind":"mountain_hachure"},"geometry":{"type":"LineString","coordinates":[[97.02218,39.25994],[97.06827,39.43394]]}},{"type":"Feature","properties":{"kind":"mountain_hachure"},"geometry":{"type":"LineString","coordinates":[[97.32218,39.25994],[97.36827,39.43394]]}},{"type":"Feature","properties":{"kind":"mountain_hachure"},"geometry":{"type":"LineString","coordinates":[[97.62218,39.25994],[97.66827,39.43394]]}},{"type":"Feature","properties":{"kind":"mountain_hachure"},"geometry":{"type":"LineString","coordinates":[[97.92218,39.25994],[97.96827,39.43394]]}},{"type":"Feature","properties":{"kind":"mountain_hachure"},"geometry":{"type":"LineString","coordinates":[[98.22218,39.25994],[98.26827,39.43394]]}},{"type":"Feature","properties":{"kind":"mountain_hachure"},"geometry":{"type":"LineString","coordinates":[[98.52218,39.25994],[98.56827,39.43394]]}},{"type":"Feature","properties":{"kind":"mountain_hachure"},"geometry":{"type":"LineString","coordinates":[[98.82218,39.25994],[98.86827,39.43394]]}},{"type":"Feature","properties":{"kind":"mountain_hachure"},"geometry":{"type":"LineString","coordinates":[[99.12218,39.25994],[99.16827,39.43394]]}},{"type":"Feature","properties":{"kind":"mountain_hachure"},"geometry":{"type":"LineString","coordinates":[[99.42218,39.25994],[99.46827,39.43394]]}},{"type":"Feature","properties":{"kind":"mountain_hachure"},"geometry":{"type":"LineString","coordinates":[[99.72218,39.25994],[99.76827,39.43394]]}},{"type":"Feature","properties":{"kind":"mountain_hachure"},"geometry":{"type":"LineString","coordinates":[[94.62218,39.55994],[94.66827,39.73394]]}},{"type":"Feature","properties":{"kind":"mountain_hachure"},"geometry":{"type":"LineString","coordinates":[[94.92218,39.55994],[94.96827,39.73394]]}},{"type":"Feature","properties":{"kind":"mountain_hachure"},"geometry":{"type":"LineString","coordinates":[[95.22218,39.55994],[95.26827,39.73394]]}},{"type":"Feature","properties":{"kind":"mountain_hachure"},"geometry":{"type":"LineString","coordinates":[[95.52218,39.55994],[95.56827,39.73394]]}},{"type":"Feature","properties":{"kind":"mountain_hachure"},"geometry":{"type":"LineString","coordinates":[[95.82218,39.55994],[95.86827,39.73394]]}},{"type":"Feature","properties":{"kind":"mountain_hachure"},"geometry":{"type":"LineString","coordinates":[[96.12218,39.55994],[96.16827,39.73394]]}},{"type":"Feature","properties":{"kind":"mountain_hachure"},"geometry":{"type":"LineString","coordinates":[[96.42218,39.55994],[96.46827,39.73394]]}},{"type":"Feature","properties":{"kind":"mountain_hachure"},"geometry":{"type":"LineString","coordinates":[[96.72218,39.55994],[96.76827,39.73394]]}},{"type":"Feature","properties":{"kind":"mountain_hachure"},"geometry":{"type":"LineString","coordinates":[[97.02218,39.55994],[97.06827,39.73394]]}},{"type":"Feature","properties":{"kind":"mountain_hachure"},"geometry":{"type":"LineString","coordinates":[[97.32218,39.55994],[97.36827,39.73394]]}},{"type":"Feature","properties":{"kind":"mountain_hachure"},"geometry":{"type":"LineString","coordinates":[[97.62218,39.55994],[97.66827,39.73394]]}},{"type":"Feature","properties":{"kind":"mountain_hachure"},"geometry":{"type":"LineString","coordinates":[[97.92218,39.55994],[97.96827,39.73394]]}},{"type":"Feature","properties":{"kind":"mountain_hachure"},"geometry":{"type":"LineString","coordinates":[[98.22218,39.55994],[98.26827,39.73394]]}},{"type":"Feature","properties":{"kind":"mountain_hachure"},"geometry":{"type":"LineString","coordinates":[[98.52218,39.55994],[98.56827,39.73394]]}},{"type":"Feature","properties":{"kind":"mountain_hachure"},"geometry":{"type":"LineString","coordinates":[[98.82218,39.55994],[98.86827,39.73394]]}},{"type":"Feature","properties":{"kind":"mountain_hachure"},"geometry":{"type":"LineString","coordinates":[[94.92218,39.85994],[94.96827,40.03394]]}},{"type":"Feature","properties":{"kind":"mountain_hachure"},"geometry":{"type":"LineString","coordinates":[[95.22218,39.85994],[95.26827,40.03394]]}},{"type":"Feature","properties":{"kind":"mountain_hachure"},"geometry":{"type":"LineString","coordinates":[[95.52218,39.85994],[95.56827,40.03394]]}},{"type":"Feature","properties":{"kind":"mountain_hachure"},"geometry":{"type":"LineString","coordinates":[[95.82218,39.85994],[95.86827,40.03394]]}},{"type":"Feature","properties":{"kind":"mountain_hachure"},"geometry":{"type":"LineString","coordinates":[[96.12218,39.85994],[96.16827,40.03394]]}},{"type":"Feature","properties":{"kind":"mountain_hachure"},"geometry":{"type":"LineString","coordinates":[[96.42218,39.85994],[96.46827,40.03394]]}},{"type":"Feature","properties":{"kind":"mountain_hachure"},"geometry":{"type":"LineString","coordinates":[[96.72218,39.85994],[96.76827,40.03394]]}},{"type":"Feature","properties":{"kind":"mountain_hachure"},"geometry":{"type":"LineString","coordinates":[[97.02218,39.85994],[97.06827,40.03394]]}},{"type":"Feature","properties":{"kind":"mountain_axis","name":"祁连山","source":"Natural Earth 10m"},"geometry":{"type":"LineString","coordinates":[[94.28915,39.2293],[102.82861,36.96721]]}},{"type":"Feature","properties":{"kind":"mountain_arrow"},"geometry":{"type":"LineString","coordinates":[[94.28915,39.2293],[93.95306,39.13212]]}},{"type":"Feature","properties":{"kind":"mountain_arrow"},"geometry":{"type":"LineString","coordinates":[[94.28915,39.2293],[94.04524,39.48012]]}},{"type":"Feature","properties":{"kind":"mountain_arrow"},"geometry":{"type":"LineString","coordinates":[[102.82861,36.96721],[103.07252,36.71639]]}},{"type":"Feature","properties":{"kind":"mountain_arrow"},"geometry":{"type":"LineString","coordinates":[[102.82861,36.96721],[103.1647,37.06439]]}},{"type":"Feature","properties":{"kind":"mountain_area","name":"祁连山","source":"Natural Earth 10m"},"geometry":{"type":"Polygon","coordinates":[[[102.9568,37.45112],[102.46205,36.4397],[102.30336,36.21857],[102.16505,36.07661],[102.06422,36.04694],[102.02552,36.07062],[101.9402,36.16401],[101.91493,36.17927],[101.87928,36.18836],[101.10438,36.15559],[100.78981,36.20429],[99.87367,36.55903],[99.46534,36.84046],[99.24,36.92884],[98.99269,36.96271],[98.36476,36.91968],[98.21315,36.94691],[98.08216,37.02082],[97.62049,37.46027],[97.48463,37.52534],[96.67311,37.54413],[96.45948,37.60725],[96.35365,37.66016],[96.33302,37.72242],[96.27662,37.76783],[95.79139,37.89362],[95.2964,38.11097],[95.08827,38.27338],[94.58204,38.4585],[94.50697,38.52094],[94.47657,38.59711],[94.50636,38.68915],[94.56898,38.7494],[94.65602,38.78535],[95.28529,38.80695],[95.37208,38.83283],[95.4214,38.86249],[95.43812,38.89521],[95.42677,38.93049],[95.39186,38.96766],[95.19337,39.08466],[94.49293,39.24598],[94.39295,39.30817],[94.34523,39.39753],[94.36647,39.52119],[94.45387,39.67249],[94.57008,39.79713],[94.70851,39.89771],[95.02589,40.03748],[95.63514,40.14069],[95.65639,40.13826],[96.26883,40.06814],[97.43594,39.9345],[98.29725,39.83588],[98.53005,39.76801],[99.42707,39.50647],[99.52745,39.47721],[99.6454,39.44282],[99.6972,39.40184],[99.71105,39.39088],[100.85865,38.4831],[101.01332,38.39283],[101.11305,38.35505],[102.01444,38.26528],[102.23829,38.24299],[102.37489,38.19208],[102.49733,38.12336],[102.70668,37.93891],[102.86447,37.70862],[102.95961,37.56977],[102.9568,37.45112]]]}},{"type":"Feature","properties":{"kind":"mountain_label","name":"祁连山","source":"Natural Earth 10m"},"geometry":{"type":"Point","coordinates":[98.19472,38.19472]}},{"type":"Feature","properties":{"kind":"mountain_peaks","name":"祁连山","source":"Natural Earth 10m"},"geometry":{"type":"MultiPoint","coordinates":[[97.74167,38.49167],[95.61667,38.31667],[95.46667,39.11667]]}},{"type":"Feature","properties":{"kind":"mountain_hachure"},"geometry":{"type":"LineString","coordinates":[[115.79145,30.24669],[115.85969,30.41326]]}},{"type":"Feature","properties":{"kind":"mountain_hachure"},"geometry":{"type":"LineString","coordinates":[[116.09145,30.24669],[116.15969,30.41326]]}},{"type":"Feature","properties":{"kind":"mountain_hachure"},"geometry":{"type":"LineString","coordinates":[[115.49145,30.54669],[115.55969,30.71326]]}},{"type":"Feature","properties":{"kind":"mountain_hachure"},"geometry":{"type":"LineString","coordinates":[[115.79145,30.54669],[115.85969,30.71326]]}},{"type":"Feature","properties":{"kind":"mountain_hachure"},"geometry":{"type":"LineString","coordinates":[[116.09145,30.54669],[116.15969,30.71326]]}},{"type":"Feature","properties":{"kind":"mountain_hachure"},"geometry":{"type":"LineString","coordinates":[[116.39145,30.54669],[116.45969,30.71326]]}},{"type":"Feature","properties":{"kind":"mountain_hachure"},"geometry":{"type":"LineString","coordinates":[[115.19145,30.84669],[115.25969,31.01326]]}},{"type":"Feature","properties":{"kind":"mountain_hachure"},"geometry":{"type":"LineString","coordinates":[[115.49145,30.84669],[115.55969,31.01326]]}},{"type":"Feature","properties":{"kind":"mountain_hachure"},"geometry":{"type":"LineString","coordinates":[[115.79145,30.84669],[115.85969,31.01326]]}},{"type":"Feature","properties":{"kind":"mountain_hachure"},"geometry":{"type":"LineString","coordinates":[[116.09145,30.84669],[116.15969,31.01326]]}},{"type":"Feature","properties":{"kind":"mountain_hachure"},"geometry":{"type":"LineString","coordinates":[[116.39145,30.84669],[116.45969,31.01326]]}},{"type":"Feature","properties":{"kind":"mountain_hachure"},"geometry":{"type":"LineString","coordinates":[[116.69145,30.84669],[116.75969,31.01326]]}},{"type":"Feature","properties":{"kind":"mountain_hachure"},"geometry":{"type":"LineString","coordinates":[[113.39145,31.14669],[113.45969,31.31326]]}},{"type":"Feature","properties":{"kind":"mountain_hachure"},"geometry":{"type":"LineString","coordinates":[[113.69145,31.14669],[113.75969,31.31326]]}},{"type":"Feature","properties":{"kind":"mountain_hachure"},"geometry":{"type":"LineString","coordinates":[[113.99145,31.14669],[114.05969,31.31326]]}},{"type":"Feature","properties":{"kind":"mountain_hachure"},"geometry":{"type":"LineString","coordinates":[[114.29145,31.14669],[114.35969,31.31326]]}},{"type":"Feature","properties":{"kind":"mountain_hachure"},"geometry":{"type":"LineString","coordinates":[[114.59145,31.14669],[114.65969,31.31326]]}},{"type":"Feature","properties":{"kind":"mountain_hachure"},"geometry":{"type":"LineString","coordinates":[[114.89145,31.14669],[114.95969,31.31326]]}},{"type":"Feature","properties":{"kind":"mountain_hachure"},"geometry":{"type":"LineString","coordinates":[[115.19145,31.14669],[115.25969,31.31326]]}},{"type":"Feature","properties":{"kind":"mountain_hachure"},"geometry":{"type":"LineString","coordinates":[[115.49145,31.14669],[115.55969,31.31326]]}},{"type":"Feature","properties":{"kind":"mountain_hachure"},"geometry":{"type":"LineString","coordinates":[[115.79145,31.14669],[115.85969,31.31326]]}},{"type":"Feature","properties":{"kind":"mountain_hachure"},"geometry":{"type":"LineString","coordinates":[[116.09145,31.14669],[116.15969,31.31326]]}},{"type":"Feature","properties":{"kind":"mountain_hachure"},"geometry":{"type":"LineString","coordinates":[[116.39145,31.14669],[116.45969,31.31326]]}},{"type":"Feature","properties":{"kind":"mountain_hachure"},"geometry":{"type":"LineString","coordinates":[[116.69145,31.14669],[116.75969,31.31326]]}},{"type":"Feature","properties":{"kind":"mountain_hachure"},"geometry":{"type":"LineString","coordinates":[[116.99145,31.14669],[117.05969,31.31326]]}},{"type":"Feature","properties":{"kind":"mountain_hachure"},"geometry":{"type":"LineString","coordinates":[[113.09145,31.44669],[113.15969,31.61326]]}},{"type":"Feature","properties":{"kind":"mountain_hachure"},"geometry":{"type":"LineString","coordinates":[[113.39145,31.44669],[113.45969,31.61326]]}},{"type":"Feature","properties":{"kind":"mountain_hachure"},"geometry":{"type":"LineString","coordinates":[[113.69145,31.44669],[113.75969,31.61326]]}},{"type":"Feature","properties":{"kind":"mountain_hachure"},"geometry":{"type":"LineString","coordinates":[[113.99145,31.44669],[114.05969,31.61326]]}},{"type":"Feature","properties":{"kind":"mountain_hachure"},"geometry":{"type":"LineString","coordinates":[[114.29145,31.44669],[114.35969,31.61326]]}},{"type":"Feature","properties":{"kind":"mountain_hachure"},"geometry":{"type":"LineString","coordinates":[[114.59145,31.44669],[114.65969,31.61326]]}},{"type":"Feature","properties":{"kind":"mountain_hachure"},"geometry":{"type":"LineString","coordinates":[[114.89145,31.44669],[114.95969,31.61326]]}},{"type":"Feature","properties":{"kind":"mountain_hachure"},"geometry":{"type":"LineString","coordinates":[[115.19145,31.44669],[115.25969,31.61326]]}},{"type":"Feature","properties":{"kind":"mountain_hachure"},"geometry":{"type":"LineString","coordinates":[[115.49145,31.44669],[115.55969,31.61326]]}},{"type":"Feature","properties":{"kind":"mountain_hachure"},"geometry":{"type":"LineString","coordinates":[[115.79145,31.44669],[115.85969,31.61326]]}},{"type":"Feature","properties":{"kind":"mountain_hachure"},"geometry":{"type":"LineString","coordinates":[[116.09145,31.44669],[116.15969,31.61326]]}},{"type":"Feature","properties":{"kind":"mountain_hachure"},"geometry":{"type":"LineString","coordinates":[[116.39145,31.44669],[116.45969,31.61326]]}},{"type":"Feature","properties":{"kind":"mountain_hachure"},"geometry":{"type":"LineString","coordinates":[[116.69145,31.44669],[116.75969,31.61326]]}},{"type":"Feature","properties":{"kind":"mountain_hachure"},"geometry":{"type":"LineString","coordinates":[[113.09145,31.74669],[113.15969,31.91326]]}},{"type":"Feature","properties":{"kind":"mountain_hachure"},"geometry":{"type":"LineString","coordinates":[[113.39145,31.74669],[113.45969,31.91326]]}},{"type":"Feature","properties":{"kind":"mountain_hachure"},"geometry":{"type":"LineString","coordinates":[[113.69145,31.74669],[113.75969,31.91326]]}},{"type":"Feature","properties":{"kind":"mountain_hachure"},"geometry":{"type":"LineString","coordinates":[[113.99145,31.74669],[114.05969,31.91326]]}},{"type":"Feature","properties":{"kind":"mountain_hachure"},"geometry":{"type":"LineString","coordinates":[[114.29145,31.74669],[114.35969,31.91326]]}},{"type":"Feature","properties":{"kind":"mountain_hachure"},"geometry":{"type":"LineString","coordinates":[[114.59145,31.74669],[114.65969,31.91326]]}},{"type":"Feature","properties":{"kind":"mountain_hachure"},"geometry":{"type":"LineString","coordinates":[[114.89145,31.74669],[114.95969,31.91326]]}},{"type":"Feature","properties":{"kind":"mountain_hachure"},"geometry":{"type":"LineString","coordinates":[[115.19145,31.74669],[115.25969,31.91326]]}},{"type":"Feature","properties":{"kind":"mountain_hachure"},"geometry":{"type":"LineString","coordinates":[[115.49145,31.74669],[115.55969,31.91326]]}},{"type":"Feature","properties":{"kind":"mountain_hachure"},"geometry":{"type":"LineString","coordinates":[[115.79145,31.74669],[115.85969,31.91326]]}},{"type":"Feature","properties":{"kind":"mountain_hachure"},"geometry":{"type":"LineString","coordinates":[[116.09145,31.74669],[116.15969,31.91326]]}},{"type":"Feature","properties":{"kind":"mountain_hachure"},"geometry":{"type":"LineString","coordinates":[[113.09145,32.04669],[113.15969,32.21326]]}},{"type":"Feature","properties":{"kind":"mountain_hachure"},"geometry":{"type":"LineString","coordinates":[[113.39145,32.04669],[113.45969,32.21326]]}},{"type":"Feature","properties":{"kind":"mountain_hachure"},"geometry":{"type":"LineString","coordinates":[[113.69145,32.04669],[113.75969,32.21326]]}},{"type":"Feature","properties":{"kind":"mountain_hachure"},"geometry":{"type":"LineString","coordinates":[[113.99145,32.04669],[114.05969,32.21326]]}},{"type":"Feature","properties":{"kind":"mountain_hachure"},"geometry":{"type":"LineString","coordinates":[[114.29145,32.04669],[114.35969,32.21326]]}},{"type":"Feature","properties":{"kind":"mountain_hachure"},"geometry":{"type":"LineString","coordinates":[[114.59145,32.04669],[114.65969,32.21326]]}},{"type":"Feature","properties":{"kind":"mountain_hachure"},"geometry":{"type":"LineString","coordinates":[[114.89145,32.04669],[114.95969,32.21326]]}},{"type":"Feature","properties":{"kind":"mountain_hachure"},"geometry":{"type":"LineString","coordinates":[[115.19145,32.04669],[115.25969,32.21326]]}},{"type":"Feature","properties":{"kind":"mountain_hachure"},"geometry":{"type":"LineString","coordinates":[[113.09145,32.34669],[113.15969,32.51326]]}},{"type":"Feature","properties":{"kind":"mountain_hachure"},"geometry":{"type":"LineString","coordinates":[[113.39145,32.34669],[113.45969,32.51326]]}},{"type":"Feature","properties":{"kind":"mountain_hachure"},"geometry":{"type":"LineString","coordinates":[[113.69145,32.34669],[113.75969,32.51326]]}},{"type":"Feature","properties":{"kind":"mountain_axis","name":"大别山","source":"Natural Earth 10m"},"geometry":{"type":"LineString","coordinates":[[112.73674,32.11469],[116.87834,30.41797]]}},{"type":"Feature","properties":{"kind":"mountain_arrow"},"geometry":{"type":"LineString","coordinates":[[112.73674,32.11469],[112.3909,32.06185]]}},{"type":"Feature","properties":{"kind":"mountain_arrow"},"geometry":{"type":"LineString","coordinates":[[112.73674,32.11469],[112.52737,32.39498]]}},{"type":"Feature","properties":{"kind":"mountain_arrow"},"geometry":{"type":"LineString","coordinates":[[116.87834,30.41797],[117.08771,30.13768]]}},{"type":"Feature","properties":{"kind":"mountain_arrow"},"geometry":{"type":"LineString","coordinates":[[116.87834,30.41797],[117.22418,30.4708]]}},{"type":"Feature","properties":{"kind":"mountain_area","name":"大别山","source":"Natural Earth 10m"},"geometry":{"type":"Polygon","coordinates":[[[117.20143,31.20661],[117.1775,31.159],[116.02223,30.0788],[115.96119,30.04847],[115.89711,30.03162],[115.83229,30.02997],[115.76881,30.04511],[115.70875,30.07892],[115.65419,30.13294],[115.61549,30.1955],[115.54957,30.43488],[115.52052,30.48737],[115.47267,30.53498],[115.39894,30.57673],[115.19264,30.65449],[115.14918,30.67963],[115.11146,30.71204],[115.0807,30.75422],[115.05836,30.80872],[115.04701,30.87031],[115.04566,30.90302],[115.04176,30.91462],[115.03175,30.92646],[114.9828,30.96046],[114.9319,30.98286],[114.56886,31.02363],[114.39686,31.08979],[113.84816,31.11957],[113.60914,31.18366],[113.43653,31.17829],[113.3805,31.18507],[113.24757,31.23878],[113.11659,31.32502],[113.00172,31.43091],[112.91749,31.54389],[112.86122,31.67658],[112.82557,32.28571],[112.83912,32.36304],[112.86549,32.42896],[112.90785,32.4831],[112.96974,32.52534],[113.0547,32.55518],[113.32142,32.58442],[113.54469,32.57752],[113.59022,32.56647],[113.62696,32.55067],[113.93214,32.30225],[114.06776,32.23145],[114.20326,32.19825],[115.12696,32.17744],[115.63722,32.09083],[116.50404,31.73676],[117.09742,31.37672],[117.15138,31.33246],[117.18751,31.29096],[117.20436,31.24982],[117.20143,31.20661]]]}},{"type":"Feature","properties":{"kind":"mountain_label","name":"大别山","source":"Natural Earth 10m"},"geometry":{"type":"Point","coordinates":[114.80171,31.26872]}},{"type":"Feature","properties":{"kind":"mountain_peaks","name":"大别山","source":"Natural Earth 10m"},"geometry":{"type":"MultiPoint","coordinates":[[116.075,30.925],[115.75833,31.25833],[115.54167,31.70833]]}},{"type":"Feature","properties":{"kind":"mountain_hachure"},"geometry":{"type":"LineString","coordinates":[[111.51963,23.47269],[111.52585,23.65259]]}},{"type":"Feature","properties":{"kind":"mountain_hachure"},"geometry":{"type":"LineString","coordinates":[[111.81963,23.47269],[111.82585,23.65259]]}},{"type":"Feature","properties":{"kind":"mountain_hachure"},"geometry":{"type":"LineString","coordinates":[[112.11963,23.47269],[112.12585,23.65259]]}},{"type":"Feature","properties":{"kind":"mountain_hachure"},"geometry":{"type":"LineString","coordinates":[[112.41963,23.47269],[112.42585,23.65259]]}},{"type":"Feature","properties":{"kind":"mountain_hachure"},"geometry":{"type":"LineString","coordinates":[[112.71963,23.47269],[112.72585,23.65259]]}},{"type":"Feature","properties":{"kind":"mountain_hachure"},"geometry":{"type":"LineString","coordinates":[[110.01963,23.77269],[110.02585,23.95259]]}},{"type":"Feature","properties":{"kind":"mountain_hachure"},"geometry":{"type":"LineString","coordinates":[[110.31963,23.77269],[110.32585,23.95259]]}},{"type":"Feature","properties":{"kind":"mountain_hachure"},"geometry":{"type":"LineString","coordinates":[[110.61963,23.77269],[110.62585,23.95259]]}},{"type":"Feature","properties":{"kind":"mountain_hachure"},"geometry":{"type":"LineString","coordinates":[[110.91963,23.77269],[110.92585,23.95259]]}},{"type":"Feature","properties":{"kind":"mountain_hachure"},"geometry":{"type":"LineString","coordinates":[[111.21963,23.77269],[111.22585,23.95259]]}},{"type":"Feature","properties":{"kind":"mountain_hachure"},"geometry":{"type":"LineString","coordinates":[[111.51963,23.77269],[111.52585,23.95259]]}},{"type":"Feature","properties":{"kind":"mountain_hachure"},"geometry":{"type":"LineString","coordinates":[[111.81963,23.77269],[111.82585,23.95259]]}},{"type":"Feature","properties":{"kind":"mountain_hachure"},"geometry":{"type":"LineString","coordinates":[[112.11963,23.77269],[112.12585,23.95259]]}},{"type":"Feature","properties":{"kind":"mountain_hachure"},"geometry":{"type":"LineString","coordinates":[[112.41963,23.77269],[112.42585,23.95259]]}},{"type":"Feature","properties":{"kind":"mountain_hachure"},"geometry":{"type":"LineString","coordinates":[[112.71963,23.77269],[112.72585,23.95259]]}},{"type":"Feature","properties":{"kind":"mountain_hachure"},"geometry":{"type":"LineString","coordinates":[[113.01963,23.77269],[113.02585,23.95259]]}},{"type":"Feature","properties":{"kind":"mountain_hachure"},"geometry":{"type":"LineString","coordinates":[[110.01963,24.07269],[110.02585,24.25259]]}},{"type":"Feature","properties":{"kind":"mountain_hachure"},"geometry":{"type":"LineString","coordinates":[[110.31963,24.07269],[110.32585,24.25259]]}},{"type":"Feature","properties":{"kind":"mountain_hachure"},"geometry":{"type":"LineString","coordinates":[[110.61963,24.07269],[110.62585,24.25259]]}},{"type":"Feature","properties":{"kind":"mountain_hachure"},"geometry":{"type":"LineString","coordinates":[[110.91963,24.07269],[110.92585,24.25259]]}},{"type":"Feature","properties":{"kind":"mountain_hachure"},"geometry":{"type":"LineString","coordinates":[[111.21963,24.07269],[111.22585,24.25259]]}},{"type":"Feature","properties":{"kind":"mountain_hachure"},"geometry":{"type":"LineString","coordinates":[[111.51963,24.07269],[111.52585,24.25259]]}},{"type":"Feature","properties":{"kind":"mountain_hachure"},"geometry":{"type":"LineString","coordinates":[[111.81963,24.07269],[111.82585,24.25259]]}},{"type":"Feature","properties":{"kind":"mountain_hachure"},"geometry":{"type":"LineString","coordinates":[[112.11963,24.07269],[112.12585,24.25259]]}},{"type":"Feature","properties":{"kind":"mountain_hachure"},"geometry":{"type":"LineString","coordinates":[[112.41963,24.07269],[112.42585,24.25259]]}},{"type":"Feature","properties":{"kind":"mountain_hachure"},"geometry":{"type":"LineString","coordinates":[[112.71963,24.07269],[112.72585,24.25259]]}},{"type":"Feature","properties":{"kind":"mountain_hachure"},"geometry":{"type":"LineString","coordinates":[[113.01963,24.07269],[113.02585,24.25259]]}},{"type":"Feature","properties":{"kind":"mountain_hachure"},"geometry":{"type":"LineString","coordinates":[[113.31963,24.07269],[113.32585,24.25259]]}},{"type":"Feature","properties":{"kind":"mountain_hachure"},"geometry":{"type":"LineString","coordinates":[[110.01963,24.37269],[110.02585,24.55259]]}},{"type":"Feature","properties":{"kind":"mountain_hachure"},"geometry":{"type":"LineString","coordinates":[[110.31963,24.37269],[110.32585,24.55259]]}},{"type":"Feature","properties":{"kind":"mountain_hachure"},"geometry":{"type":"LineString","coordinates":[[110.61963,24.37269],[110.62585,24.55259]]}},{"type":"Feature","properties":{"kind":"mountain_hachure"},"geometry":{"type":"LineString","coordinates":[[110.91963,24.37269],[110.92585,24.55259]]}},{"type":"Feature","properties":{"kind":"mountain_hachure"},"geometry":{"type":"LineString","coordinates":[[111.21963,24.37269],[111.22585,24.55259]]}},{"type":"Feature","properties":{"kind":"mountain_hachure"},"geometry":{"type":"LineString","coordinates":[[111.51963,24.37269],[111.52585,24.55259]]}},{"type":"Feature","properties":{"kind":"mountain_hachure"},"geometry":{"type":"LineString","coordinates":[[111.81963,24.37269],[111.82585,24.55259]]}},{"type":"Feature","properties":{"kind":"mountain_hachure"},"geometry":{"type":"LineString","coordinates":[[112.11963,24.37269],[112.12585,24.55259]]}},{"type":"Feature","properties":{"kind":"mountain_hachure"},"geometry":{"type":"LineString","coordinates":[[112.41963,24.37269],[112.42585,24.55259]]}},{"type":"Feature","properties":{"kind":"mountain_hachure"},"geometry":{"type":"LineString","coordinates":[[112.71963,24.37269],[112.72585,24.55259]]}},{"type":"Feature","properties":{"kind":"mountain_hachure"},"geometry":{"type":"LineString","coordinates":[[113.01963,24.37269],[113.02585,24.55259]]}},{"type":"Feature","properties":{"kind":"mountain_hachure"},"geometry":{"type":"LineString","coordinates":[[113.31963,24.37269],[113.32585,24.55259]]}},{"type":"Feature","properties":{"kind":"mountain_hachure"},"geometry":{"type":"LineString","coordinates":[[113.61963,24.37269],[113.62585,24.55259]]}},{"type":"Feature","properties":{"kind":"mountain_hachure"},"geometry":{"type":"LineString","coordinates":[[109.71963,24.67269],[109.72585,24.85259]]}},{"type":"Feature","properties":{"kind":"mountain_hachure"},"geometry":{"type":"LineString","coordinates":[[110.01963,24.67269],[110.02585,24.85259]]}},{"type":"Feature","properties":{"kind":"mountain_hachure"},"geometry":{"type":"LineString","coordinates":[[110.31963,24.67269],[110.32585,24.85259]]}},{"type":"Feature","properties":{"kind":"mountain_hachure"},"geometry":{"type":"LineString","coordinates":[[110.61963,24.67269],[110.62585,24.85259]]}},{"type":"Feature","properties":{"kind":"mountain_hachure"},"geometry":{"type":"LineString","coordinates":[[110.91963,24.67269],[110.92585,24.85259]]}},{"type":"Feature","properties":{"kind":"mountain_hachure"},"geometry":{"type":"LineString","coordinates":[[111.21963,24.67269],[111.22585,24.85259]]}},{"type":"Feature","properties":{"kind":"mountain_hachure"},"geometry":{"type":"LineString","coordinates":[[111.51963,24.67269],[111.52585,24.85259]]}},{"type":"Feature","properties":{"kind":"mountain_hachure"},"geometry":{"type":"LineString","coordinates":[[111.81963,24.67269],[111.82585,24.85259]]}},{"type":"Feature","properties":{"kind":"mountain_hachure"},"geometry":{"type":"LineString","coordinates":[[112.11963,24.67269],[112.12585,24.85259]]}},{"type":"Feature","properties":{"kind":"mountain_hachure"},"geometry":{"type":"LineString","coordinates":[[112.41963,24.67269],[112.42585,24.85259]]}},{"type":"Feature","properties":{"kind":"mountain_hachure"},"geometry":{"type":"LineString","coordinates":[[112.71963,24.67269],[112.72585,24.85259]]}},{"type":"Feature","properties":{"kind":"mountain_hachure"},"geometry":{"type":"LineString","coordinates":[[113.01963,24.67269],[113.02585,24.85259]]}},{"type":"Feature","properties":{"kind":"mountain_hachure"},"geometry":{"type":"LineString","coordinates":[[113.31963,24.67269],[113.32585,24.85259]]}},{"type":"Feature","properties":{"kind":"mountain_hachure"},"geometry":{"type":"LineString","coordinates":[[113.61963,24.67269],[113.62585,24.85259]]}},{"type":"Feature","properties":{"kind":"mountain_hachure"},"geometry":{"type":"LineString","coordinates":[[109.71963,24.97269],[109.72585,25.15259]]}},{"type":"Feature","properties":{"kind":"mountain_hachure"},"geometry":{"type":"LineString","coordinates":[[110.01963,24.97269],[110.02585,25.15259]]}},{"type":"Feature","properties":{"kind":"mountain_hachure"},"geometry":{"type":"LineString","coordinates":[[110.31963,24.97269],[110.32585,25.15259]]}},{"type":"Feature","properties":{"kind":"mountain_hachure"},"geometry":{"type":"LineString","coordinates":[[110.61963,24.97269],[110.62585,25.15259]]}},{"type":"Feature","properties":{"kind":"mountain_hachure"},"geometry":{"type":"LineString","coordinates":[[110.91963,24.97269],[110.92585,25.15259]]}},{"type":"Feature","properties":{"kind":"mountain_hachure"},"geometry":{"type":"LineString","coordinates":[[111.21963,24.97269],[111.22585,25.15259]]}},{"type":"Feature","properties":{"kind":"mountain_hachure"},"geometry":{"type":"LineString","coordinates":[[111.51963,24.97269],[111.52585,25.15259]]}},{"type":"Feature","properties":{"kind":"mountain_hachure"},"geometry":{"type":"LineString","coordinates":[[111.81963,24.97269],[111.82585,25.15259]]}},{"type":"Feature","properties":{"kind":"mountain_hachure"},"geometry":{"type":"LineString","coordinates":[[112.11963,24.97269],[112.12585,25.15259]]}},{"type":"Feature","properties":{"kind":"mountain_hachure"},"geometry":{"type":"LineString","coordinates":[[112.41963,24.97269],[112.42585,25.15259]]}},{"type":"Feature","properties":{"kind":"mountain_hachure"},"geometry":{"type":"LineString","coordinates":[[112.71963,24.97269],[112.72585,25.15259]]}},{"type":"Feature","properties":{"kind":"mountain_hachure"},"geometry":{"type":"LineString","coordinates":[[113.01963,24.97269],[113.02585,25.15259]]}},{"type":"Feature","properties":{"kind":"mountain_hachure"},"geometry":{"type":"LineString","coordinates":[[113.31963,24.97269],[113.32585,25.15259]]}},{"type":"Feature","properties":{"kind":"mountain_hachure"},"geometry":{"type":"LineString","coordinates":[[113.61963,24.97269],[113.62585,25.15259]]}},{"type":"Feature","properties":{"kind":"mountain_hachure"},"geometry":{"type":"LineString","coordinates":[[113.91963,24.97269],[113.92585,25.15259]]}},{"type":"Feature","properties":{"kind":"mountain_hachure"},"geometry":{"type":"LineString","coordinates":[[110.01963,25.27269],[110.02585,25.45259]]}},{"type":"Feature","properties":{"kind":"mountain_hachure"},"geometry":{"type":"LineString","coordinates":[[110.31963,25.27269],[110.32585,25.45259]]}},{"type":"Feature","properties":{"kind":"mountain_hachure"},"geometry":{"type":"LineString","coordinates":[[110.61963,25.27269],[110.62585,25.45259]]}},{"type":"Feature","properties":{"kind":"mountain_hachure"},"geometry":{"type":"LineString","coordinates":[[110.91963,25.27269],[110.92585,25.45259]]}},{"type":"Feature","properties":{"kind":"mountain_hachure"},"geometry":{"type":"LineString","coordinates":[[111.21963,25.27269],[111.22585,25.45259]]}},{"type":"Feature","properties":{"kind":"mountain_hachure"},"geometry":{"type":"LineString","coordinates":[[111.51963,25.27269],[111.52585,25.45259]]}},{"type":"Feature","properties":{"kind":"mountain_hachure"},"geometry":{"type":"LineString","coordinates":[[111.81963,25.27269],[111.82585,25.45259]]}},{"type":"Feature","properties":{"kind":"mountain_hachure"},"geometry":{"type":"LineString","coordinates":[[112.11963,25.27269],[112.12585,25.45259]]}},{"type":"Feature","properties":{"kind":"mountain_hachure"},"geometry":{"type":"LineString","coordinates":[[112.41963,25.27269],[112.42585,25.45259]]}},{"type":"Feature","properties":{"kind":"mountain_hachure"},"geometry":{"type":"LineString","coordinates":[[112.71963,25.27269],[112.72585,25.45259]]}},{"type":"Feature","properties":{"kind":"mountain_hachure"},"geometry":{"type":"LineString","coordinates":[[113.01963,25.27269],[113.02585,25.45259]]}},{"type":"Feature","properties":{"kind":"mountain_hachure"},"geometry":{"type":"LineString","coordinates":[[113.31963,25.27269],[113.32585,25.45259]]}},{"type":"Feature","properties":{"kind":"mountain_hachure"},"geometry":{"type":"LineString","coordinates":[[110.01963,25.57269],[110.02585,25.75259]]}},{"type":"Feature","properties":{"kind":"mountain_hachure"},"geometry":{"type":"LineString","coordinates":[[110.31963,25.57269],[110.32585,25.75259]]}},{"type":"Feature","properties":{"kind":"mountain_hachure"},"geometry":{"type":"LineString","coordinates":[[110.61963,25.57269],[110.62585,25.75259]]}},{"type":"Feature","properties":{"kind":"mountain_hachure"},"geometry":{"type":"LineString","coordinates":[[110.91963,25.57269],[110.92585,25.75259]]}},{"type":"Feature","properties":{"kind":"mountain_hachure"},"geometry":{"type":"LineString","coordinates":[[111.21963,25.57269],[111.22585,25.75259]]}},{"type":"Feature","properties":{"kind":"mountain_hachure"},"geometry":{"type":"LineString","coordinates":[[111.51963,25.57269],[111.52585,25.75259]]}},{"type":"Feature","properties":{"kind":"mountain_hachure"},"geometry":{"type":"LineString","coordinates":[[111.81963,25.57269],[111.82585,25.75259]]}},{"type":"Feature","properties":{"kind":"mountain_axis","name":"南岭","source":"Natural Earth 10m"},"geometry":{"type":"LineString","coordinates":[[109.41853,24.6422],[114.10391,24.48017]]}},{"type":"Feature","properties":{"kind":"mountain_arrow"},"geometry":{"type":"LineString","coordinates":[[109.41853,24.6422],[109.11249,24.47268]]}},{"type":"Feature","properties":{"kind":"mountain_arrow"},"geometry":{"type":"LineString","coordinates":[[109.41853,24.6422],[109.12493,24.83246]]}},{"type":"Feature","properties":{"kind":"mountain_arrow"},"geometry":{"type":"LineString","coordinates":[[114.10391,24.48017],[114.39751,24.28991]]}},{"type":"Feature","properties":{"kind":"mountain_arrow"},"geometry":{"type":"LineString","coordinates":[[114.10391,24.48017],[114.40995,24.64969]]}},{"type":"Feature","properties":{"kind":"mountain_area","name":"南岭","source":"Natural Earth 10m"},"geometry":{"type":"Polygon","coordinates":[[[113.08888,23.65284],[112.85914,23.60401],[112.30226,23.2956],[112.18312,23.26264],[111.85902,23.26288],[111.71437,23.28986],[111.57203,23.3581],[111.32301,23.5434],[111.19679,23.6048],[111.12941,23.62336],[111.05848,23.63178],[110.98365,23.62855],[110.78529,23.72114],[110.00685,23.85303],[109.97596,23.86835],[109.93483,23.89857],[109.8993,23.935],[109.84449,24.02173],[109.8097,24.11799],[109.7931,24.21326],[109.8003,24.38727],[109.79591,24.4137],[109.78688,24.43616],[109.76222,24.46686],[109.73133,24.48859],[109.54713,24.54163],[109.51759,24.5572],[109.45777,24.61707],[109.42787,24.68726],[109.42274,24.76398],[109.43812,24.84327],[109.46925,24.92152],[109.56044,25.05921],[109.69044,25.185],[109.7046,25.2049],[109.7151,25.22736],[109.74916,25.37208],[109.82154,25.55036],[109.82667,25.58332],[109.82386,25.61365],[110.11158,25.81562],[110.21241,25.85493],[110.30629,25.86951],[111.55653,25.86902],[111.66139,25.84675],[111.7588,25.80207],[111.92799,25.64814],[111.9618,25.62769],[112.04054,25.60175],[113.51405,25.39558],[113.75685,25.31916],[113.90931,25.24268],[113.99195,25.17927],[114.0641,25.09968],[114.09156,25.05537],[114.11085,25.0091],[114.11988,24.96137],[114.11866,24.90674],[114.10694,24.86768],[114.08619,24.84077],[114.05775,24.82246],[113.89711,24.76691],[113.82276,24.71424],[113.77235,24.64588],[113.66297,24.3014],[113.62281,24.21894],[113.56288,24.14643],[113.37538,23.99976],[113.32203,23.93903],[113.19191,23.72602],[113.16163,23.6963],[113.12489,23.67023],[113.08888,23.65284]]]}},{"type":"Feature","properties":{"kind":"mountain_label","name":"南岭","source":"Natural Earth 10m"},"geometry":{"type":"Point","coordinates":[111.58136,24.56741]}},{"type":"Feature","properties":{"kind":"mountain_peaks","name":"南岭","source":"Natural Earth 10m"},"geometry":{"type":"MultiPoint","coordinates":[[111.31667,25.525],[112.0,25.25833],[111.58333,24.70833]]}},{"type":"Feature","properties":{"kind":"mountain_hachure"},"geometry":{"type":"LineString","coordinates":[[116.28997,25.69281],[116.45375,25.61814]]}},{"type":"Feature","properties":{"kind":"mountain_hachure"},"geometry":{"type":"LineString","coordinates":[[116.58997,25.69281],[116.75375,25.61814]]}},{"type":"Feature","properties":{"kind":"mountain_hachure"},"geometry":{"type":"LineString","coordinates":[[116.88997,25.69281],[117.05375,25.61814]]}},{"type":"Feature","properties":{"kind":"mountain_hachure"},"geometry":{"type":"LineString","coordinates":[[117.18997,25.69281],[117.35375,25.61814]]}},{"type":"Feature","properties":{"kind":"mountain_hachure"},"geometry":{"type":"LineString","coordinates":[[117.48997,25.69281],[117.65375,25.61814]]}},{"type":"Feature","properties":{"kind":"mountain_hachure"},"geometry":{"type":"LineString","coordinates":[[115.98997,25.99281],[116.15375,25.91814]]}},{"type":"Feature","properties":{"kind":"mountain_hachure"},"geometry":{"type":"LineString","coordinates":[[116.28997,25.99281],[116.45375,25.91814]]}},{"type":"Feature","properties":{"kind":"mountain_hachure"},"geometry":{"type":"LineString","coordinates":[[116.58997,25.99281],[116.75375,25.91814]]}},{"type":"Feature","properties":{"kind":"mountain_hachure"},"geometry":{"type":"LineString","coordinates":[[116.88997,25.99281],[117.05375,25.91814]]}},{"type":"Feature","properties":{"kind":"mountain_hachure"},"geometry":{"type":"LineString","coordinates":[[117.18997,25.99281],[117.35375,25.91814]]}},{"type":"Feature","properties":{"kind":"mountain_hachure"},"geometry":{"type":"LineString","coordinates":[[117.48997,25.99281],[117.65375,25.91814]]}},{"type":"Feature","properties":{"kind":"mountain_hachure"},"geometry":{"type":"LineString","coordinates":[[117.78997,25.99281],[117.95375,25.91814]]}},{"type":"Feature","properties":{"kind":"mountain_hachure"},"geometry":{"type":"LineString","coordinates":[[115.98997,26.29281],[116.15375,26.21814]]}},{"type":"Feature","properties":{"kind":"mountain_hachure"},"geometry":{"type":"LineString","coordinates":[[116.28997,26.29281],[116.45375,26.21814]]}},{"type":"Feature","properties":{"kind":"mountain_hachure"},"geometry":{"type":"LineString","coordinates":[[116.58997,26.29281],[116.75375,26.21814]]}},{"type":"Feature","properties":{"kind":"mountain_hachure"},"geometry":{"type":"LineString","coordinates":[[116.88997,26.29281],[117.05375,26.21814]]}},{"type":"Feature","properties":{"kind":"mountain_hachure"},"geometry":{"type":"LineString","coordinates":[[117.18997,26.29281],[117.35375,26.21814]]}},{"type":"Feature","properties":{"kind":"mountain_hachure"},"geometry":{"type":"LineString","coordinates":[[117.48997,26.29281],[117.65375,26.21814]]}},{"type":"Feature","properties":{"kind":"mountain_hachure"},"geometry":{"type":"LineString","coordinates":[[117.78997,26.29281],[117.95375,26.21814]]}},{"type":"Feature","properties":{"kind":"mountain_hachure"},"geometry":{"type":"LineString","coordinates":[[115.98997,26.59281],[116.15375,26.51814]]}},{"type":"Feature","properties":{"kind":"mountain_hachure"},"geometry":{"type":"LineString","coordinates":[[116.28997,26.59281],[116.45375,26.51814]]}},{"type":"Feature","properties":{"kind":"mountain_hachure"},"geometry":{"type":"LineString","coordinates":[[116.58997,26.59281],[116.75375,26.51814]]}},{"type":"Feature","properties":{"kind":"mountain_hachure"},"geometry":{"type":"LineString","coordinates":[[116.88997,26.59281],[117.05375,26.51814]]}},{"type":"Feature","properties":{"kind":"mountain_hachure"},"geometry":{"type":"LineString","coordinates":[[117.18997,26.59281],[117.35375,26.51814]]}},{"type":"Feature","properties":{"kind":"mountain_hachure"},"geometry":{"type":"LineString","coordinates":[[117.48997,26.59281],[117.65375,26.51814]]}},{"type":"Feature","properties":{"kind":"mountain_hachure"},"geometry":{"type":"LineString","coordinates":[[117.78997,26.59281],[117.95375,26.51814]]}},{"type":"Feature","properties":{"kind":"mountain_hachure"},"geometry":{"type":"LineString","coordinates":[[115.98997,26.89281],[116.15375,26.81814]]}},{"type":"Feature","properties":{"kind":"mountain_hachure"},"geometry":{"type":"LineString","coordinates":[[116.28997,26.89281],[116.45375,26.81814]]}},{"type":"Feature","properties":{"kind":"mountain_hachure"},"geometry":{"type":"LineString","coordinates":[[116.58997,26.89281],[116.75375,26.81814]]}},{"type":"Feature","properties":{"kind":"mountain_hachure"},"geometry":{"type":"LineString","coordinates":[[116.88997,26.89281],[117.05375,26.81814]]}},{"type":"Feature","properties":{"kind":"mountain_hachure"},"geometry":{"type":"LineString","coordinates":[[117.18997,26.89281],[117.35375,26.81814]]}},{"type":"Feature","properties":{"kind":"mountain_hachure"},"geometry":{"type":"LineString","coordinates":[[117.48997,26.89281],[117.65375,26.81814]]}},{"type":"Feature","properties":{"kind":"mountain_hachure"},"geometry":{"type":"LineString","coordinates":[[117.78997,26.89281],[117.95375,26.81814]]}},{"type":"Feature","properties":{"kind":"mountain_hachure"},"geometry":{"type":"LineString","coordinates":[[115.98997,27.19281],[116.15375,27.11814]]}},{"type":"Feature","properties":{"kind":"mountain_hachure"},"geometry":{"type":"LineString","coordinates":[[116.28997,27.19281],[116.45375,27.11814]]}},{"type":"Feature","properties":{"kind":"mountain_hachure"},"geometry":{"type":"LineString","coordinates":[[116.58997,27.19281],[116.75375,27.11814]]}},{"type":"Feature","properties":{"kind":"mountain_hachure"},"geometry":{"type":"LineString","coordinates":[[116.88997,27.19281],[117.05375,27.11814]]}},{"type":"Feature","properties":{"kind":"mountain_hachure"},"geometry":{"type":"LineString","coordinates":[[117.18997,27.19281],[117.35375,27.11814]]}},{"type":"Feature","properties":{"kind":"mountain_hachure"},"geometry":{"type":"LineString","coordinates":[[117.48997,27.19281],[117.65375,27.11814]]}},{"type":"Feature","properties":{"kind":"mountain_hachure"},"geometry":{"type":"LineString","coordinates":[[117.78997,27.19281],[117.95375,27.11814]]}},{"type":"Feature","properties":{"kind":"mountain_hachure"},"geometry":{"type":"LineString","coordinates":[[116.28997,27.49281],[116.45375,27.41814]]}},{"type":"Feature","properties":{"kind":"mountain_hachure"},"geometry":{"type":"LineString","coordinates":[[116.58997,27.49281],[116.75375,27.41814]]}},{"type":"Feature","properties":{"kind":"mountain_hachure"},"geometry":{"type":"LineString","coordinates":[[116.88997,27.49281],[117.05375,27.41814]]}},{"type":"Feature","properties":{"kind":"mountain_hachure"},"geometry":{"type":"LineString","coordinates":[[117.18997,27.49281],[117.35375,27.41814]]}},{"type":"Feature","properties":{"kind":"mountain_hachure"},"geometry":{"type":"LineString","coordinates":[[117.48997,27.49281],[117.65375,27.41814]]}},{"type":"Feature","properties":{"kind":"mountain_hachure"},"geometry":{"type":"LineString","coordinates":[[117.78997,27.49281],[117.95375,27.41814]]}},{"type":"Feature","properties":{"kind":"mountain_hachure"},"geometry":{"type":"LineString","coordinates":[[118.08997,27.49281],[118.25375,27.41814]]}},{"type":"Feature","properties":{"kind":"mountain_hachure"},"geometry":{"type":"LineString","coordinates":[[116.28997,27.79281],[116.45375,27.71814]]}},{"type":"Feature","properties":{"kind":"mountain_hachure"},"geometry":{"type":"LineString","coordinates":[[116.58997,27.79281],[116.75375,27.71814]]}},{"type":"Feature","properties":{"kind":"mountain_hachure"},"geometry":{"type":"LineString","coordinates":[[116.88997,27.79281],[117.05375,27.71814]]}},{"type":"Feature","properties":{"kind":"mountain_hachure"},"geometry":{"type":"LineString","coordinates":[[117.18997,27.79281],[117.35375,27.71814]]}},{"type":"Feature","properties":{"kind":"mountain_hachure"},"geometry":{"type":"LineString","coordinates":[[117.48997,27.79281],[117.65375,27.71814]]}},{"type":"Feature","properties":{"kind":"mountain_hachure"},"geometry":{"type":"LineString","coordinates":[[117.78997,27.79281],[117.95375,27.71814]]}},{"type":"Feature","properties":{"kind":"mountain_hachure"},"geometry":{"type":"LineString","coordinates":[[118.08997,27.79281],[118.25375,27.71814]]}},{"type":"Feature","properties":{"kind":"mountain_hachure"},"geometry":{"type":"LineString","coordinates":[[116.88997,28.09281],[117.05375,28.01814]]}},{"type":"Feature","properties":{"kind":"mountain_hachure"},"geometry":{"type":"LineString","coordinates":[[117.18997,28.09281],[117.35375,28.01814]]}},{"type":"Feature","properties":{"kind":"mountain_hachure"},"geometry":{"type":"LineString","coordinates":[[117.48997,28.09281],[117.65375,28.01814]]}},{"type":"Feature","properties":{"kind":"mountain_hachure"},"geometry":{"type":"LineString","coordinates":[[117.78997,28.09281],[117.95375,28.01814]]}},{"type":"Feature","properties":{"kind":"mountain_hachure"},"geometry":{"type":"LineString","coordinates":[[118.08997,28.09281],[118.25375,28.01814]]}},{"type":"Feature","properties":{"kind":"mountain_hachure"},"geometry":{"type":"LineString","coordinates":[[117.18997,28.39281],[117.35375,28.31814]]}},{"type":"Feature","properties":{"kind":"mountain_hachure"},"geometry":{"type":"LineString","coordinates":[[117.48997,28.39281],[117.65375,28.31814]]}},{"type":"Feature","properties":{"kind":"mountain_hachure"},"geometry":{"type":"LineString","coordinates":[[117.78997,28.39281],[117.95375,28.31814]]}},{"type":"Feature","properties":{"kind":"mountain_axis","name":"武夷山脉","source":"Natural Earth 10m"},"geometry":{"type":"LineString","coordinates":[[117.81282,28.48177],[116.44838,25.48941]]}},{"type":"Feature","properties":{"kind":"mountain_arrow"},"geometry":{"type":"LineString","coordinates":[[117.81282,28.48177],[117.77351,28.82941]]}},{"type":"Feature","properties":{"kind":"mountain_arrow"},"geometry":{"type":"LineString","coordinates":[[117.81282,28.48177],[118.10106,28.68005]]}},{"type":"Feature","properties":{"kind":"mountain_arrow"},"geometry":{"type":"LineString","coordinates":[[116.44838,25.48941],[116.16014,25.29113]]}},{"type":"Feature","properties":{"kind":"mountain_arrow"},"geometry":{"type":"LineString","coordinates":[[116.44838,25.48941],[116.48769,25.14177]]}},{"type":"Feature","properties":{"kind":"mountain_area","name":"武夷山脉","source":"Natural Earth 10m"},"geometry":{"type":"Polygon","coordinates":[[[116.91017,25.36835],[116.86146,25.35548],[116.79786,25.3628],[116.30641,25.55414],[116.15919,25.64606],[116.00856,25.77637],[115.89649,25.91047],[115.7798,26.21436],[115.77186,26.26179],[115.77186,26.30823],[115.91371,26.91791],[116.13197,27.4408],[116.3534,27.7956],[116.38148,27.82691],[117.15785,28.39838],[117.24354,28.435],[117.46388,28.46503],[117.57679,28.46052],[118.24293,28.28565],[118.27931,28.26331],[118.32557,28.19184],[118.33412,28.09443],[118.02711,26.63984],[118.03358,26.51166],[117.86817,25.82441],[117.7444,25.63026],[117.66725,25.55726],[117.58155,25.50819],[116.91017,25.36835]]]}},{"type":"Feature","properties":{"kind":"mountain_label","name":"武夷山脉","source":"Natural Earth 10m"},"geometry":{"type":"Point","coordinates":[117.01726,26.73701]}},{"type":"Feature","properties":{"kind":"mountain_peaks","name":"武夷山脉","source":"Natural Earth 10m"},"geometry":{"type":"MultiPoint","coordinates":[[117.78333,27.86667],[117.55833,27.65833],[116.925,26.75833]]}},{"type":"Feature","properties":{"kind":"mountain_hachure"},"geometry":{"type":"LineString","coordinates":[[86.78356,37.71521],[86.76129,37.89383]]}},{"type":"Feature","properties":{"kind":"mountain_hachure"},"geometry":{"type":"LineString","coordinates":[[87.08356,37.71521],[87.06129,37.89383]]}},{"type":"Feature","properties":{"kind":"mountain_hachure"},"geometry":{"type":"LineString","coordinates":[[87.38356,37.71521],[87.36129,37.89383]]}},{"type":"Feature","properties":{"kind":"mountain_hachure"},"geometry":{"type":"LineString","coordinates":[[87.68356,37.71521],[87.66129,37.89383]]}},{"type":"Feature","properties":{"kind":"mountain_hachure"},"geometry":{"type":"LineString","coordinates":[[87.98356,37.71521],[87.96129,37.89383]]}},{"type":"Feature","properties":{"kind":"mountain_hachure"},"geometry":{"type":"LineString","coordinates":[[88.28356,37.71521],[88.26129,37.89383]]}},{"type":"Feature","properties":{"kind":"mountain_hachure"},"geometry":{"type":"LineString","coordinates":[[88.58356,37.71521],[88.56129,37.89383]]}},{"type":"Feature","properties":{"kind":"mountain_hachure"},"geometry":{"type":"LineString","coordinates":[[88.88356,37.71521],[88.86129,37.89383]]}},{"type":"Feature","properties":{"kind":"mountain_hachure"},"geometry":{"type":"LineString","coordinates":[[89.18356,37.71521],[89.16129,37.89383]]}},{"type":"Feature","properties":{"kind":"mountain_hachure"},"geometry":{"type":"LineString","coordinates":[[89.48356,37.71521],[89.46129,37.89383]]}},{"type":"Feature","properties":{"kind":"mountain_hachure"},"geometry":{"type":"LineString","coordinates":[[89.78356,37.71521],[89.76129,37.89383]]}},{"type":"Feature","properties":{"kind":"mountain_hachure"},"geometry":{"type":"LineString","coordinates":[[90.08356,37.71521],[90.06129,37.89383]]}},{"type":"Feature","properties":{"kind":"mountain_hachure"},"geometry":{"type":"LineString","coordinates":[[90.38356,37.71521],[90.36129,37.89383]]}},{"type":"Feature","properties":{"kind":"mountain_hachure"},"geometry":{"type":"LineString","coordinates":[[90.68356,37.71521],[90.66129,37.89383]]}},{"type":"Feature","properties":{"kind":"mountain_hachure"},"geometry":{"type":"LineString","coordinates":[[90.98356,37.71521],[90.96129,37.89383]]}},{"type":"Feature","properties":{"kind":"mountain_hachure"},"geometry":{"type":"LineString","coordinates":[[91.28356,37.71521],[91.26129,37.89383]]}},{"type":"Feature","properties":{"kind":"mountain_hachure"},"geometry":{"type":"LineString","coordinates":[[91.58356,37.71521],[91.56129,37.89383]]}},{"type":"Feature","properties":{"kind":"mountain_hachure"},"geometry":{"type":"LineString","coordinates":[[91.88356,37.71521],[91.86129,37.89383]]}},{"type":"Feature","properties":{"kind":"mountain_hachure"},"geometry":{"type":"LineString","coordinates":[[86.78356,38.01521],[86.76129,38.19383]]}},{"type":"Feature","properties":{"kind":"mountain_hachure"},"geometry":{"type":"LineString","coordinates":[[87.08356,38.01521],[87.06129,38.19383]]}},{"type":"Feature","properties":{"kind":"mountain_hachure"},"geometry":{"type":"LineString","coordinates":[[87.38356,38.01521],[87.36129,38.19383]]}},{"type":"Feature","properties":{"kind":"mountain_hachure"},"geometry":{"type":"LineString","coordinates":[[87.68356,38.01521],[87.66129,38.19383]]}},{"type":"Feature","properties":{"kind":"mountain_hachure"},"geometry":{"type":"LineString","coordinates":[[87.98356,38.01521],[87.96129,38.19383]]}},{"type":"Feature","properties":{"kind":"mountain_hachure"},"geometry":{"type":"LineString","coordinates":[[88.28356,38.01521],[88.26129,38.19383]]}},{"type":"Feature","properties":{"kind":"mountain_hachure"},"geometry":{"type":"LineString","coordinates":[[88.58356,38.01521],[88.56129,38.19383]]}},{"type":"Feature","properties":{"kind":"mountain_hachure"},"geometry":{"type":"LineString","coordinates":[[88.88356,38.01521],[88.86129,38.19383]]}},{"type":"Feature","properties":{"kind":"mountain_hachure"},"geometry":{"type":"LineString","coordinates":[[89.18356,38.01521],[89.16129,38.19383]]}},{"type":"Feature","properties":{"kind":"mountain_hachure"},"geometry":{"type":"LineString","coordinates":[[89.48356,38.01521],[89.46129,38.19383]]}},{"type":"Feature","properties":{"kind":"mountain_hachure"},"geometry":{"type":"LineString","coordinates":[[89.78356,38.01521],[89.76129,38.19383]]}},{"type":"Feature","properties":{"kind":"mountain_hachure"},"geometry":{"type":"LineString","coordinates":[[90.08356,38.01521],[90.06129,38.19383]]}},{"type":"Feature","properties":{"kind":"mountain_hachure"},"geometry":{"type":"LineString","coordinates":[[90.38356,38.01521],[90.36129,38.19383]]}},{"type":"Feature","properties":{"kind":"mountain_hachure"},"geometry":{"type":"LineString","coordinates":[[90.68356,38.01521],[90.66129,38.19383]]}},{"type":"Feature","properties":{"kind":"mountain_hachure"},"geometry":{"type":"LineString","coordinates":[[90.98356,38.01521],[90.96129,38.19383]]}},{"type":"Feature","properties":{"kind":"mountain_hachure"},"geometry":{"type":"LineString","coordinates":[[91.28356,38.01521],[91.26129,38.19383]]}},{"type":"Feature","properties":{"kind":"mountain_hachure"},"geometry":{"type":"LineString","coordinates":[[91.58356,38.01521],[91.56129,38.19383]]}},{"type":"Feature","properties":{"kind":"mountain_hachure"},"geometry":{"type":"LineString","coordinates":[[91.88356,38.01521],[91.86129,38.19383]]}},{"type":"Feature","properties":{"kind":"mountain_hachure"},"geometry":{"type":"LineString","coordinates":[[87.38356,38.31521],[87.36129,38.49383]]}},{"type":"Feature","properties":{"kind":"mountain_hachure"},"geometry":{"type":"LineString","coordinates":[[87.68356,38.31521],[87.66129,38.49383]]}},{"type":"Feature","properties":{"kind":"mountain_hachure"},"geometry":{"type":"LineString","coordinates":[[87.98356,38.31521],[87.96129,38.49383]]}},{"type":"Feature","properties":{"kind":"mountain_hachure"},"geometry":{"type":"LineString","coordinates":[[88.28356,38.31521],[88.26129,38.49383]]}},{"type":"Feature","properties":{"kind":"mountain_hachure"},"geometry":{"type":"LineString","coordinates":[[88.58356,38.31521],[88.56129,38.49383]]}},{"type":"Feature","properties":{"kind":"mountain_hachure"},"geometry":{"type":"LineString","coordinates":[[88.88356,38.31521],[88.86129,38.49383]]}},{"type":"Feature","properties":{"kind":"mountain_hachure"},"geometry":{"type":"LineString","coordinates":[[89.18356,38.31521],[89.16129,38.49383]]}},{"type":"Feature","properties":{"kind":"mountain_hachure"},"geometry":{"type":"LineString","coordinates":[[89.48356,38.31521],[89.46129,38.49383]]}},{"type":"Feature","properties":{"kind":"mountain_hachure"},"geometry":{"type":"LineString","coordinates":[[89.78356,38.31521],[89.76129,38.49383]]}},{"type":"Feature","properties":{"kind":"mountain_hachure"},"geometry":{"type":"LineString","coordinates":[[90.08356,38.31521],[90.06129,38.49383]]}},{"type":"Feature","properties":{"kind":"mountain_hachure"},"geometry":{"type":"LineString","coordinates":[[90.38356,38.31521],[90.36129,38.49383]]}},{"type":"Feature","properties":{"kind":"mountain_hachure"},"geometry":{"type":"LineString","coordinates":[[90.68356,38.31521],[90.66129,38.49383]]}},{"type":"Feature","properties":{"kind":"mountain_hachure"},"geometry":{"type":"LineString","coordinates":[[90.98356,38.31521],[90.96129,38.49383]]}},{"type":"Feature","properties":{"kind":"mountain_hachure"},"geometry":{"type":"LineString","coordinates":[[91.28356,38.31521],[91.26129,38.49383]]}},{"type":"Feature","properties":{"kind":"mountain_hachure"},"geometry":{"type":"LineString","coordinates":[[93.68356,38.31521],[93.66129,38.49383]]}},{"type":"Feature","properties":{"kind":"mountain_hachure"},"geometry":{"type":"LineString","coordinates":[[93.98356,38.31521],[93.96129,38.49383]]}},{"type":"Feature","properties":{"kind":"mountain_hachure"},"geometry":{"type":"LineString","coordinates":[[88.28356,38.61521],[88.26129,38.79383]]}},{"type":"Feature","properties":{"kind":"mountain_hachure"},"geometry":{"type":"LineString","coordinates":[[88.58356,38.61521],[88.56129,38.79383]]}},{"type":"Feature","properties":{"kind":"mountain_hachure"},"geometry":{"type":"LineString","coordinates":[[88.88356,38.61521],[88.86129,38.79383]]}},{"type":"Feature","properties":{"kind":"mountain_hachure"},"geometry":{"type":"LineString","coordinates":[[89.18356,38.61521],[89.16129,38.79383]]}},{"type":"Feature","properties":{"kind":"mountain_hachure"},"geometry":{"type":"LineString","coordinates":[[89.48356,38.61521],[89.46129,38.79383]]}},{"type":"Feature","properties":{"kind":"mountain_hachure"},"geometry":{"type":"LineString","coordinates":[[89.78356,38.61521],[89.76129,38.79383]]}},{"type":"Feature","properties":{"kind":"mountain_hachure"},"geometry":{"type":"LineString","coordinates":[[90.08356,38.61521],[90.06129,38.79383]]}},{"type":"Feature","properties":{"kind":"mountain_hachure"},"geometry":{"type":"LineString","coordinates":[[90.38356,38.61521],[90.36129,38.79383]]}},{"type":"Feature","properties":{"kind":"mountain_hachure"},"geometry":{"type":"LineString","coordinates":[[90.68356,38.61521],[90.66129,38.79383]]}},{"type":"Feature","properties":{"kind":"mountain_hachure"},"geometry":{"type":"LineString","coordinates":[[90.98356,38.61521],[90.96129,38.79383]]}},{"type":"Feature","properties":{"kind":"mountain_hachure"},"geometry":{"type":"LineString","coordinates":[[91.28356,38.61521],[91.26129,38.79383]]}},{"type":"Feature","properties":{"kind":"mountain_hachure"},"geometry":{"type":"LineString","coordinates":[[91.58356,38.61521],[91.56129,38.79383]]}},{"type":"Feature","properties":{"kind":"mountain_hachure"},"geometry":{"type":"LineString","coordinates":[[93.08356,38.61521],[93.06129,38.79383]]}},{"type":"Feature","properties":{"kind":"mountain_hachure"},"geometry":{"type":"LineString","coordinates":[[93.38356,38.61521],[93.36129,38.79383]]}},{"type":"Feature","properties":{"kind":"mountain_hachure"},"geometry":{"type":"LineString","coordinates":[[93.68356,38.61521],[93.66129,38.79383]]}},{"type":"Feature","properties":{"kind":"mountain_hachure"},"geometry":{"type":"LineString","coordinates":[[93.98356,38.61521],[93.96129,38.79383]]}},{"type":"Feature","properties":{"kind":"mountain_hachure"},"geometry":{"type":"LineString","coordinates":[[89.18356,38.91521],[89.16129,39.09383]]}},{"type":"Feature","properties":{"kind":"mountain_hachure"},"geometry":{"type":"LineString","coordinates":[[89.48356,38.91521],[89.46129,39.09383]]}},{"type":"Feature","properties":{"kind":"mountain_hachure"},"geometry":{"type":"LineString","coordinates":[[89.78356,38.91521],[89.76129,39.09383]]}},{"type":"Feature","properties":{"kind":"mountain_hachure"},"geometry":{"type":"LineString","coordinates":[[90.08356,38.91521],[90.06129,39.09383]]}},{"type":"Feature","properties":{"kind":"mountain_hachure"},"geometry":{"type":"LineString","coordinates":[[90.38356,38.91521],[90.36129,39.09383]]}},{"type":"Feature","properties":{"kind":"mountain_hachure"},"geometry":{"type":"LineString","coordinates":[[90.68356,38.91521],[90.66129,39.09383]]}},{"type":"Feature","properties":{"kind":"mountain_hachure"},"geometry":{"type":"LineString","coordinates":[[90.98356,38.91521],[90.96129,39.09383]]}},{"type":"Feature","properties":{"kind":"mountain_hachure"},"geometry":{"type":"LineString","coordinates":[[91.28356,38.91521],[91.26129,39.09383]]}},{"type":"Feature","properties":{"kind":"mountain_hachure"},"geometry":{"type":"LineString","coordinates":[[91.58356,38.91521],[91.56129,39.09383]]}},{"type":"Feature","properties":{"kind":"mountain_hachure"},"geometry":{"type":"LineString","coordinates":[[91.88356,38.91521],[91.86129,39.09383]]}},{"type":"Feature","properties":{"kind":"mountain_hachure"},"geometry":{"type":"LineString","coordinates":[[92.18356,38.91521],[92.16129,39.09383]]}},{"type":"Feature","properties":{"kind":"mountain_hachure"},"geometry":{"type":"LineString","coordinates":[[92.48356,38.91521],[92.46129,39.09383]]}},{"type":"Feature","properties":{"kind":"mountain_hachure"},"geometry":{"type":"LineString","coordinates":[[92.78356,38.91521],[92.76129,39.09383]]}},{"type":"Feature","properties":{"kind":"mountain_hachure"},"geometry":{"type":"LineString","coordinates":[[93.08356,38.91521],[93.06129,39.09383]]}},{"type":"Feature","properties":{"kind":"mountain_hachure"},"geometry":{"type":"LineString","coordinates":[[93.38356,38.91521],[93.36129,39.09383]]}},{"type":"Feature","properties":{"kind":"mountain_hachure"},"geometry":{"type":"LineString","coordinates":[[93.68356,38.91521],[93.66129,39.09383]]}},{"type":"Feature","properties":{"kind":"mountain_hachure"},"geometry":{"type":"LineString","coordinates":[[93.98356,38.91521],[93.96129,39.09383]]}},{"type":"Feature","properties":{"kind":"mountain_hachure"},"geometry":{"type":"LineString","coordinates":[[91.28356,39.21521],[91.26129,39.39383]]}},{"type":"Feature","properties":{"kind":"mountain_hachure"},"geometry":{"type":"LineString","coordinates":[[91.58356,39.21521],[91.56129,39.39383]]}},{"type":"Feature","properties":{"kind":"mountain_hachure"},"geometry":{"type":"LineString","coordinates":[[91.88356,39.21521],[91.86129,39.39383]]}},{"type":"Feature","properties":{"kind":"mountain_hachure"},"geometry":{"type":"LineString","coordinates":[[92.18356,39.21521],[92.16129,39.39383]]}},{"type":"Feature","properties":{"kind":"mountain_hachure"},"geometry":{"type":"LineString","coordinates":[[92.48356,39.21521],[92.46129,39.39383]]}},{"type":"Feature","properties":{"kind":"mountain_hachure"},"geometry":{"type":"LineString","coordinates":[[92.78356,39.21521],[92.76129,39.39383]]}},{"type":"Feature","properties":{"kind":"mountain_hachure"},"geometry":{"type":"LineString","coordinates":[[93.08356,39.21521],[93.06129,39.39383]]}},{"type":"Feature","properties":{"kind":"mountain_hachure"},"geometry":{"type":"LineString","coordinates":[[93.38356,39.21521],[93.36129,39.39383]]}},{"type":"Feature","properties":{"kind":"mountain_hachure"},"geometry":{"type":"LineString","coordinates":[[93.68356,39.21521],[93.66129,39.39383]]}},{"type":"Feature","properties":{"kind":"mountain_axis","name":"阿尔金山","source":"Natural Earth 10m"},"geometry":{"type":"LineString","coordinates":[[86.49956,37.70515],[94.07948,38.65012]]}},{"type":"Feature","properties":{"kind":"mountain_arrow"},"geometry":{"type":"LineString","coordinates":[[86.49956,37.70515],[86.22413,37.48942]]}},{"type":"Feature","properties":{"kind":"mountain_arrow"},"geometry":{"type":"LineString","coordinates":[[86.49956,37.70515],[86.1796,37.84665]]}},{"type":"Feature","properties":{"kind":"mountain_arrow"},"geometry":{"type":"LineString","coordinates":[[94.07948,38.65012],[94.39944,38.50862]]}},{"type":"Feature","properties":{"kind":"mountain_arrow"},"geometry":{"type":"LineString","coordinates":[[94.07948,38.65012],[94.35491,38.86585]]}},{"type":"Feature","properties":{"kind":"mountain_area","name":"阿尔金山","source":"Natural Earth 10m"},"geometry":{"type":"Polygon","coordinates":[[[94.0514,38.87531],[94.00209,38.54505],[94.00331,38.46894],[94.02369,38.40327],[93.54188,38.40034],[93.40455,38.43769],[92.80787,38.71168],[92.62501,38.75837],[91.27565,38.67011],[91.22096,38.64435],[91.21022,38.60902],[91.23695,38.56721],[91.29518,38.52186],[91.73976,38.33137],[91.79689,38.28632],[91.84376,38.23163],[91.84982,38.22087],[91.88026,38.16682],[91.90602,38.09144],[91.91975,37.95648],[91.92482,37.90674],[91.9098,37.82368],[91.8711,37.76288],[91.81361,37.72156],[91.74159,37.69715],[91.65992,37.68702],[91.12587,37.74525],[90.61866,37.71595],[90.41066,37.74714],[90.36024,37.74579],[90.30897,37.73524],[90.05372,37.62989],[89.51339,37.53069],[89.42005,37.51356],[89.21877,37.52669],[89.06361,37.53681],[88.97914,37.55439],[88.97914,37.58973],[87.58741,37.50452],[86.86903,37.62684],[86.63722,37.72553],[86.50758,37.82227],[86.47242,37.92286],[86.51149,38.02314],[86.60499,38.11915],[86.87477,38.28205],[87.17422,38.3855],[87.91274,38.64064],[89.26085,39.10638],[89.47218,39.17939],[89.92958,39.21489],[93.83741,39.51819],[93.82667,39.29053],[93.83741,39.23841],[93.8589,39.18897],[94.01149,39.0008],[94.04249,38.94465],[94.0514,38.87531]]]}},{"type":"Feature","properties":{"kind":"mountain_label","name":"阿尔金山","source":"Natural Earth 10m"},"geometry":{"type":"Point","coordinates":[90.89463,38.25307]}},{"type":"Feature","properties":{"kind":"mountain_peaks","name":"阿尔金山","source":"Natural Earth 10m"},"geometry":{"type":"MultiPoint","coordinates":[[87.36667,37.89167],[88.9,38.19167],[89.56667,38.34167]]}},{"type":"Feature","properties":{"kind":"mountain_hachure"},"geometry":{"type":"LineString","coordinates":[[96.2893,43.46646],[96.36203,43.63111]]}},{"type":"Feature","properties":{"kind":"mountain_hachure"},"geometry":{"type":"LineString","coordinates":[[96.5893,43.46646],[96.66203,43.63111]]}},{"type":"Feature","properties":{"kind":"mountain_hachure"},"geometry":{"type":"LineString","coordinates":[[96.8893,43.46646],[96.96203,43.63111]]}},{"type":"Feature","properties":{"kind":"mountain_hachure"},"geometry":{"type":"LineString","coordinates":[[97.1893,43.46646],[97.26203,43.63111]]}},{"type":"Feature","properties":{"kind":"mountain_hachure"},"geometry":{"type":"LineString","coordinates":[[95.6893,43.76646],[95.76203,43.93111]]}},{"type":"Feature","properties":{"kind":"mountain_hachure"},"geometry":{"type":"LineString","coordinates":[[95.9893,43.76646],[96.06203,43.93111]]}},{"type":"Feature","properties":{"kind":"mountain_hachure"},"geometry":{"type":"LineString","coordinates":[[96.2893,43.76646],[96.36203,43.93111]]}},{"type":"Feature","properties":{"kind":"mountain_hachure"},"geometry":{"type":"LineString","coordinates":[[96.5893,43.76646],[96.66203,43.93111]]}},{"type":"Feature","properties":{"kind":"mountain_hachure"},"geometry":{"type":"LineString","coordinates":[[96.8893,43.76646],[96.96203,43.93111]]}},{"type":"Feature","properties":{"kind":"mountain_hachure"},"geometry":{"type":"LineString","coordinates":[[97.1893,43.76646],[97.26203,43.93111]]}},{"type":"Feature","properties":{"kind":"mountain_hachure"},"geometry":{"type":"LineString","coordinates":[[97.4893,43.76646],[97.56203,43.93111]]}},{"type":"Feature","properties":{"kind":"mountain_hachure"},"geometry":{"type":"LineString","coordinates":[[95.3893,44.06646],[95.46203,44.23111]]}},{"type":"Feature","properties":{"kind":"mountain_hachure"},"geometry":{"type":"LineString","coordinates":[[95.6893,44.06646],[95.76203,44.23111]]}},{"type":"Feature","properties":{"kind":"mountain_hachure"},"geometry":{"type":"LineString","coordinates":[[95.9893,44.06646],[96.06203,44.23111]]}},{"type":"Feature","properties":{"kind":"mountain_hachure"},"geometry":{"type":"LineString","coordinates":[[96.2893,44.06646],[96.36203,44.23111]]}},{"type":"Feature","properties":{"kind":"mountain_hachure"},"geometry":{"type":"LineString","coordinates":[[96.5893,44.06646],[96.66203,44.23111]]}},{"type":"Feature","properties":{"kind":"mountain_hachure"},"geometry":{"type":"LineString","coordinates":[[96.8893,44.06646],[96.96203,44.23111]]}},{"type":"Feature","properties":{"kind":"mountain_hachure"},"geometry":{"type":"LineString","coordinates":[[97.1893,44.06646],[97.26203,44.23111]]}},{"type":"Feature","properties":{"kind":"mountain_hachure"},"geometry":{"type":"LineString","coordinates":[[97.4893,44.06646],[97.56203,44.23111]]}},{"type":"Feature","properties":{"kind":"mountain_hachure"},"geometry":{"type":"LineString","coordinates":[[97.7893,44.06646],[97.86203,44.23111]]}},{"type":"Feature","properties":{"kind":"mountain_hachure"},"geometry":{"type":"LineString","coordinates":[[98.0893,44.06646],[98.16203,44.23111]]}},{"type":"Feature","properties":{"kind":"mountain_hachure"},"geometry":{"type":"LineString","coordinates":[[98.3893,44.06646],[98.46203,44.23111]]}},{"type":"Feature","properties":{"kind":"mountain_hachure"},"geometry":{"type":"LineString","coordinates":[[98.6893,44.06646],[98.76203,44.23111]]}},{"type":"Feature","properties":{"kind":"mountain_hachure"},"geometry":{"type":"LineString","coordinates":[[98.9893,44.06646],[99.06203,44.23111]]}},{"type":"Feature","properties":{"kind":"mountain_hachure"},"geometry":{"type":"LineString","coordinates":[[99.2893,44.06646],[99.36203,44.23111]]}},{"type":"Feature","properties":{"kind":"mountain_hachure"},"geometry":{"type":"LineString","coordinates":[[99.5893,44.06646],[99.66203,44.23111]]}},{"type":"Feature","properties":{"kind":"mountain_hachure"},"geometry":{"type":"LineString","coordinates":[[99.8893,44.06646],[99.96203,44.23111]]}},{"type":"Feature","properties":{"kind":"mountain_hachure"},"geometry":{"type":"LineString","coordinates":[[100.1893,44.06646],[100.26203,44.23111]]}},{"type":"Feature","properties":{"kind":"mountain_hachure"},"geometry":{"type":"LineString","coordinates":[[100.4893,44.06646],[100.56203,44.23111]]}},{"type":"Feature","properties":{"kind":"mountain_hachure"},"geometry":{"type":"LineString","coordinates":[[92.6893,44.36646],[92.76203,44.53111]]}},{"type":"Feature","properties":{"kind":"mountain_hachure"},"geometry":{"type":"LineString","coordinates":[[92.9893,44.36646],[93.06203,44.53111]]}},{"type":"Feature","properties":{"kind":"mountain_hachure"},"geometry":{"type":"LineString","coordinates":[[93.2893,44.36646],[93.36203,44.53111]]}},{"type":"Feature","properties":{"kind":"mountain_hachure"},"geometry":{"type":"LineString","coordinates":[[93.5893,44.36646],[93.66203,44.53111]]}},{"type":"Feature","properties":{"kind":"mountain_hachure"},"geometry":{"type":"LineString","coordinates":[[93.8893,44.36646],[93.96203,44.53111]]}},{"type":"Feature","properties":{"kind":"mountain_hachure"},"geometry":{"type":"LineString","coordinates":[[94.1893,44.36646],[94.26203,44.53111]]}},{"type":"Feature","properties":{"kind":"mountain_hachure"},"geometry":{"type":"LineString","coordinates":[[94.4893,44.36646],[94.56203,44.53111]]}},{"type":"Feature","properties":{"kind":"mountain_hachure"},"geometry":{"type":"LineString","coordinates":[[94.7893,44.36646],[94.86203,44.53111]]}},{"type":"Feature","properties":{"kind":"mountain_hachure"},"geometry":{"type":"LineString","coordinates":[[95.0893,44.36646],[95.16203,44.53111]]}},{"type":"Feature","properties":{"kind":"mountain_hachure"},"geometry":{"type":"LineString","coordinates":[[95.3893,44.36646],[95.46203,44.53111]]}},{"type":"Feature","properties":{"kind":"mountain_hachure"},"geometry":{"type":"LineString","coordinates":[[95.6893,44.36646],[95.76203,44.53111]]}},{"type":"Feature","properties":{"kind":"mountain_hachure"},"geometry":{"type":"LineString","coordinates":[[95.9893,44.36646],[96.06203,44.53111]]}},{"type":"Feature","properties":{"kind":"mountain_hachure"},"geometry":{"type":"LineString","coordinates":[[96.2893,44.36646],[96.36203,44.53111]]}},{"type":"Feature","properties":{"kind":"mountain_hachure"},"geometry":{"type":"LineString","coordinates":[[96.5893,44.36646],[96.66203,44.53111]]}},{"type":"Feature","properties":{"kind":"mountain_hachure"},"geometry":{"type":"LineString","coordinates":[[96.8893,44.36646],[96.96203,44.53111]]}},{"type":"Feature","properties":{"kind":"mountain_hachure"},"geometry":{"type":"LineString","coordinates":[[97.1893,44.36646],[97.26203,44.53111]]}},{"type":"Feature","properties":{"kind":"mountain_hachure"},"geometry":{"type":"LineString","coordinates":[[97.4893,44.36646],[97.56203,44.53111]]}},{"type":"Feature","properties":{"kind":"mountain_hachure"},"geometry":{"type":"LineString","coordinates":[[97.7893,44.36646],[97.86203,44.53111]]}},{"type":"Feature","properties":{"kind":"mountain_hachure"},"geometry":{"type":"LineString","coordinates":[[98.0893,44.36646],[98.16203,44.53111]]}},{"type":"Feature","properties":{"kind":"mountain_hachure"},"geometry":{"type":"LineString","coordinates":[[98.3893,44.36646],[98.46203,44.53111]]}},{"type":"Feature","properties":{"kind":"mountain_hachure"},"geometry":{"type":"LineString","coordinates":[[98.6893,44.36646],[98.76203,44.53111]]}},{"type":"Feature","properties":{"kind":"mountain_hachure"},"geometry":{"type":"LineString","coordinates":[[98.9893,44.36646],[99.06203,44.53111]]}},{"type":"Feature","properties":{"kind":"mountain_hachure"},"geometry":{"type":"LineString","coordinates":[[99.2893,44.36646],[99.36203,44.53111]]}},{"type":"Feature","properties":{"kind":"mountain_hachure"},"geometry":{"type":"LineString","coordinates":[[99.5893,44.36646],[99.66203,44.53111]]}},{"type":"Feature","properties":{"kind":"mountain_hachure"},"geometry":{"type":"LineString","coordinates":[[99.8893,44.36646],[99.96203,44.53111]]}},{"type":"Feature","properties":{"kind":"mountain_hachure"},"geometry":{"type":"LineString","coordinates":[[100.1893,44.36646],[100.26203,44.53111]]}},{"type":"Feature","properties":{"kind":"mountain_hachure"},"geometry":{"type":"LineString","coordinates":[[100.4893,44.36646],[100.56203,44.53111]]}},{"type":"Feature","properties":{"kind":"mountain_hachure"},"geometry":{"type":"LineString","coordinates":[[91.1893,44.66646],[91.26203,44.83111]]}},{"type":"Feature","properties":{"kind":"mountain_hachure"},"geometry":{"type":"LineString","coordinates":[[91.4893,44.66646],[91.56203,44.83111]]}},{"type":"Feature","properties":{"kind":"mountain_hachure"},"geometry":{"type":"LineString","coordinates":[[91.7893,44.66646],[91.86203,44.83111]]}},{"type":"Feature","properties":{"kind":"mountain_hachure"},"geometry":{"type":"LineString","coordinates":[[92.0893,44.66646],[92.16203,44.83111]]}},{"type":"Feature","properties":{"kind":"mountain_hachure"},"geometry":{"type":"LineString","coordinates":[[92.3893,44.66646],[92.46203,44.83111]]}},{"type":"Feature","properties":{"kind":"mountain_hachure"},"geometry":{"type":"LineString","coordinates":[[92.6893,44.66646],[92.76203,44.83111]]}},{"type":"Feature","properties":{"kind":"mountain_hachure"},"geometry":{"type":"LineString","coordinates":[[92.9893,44.66646],[93.06203,44.83111]]}},{"type":"Feature","properties":{"kind":"mountain_hachure"},"geometry":{"type":"LineString","coordinates":[[93.2893,44.66646],[93.36203,44.83111]]}},{"type":"Feature","properties":{"kind":"mountain_hachure"},"geometry":{"type":"LineString","coordinates":[[93.5893,44.66646],[93.66203,44.83111]]}},{"type":"Feature","properties":{"kind":"mountain_hachure"},"geometry":{"type":"LineString","coordinates":[[93.8893,44.66646],[93.96203,44.83111]]}},{"type":"Feature","properties":{"kind":"mountain_hachure"},"geometry":{"type":"LineString","coordinates":[[94.1893,44.66646],[94.26203,44.83111]]}},{"type":"Feature","properties":{"kind":"mountain_hachure"},"geometry":{"type":"LineString","coordinates":[[94.4893,44.66646],[94.56203,44.83111]]}},{"type":"Feature","properties":{"kind":"mountain_hachure"},"geometry":{"type":"LineString","coordinates":[[94.7893,44.66646],[94.86203,44.83111]]}},{"type":"Feature","properties":{"kind":"mountain_hachure"},"geometry":{"type":"LineString","coordinates":[[95.0893,44.66646],[95.16203,44.83111]]}},{"type":"Feature","properties":{"kind":"mountain_hachure"},"geometry":{"type":"LineString","coordinates":[[95.3893,44.66646],[95.46203,44.83111]]}},{"type":"Feature","properties":{"kind":"mountain_hachure"},"geometry":{"type":"LineString","coordinates":[[95.6893,44.66646],[95.76203,44.83111]]}},{"type":"Feature","properties":{"kind":"mountain_hachure"},"geometry":{"type":"LineString","coordinates":[[95.9893,44.66646],[96.06203,44.83111]]}},{"type":"Feature","properties":{"kind":"mountain_hachure"},"geometry":{"type":"LineString","coordinates":[[96.2893,44.66646],[96.36203,44.83111]]}},{"type":"Feature","properties":{"kind":"mountain_hachure"},"geometry":{"type":"LineString","coordinates":[[96.5893,44.66646],[96.66203,44.83111]]}},{"type":"Feature","properties":{"kind":"mountain_hachure"},"geometry":{"type":"LineString","coordinates":[[96.8893,44.66646],[96.96203,44.83111]]}},{"type":"Feature","properties":{"kind":"mountain_hachure"},"geometry":{"type":"LineString","coordinates":[[97.1893,44.66646],[97.26203,44.83111]]}},{"type":"Feature","properties":{"kind":"mountain_hachure"},"geometry":{"type":"LineString","coordinates":[[97.4893,44.66646],[97.56203,44.83111]]}},{"type":"Feature","properties":{"kind":"mountain_hachure"},"geometry":{"type":"LineString","coordinates":[[97.7893,44.66646],[97.86203,44.83111]]}},{"type":"Feature","properties":{"kind":"mountain_hachure"},"geometry":{"type":"LineString","coordinates":[[98.0893,44.66646],[98.16203,44.83111]]}},{"type":"Feature","properties":{"kind":"mountain_hachure"},"geometry":{"type":"LineString","coordinates":[[98.3893,44.66646],[98.46203,44.83111]]}},{"type":"Feature","properties":{"kind":"mountain_hachure"},"geometry":{"type":"LineString","coordinates":[[98.6893,44.66646],[98.76203,44.83111]]}},{"type":"Feature","properties":{"kind":"mountain_hachure"},"geometry":{"type":"LineString","coordinates":[[98.9893,44.66646],[99.06203,44.83111]]}},{"type":"Feature","properties":{"kind":"mountain_hachure"},"geometry":{"type":"LineString","coordinates":[[99.2893,44.66646],[99.36203,44.83111]]}},{"type":"Feature","properties":{"kind":"mountain_hachure"},"geometry":{"type":"LineString","coordinates":[[99.5893,44.66646],[99.66203,44.83111]]}},{"type":"Feature","properties":{"kind":"mountain_hachure"},"geometry":{"type":"LineString","coordinates":[[99.8893,44.66646],[99.96203,44.83111]]}},{"type":"Feature","properties":{"kind":"mountain_hachure"},"geometry":{"type":"LineString","coordinates":[[100.1893,44.66646],[100.26203,44.83111]]}},{"type":"Feature","properties":{"kind":"mountain_hachure"},"geometry":{"type":"LineString","coordinates":[[100.4893,44.66646],[100.56203,44.83111]]}},{"type":"Feature","properties":{"kind":"mountain_hachure"},"geometry":{"type":"LineString","coordinates":[[90.5893,44.96646],[90.66203,45.13111]]}},{"type":"Feature","properties":{"kind":"mountain_hachure"},"geometry":{"type":"LineString","coordinates":[[90.8893,44.96646],[90.96203,45.13111]]}},{"type":"Feature","properties":{"kind":"mountain_hachure"},"geometry":{"type":"LineString","coordinates":[[91.1893,44.96646],[91.26203,45.13111]]}},{"type":"Feature","properties":{"kind":"mountain_hachure"},"geometry":{"type":"LineString","coordinates":[[91.4893,44.96646],[91.56203,45.13111]]}},{"type":"Feature","properties":{"kind":"mountain_hachure"},"geometry":{"type":"LineString","coordinates":[[91.7893,44.96646],[91.86203,45.13111]]}},{"type":"Feature","properties":{"kind":"mountain_hachure"},"geometry":{"type":"LineString","coordinates":[[92.0893,44.96646],[92.16203,45.13111]]}},{"type":"Feature","properties":{"kind":"mountain_hachure"},"geometry":{"type":"LineString","coordinates":[[92.3893,44.96646],[92.46203,45.13111]]}},{"type":"Feature","properties":{"kind":"mountain_hachure"},"geometry":{"type":"LineString","coordinates":[[92.6893,44.96646],[92.76203,45.13111]]}},{"type":"Feature","properties":{"kind":"mountain_hachure"},"geometry":{"type":"LineString","coordinates":[[92.9893,44.96646],[93.06203,45.13111]]}},{"type":"Feature","properties":{"kind":"mountain_hachure"},"geometry":{"type":"LineString","coordinates":[[93.2893,44.96646],[93.36203,45.13111]]}},{"type":"Feature","properties":{"kind":"mountain_hachure"},"geometry":{"type":"LineString","coordinates":[[93.5893,44.96646],[93.66203,45.13111]]}},{"type":"Feature","properties":{"kind":"mountain_hachure"},"geometry":{"type":"LineString","coordinates":[[93.8893,44.96646],[93.96203,45.13111]]}},{"type":"Feature","properties":{"kind":"mountain_hachure"},"geometry":{"type":"LineString","coordinates":[[94.1893,44.96646],[94.26203,45.13111]]}},{"type":"Feature","properties":{"kind":"mountain_hachure"},"geometry":{"type":"LineString","coordinates":[[94.4893,44.96646],[94.56203,45.13111]]}},{"type":"Feature","properties":{"kind":"mountain_hachure"},"geometry":{"type":"LineString","coordinates":[[94.7893,44.96646],[94.86203,45.13111]]}},{"type":"Feature","properties":{"kind":"mountain_hachure"},"geometry":{"type":"LineString","coordinates":[[95.0893,44.96646],[95.16203,45.13111]]}},{"type":"Feature","properties":{"kind":"mountain_hachure"},"geometry":{"type":"LineString","coordinates":[[95.3893,44.96646],[95.46203,45.13111]]}},{"type":"Feature","properties":{"kind":"mountain_hachure"},"geometry":{"type":"LineString","coordinates":[[95.6893,44.96646],[95.76203,45.13111]]}},{"type":"Feature","properties":{"kind":"mountain_hachure"},"geometry":{"type":"LineString","coordinates":[[95.9893,44.96646],[96.06203,45.13111]]}},{"type":"Feature","properties":{"kind":"mountain_hachure"},"geometry":{"type":"LineString","coordinates":[[96.2893,44.96646],[96.36203,45.13111]]}},{"type":"Feature","properties":{"kind":"mountain_hachure"},"geometry":{"type":"LineString","coordinates":[[96.5893,44.96646],[96.66203,45.13111]]}},{"type":"Feature","properties":{"kind":"mountain_hachure"},"geometry":{"type":"LineString","coordinates":[[96.8893,44.96646],[96.96203,45.13111]]}},{"type":"Feature","properties":{"kind":"mountain_hachure"},"geometry":{"type":"LineString","coordinates":[[97.1893,44.96646],[97.26203,45.13111]]}},{"type":"Feature","properties":{"kind":"mountain_hachure"},"geometry":{"type":"LineString","coordinates":[[97.4893,44.96646],[97.56203,45.13111]]}},{"type":"Feature","properties":{"kind":"mountain_hachure"},"geometry":{"type":"LineString","coordinates":[[97.7893,44.96646],[97.86203,45.13111]]}},{"type":"Feature","properties":{"kind":"mountain_hachure"},"geometry":{"type":"LineString","coordinates":[[98.0893,44.96646],[98.16203,45.13111]]}},{"type":"Feature","properties":{"kind":"mountain_hachure"},"geometry":{"type":"LineString","coordinates":[[98.3893,44.96646],[98.46203,45.13111]]}},{"type":"Feature","properties":{"kind":"mountain_hachure"},"geometry":{"type":"LineString","coordinates":[[98.6893,44.96646],[98.76203,45.13111]]}},{"type":"Feature","properties":{"kind":"mountain_hachure"},"geometry":{"type":"LineString","coordinates":[[98.9893,44.96646],[99.06203,45.13111]]}},{"type":"Feature","properties":{"kind":"mountain_hachure"},"geometry":{"type":"LineString","coordinates":[[99.2893,44.96646],[99.36203,45.13111]]}},{"type":"Feature","properties":{"kind":"mountain_hachure"},"geometry":{"type":"LineString","coordinates":[[99.5893,44.96646],[99.66203,45.13111]]}},{"type":"Feature","properties":{"kind":"mountain_hachure"},"geometry":{"type":"LineString","coordinates":[[99.8893,44.96646],[99.96203,45.13111]]}},{"type":"Feature","properties":{"kind":"mountain_hachure"},"geometry":{"type":"LineString","coordinates":[[90.2893,45.26646],[90.36203,45.43111]]}},{"type":"Feature","properties":{"kind":"mountain_hachure"},"geometry":{"type":"LineString","coordinates":[[90.5893,45.26646],[90.66203,45.43111]]}},{"type":"Feature","properties":{"kind":"mountain_hachure"},"geometry":{"type":"LineString","coordinates":[[90.8893,45.26646],[90.96203,45.43111]]}},{"type":"Feature","properties":{"kind":"mountain_hachure"},"geometry":{"type":"LineString","coordinates":[[91.1893,45.26646],[91.26203,45.43111]]}},{"type":"Feature","properties":{"kind":"mountain_hachure"},"geometry":{"type":"LineString","coordinates":[[91.4893,45.26646],[91.56203,45.43111]]}},{"type":"Feature","properties":{"kind":"mountain_hachure"},"geometry":{"type":"LineString","coordinates":[[91.7893,45.26646],[91.86203,45.43111]]}},{"type":"Feature","properties":{"kind":"mountain_hachure"},"geometry":{"type":"LineString","coordinates":[[92.0893,45.26646],[92.16203,45.43111]]}},{"type":"Feature","properties":{"kind":"mountain_hachure"},"geometry":{"type":"LineString","coordinates":[[92.3893,45.26646],[92.46203,45.43111]]}},{"type":"Feature","properties":{"kind":"mountain_hachure"},"geometry":{"type":"LineString","coordinates":[[92.6893,45.26646],[92.76203,45.43111]]}},{"type":"Feature","properties":{"kind":"mountain_hachure"},"geometry":{"type":"LineString","coordinates":[[92.9893,45.26646],[93.06203,45.43111]]}},{"type":"Feature","properties":{"kind":"mountain_hachure"},"geometry":{"type":"LineString","coordinates":[[93.2893,45.26646],[93.36203,45.43111]]}},{"type":"Feature","properties":{"kind":"mountain_hachure"},"geometry":{"type":"LineString","coordinates":[[93.5893,45.26646],[93.66203,45.43111]]}},{"type":"Feature","properties":{"kind":"mountain_hachure"},"geometry":{"type":"LineString","coordinates":[[93.8893,45.26646],[93.96203,45.43111]]}},{"type":"Feature","properties":{"kind":"mountain_hachure"},"geometry":{"type":"LineString","coordinates":[[94.1893,45.26646],[94.26203,45.43111]]}},{"type":"Feature","properties":{"kind":"mountain_hachure"},"geometry":{"type":"LineString","coordinates":[[94.4893,45.26646],[94.56203,45.43111]]}},{"type":"Feature","properties":{"kind":"mountain_hachure"},"geometry":{"type":"LineString","coordinates":[[94.7893,45.26646],[94.86203,45.43111]]}},{"type":"Feature","properties":{"kind":"mountain_hachure"},"geometry":{"type":"LineString","coordinates":[[95.0893,45.26646],[95.16203,45.43111]]}},{"type":"Feature","properties":{"kind":"mountain_hachure"},"geometry":{"type":"LineString","coordinates":[[95.3893,45.26646],[95.46203,45.43111]]}},{"type":"Feature","properties":{"kind":"mountain_hachure"},"geometry":{"type":"LineString","coordinates":[[95.6893,45.26646],[95.76203,45.43111]]}},{"type":"Feature","properties":{"kind":"mountain_hachure"},"geometry":{"type":"LineString","coordinates":[[95.9893,45.26646],[96.06203,45.43111]]}},{"type":"Feature","properties":{"kind":"mountain_hachure"},"geometry":{"type":"LineString","coordinates":[[96.2893,45.26646],[96.36203,45.43111]]}},{"type":"Feature","properties":{"kind":"mountain_hachure"},"geometry":{"type":"LineString","coordinates":[[96.5893,45.26646],[96.66203,45.43111]]}},{"type":"Feature","properties":{"kind":"mountain_hachure"},"geometry":{"type":"LineString","coordinates":[[96.8893,45.26646],[96.96203,45.43111]]}},{"type":"Feature","properties":{"kind":"mountain_hachure"},"geometry":{"type":"LineString","coordinates":[[97.1893,45.26646],[97.26203,45.43111]]}},{"type":"Feature","properties":{"kind":"mountain_hachure"},"geometry":{"type":"LineString","coordinates":[[97.4893,45.26646],[97.56203,45.43111]]}},{"type":"Feature","properties":{"kind":"mountain_hachure"},"geometry":{"type":"LineString","coordinates":[[97.7893,45.26646],[97.86203,45.43111]]}},{"type":"Feature","properties":{"kind":"mountain_hachure"},"geometry":{"type":"LineString","coordinates":[[98.0893,45.26646],[98.16203,45.43111]]}},{"type":"Feature","properties":{"kind":"mountain_hachure"},"geometry":{"type":"LineString","coordinates":[[98.3893,45.26646],[98.46203,45.43111]]}},{"type":"Feature","properties":{"kind":"mountain_hachure"},"geometry":{"type":"LineString","coordinates":[[98.6893,45.26646],[98.76203,45.43111]]}},{"type":"Feature","properties":{"kind":"mountain_hachure"},"geometry":{"type":"LineString","coordinates":[[98.9893,45.26646],[99.06203,45.43111]]}},{"type":"Feature","properties":{"kind":"mountain_hachure"},"geometry":{"type":"LineString","coordinates":[[99.2893,45.26646],[99.36203,45.43111]]}},{"type":"Feature","properties":{"kind":"mountain_hachure"},"geometry":{"type":"LineString","coordinates":[[89.9893,45.56646],[90.06203,45.73111]]}},{"type":"Feature","properties":{"kind":"mountain_hachure"},"geometry":{"type":"LineString","coordinates":[[90.2893,45.56646],[90.36203,45.73111]]}},{"type":"Feature","properties":{"kind":"mountain_hachure"},"geometry":{"type":"LineString","coordinates":[[90.5893,45.56646],[90.66203,45.73111]]}},{"type":"Feature","properties":{"kind":"mountain_hachure"},"geometry":{"type":"LineString","coordinates":[[90.8893,45.56646],[90.96203,45.73111]]}},{"type":"Feature","properties":{"kind":"mountain_hachure"},"geometry":{"type":"LineString","coordinates":[[91.1893,45.56646],[91.26203,45.73111]]}},{"type":"Feature","properties":{"kind":"mountain_hachure"},"geometry":{"type":"LineString","coordinates":[[91.4893,45.56646],[91.56203,45.73111]]}},{"type":"Feature","properties":{"kind":"mountain_hachure"},"geometry":{"type":"LineString","coordinates":[[91.7893,45.56646],[91.86203,45.73111]]}},{"type":"Feature","properties":{"kind":"mountain_hachure"},"geometry":{"type":"LineString","coordinates":[[92.0893,45.56646],[92.16203,45.73111]]}},{"type":"Feature","properties":{"kind":"mountain_hachure"},"geometry":{"type":"LineString","coordinates":[[92.3893,45.56646],[92.46203,45.73111]]}},{"type":"Feature","properties":{"kind":"mountain_hachure"},"geometry":{"type":"LineString","coordinates":[[92.6893,45.56646],[92.76203,45.73111]]}},{"type":"Feature","properties":{"kind":"mountain_hachure"},"geometry":{"type":"LineString","coordinates":[[92.9893,45.56646],[93.06203,45.73111]]}},{"type":"Feature","properties":{"kind":"mountain_hachure"},"geometry":{"type":"LineString","coordinates":[[93.2893,45.56646],[93.36203,45.73111]]}},{"type":"Feature","properties":{"kind":"mountain_hachure"},"geometry":{"type":"LineString","coordinates":[[93.5893,45.56646],[93.66203,45.73111]]}},{"type":"Feature","properties":{"kind":"mountain_hachure"},"geometry":{"type":"LineString","coordinates":[[93.8893,45.56646],[93.96203,45.73111]]}},{"type":"Feature","properties":{"kind":"mountain_hachure"},"geometry":{"type":"LineString","coordinates":[[94.1893,45.56646],[94.26203,45.73111]]}},{"type":"Feature","properties":{"kind":"mountain_hachure"},"geometry":{"type":"LineString","coordinates":[[94.4893,45.56646],[94.56203,45.73111]]}},{"type":"Feature","properties":{"kind":"mountain_hachure"},"geometry":{"type":"LineString","coordinates":[[94.7893,45.56646],[94.86203,45.73111]]}},{"type":"Feature","properties":{"kind":"mountain_hachure"},"geometry":{"type":"LineString","coordinates":[[95.0893,45.56646],[95.16203,45.73111]]}},{"type":"Feature","properties":{"kind":"mountain_hachure"},"geometry":{"type":"LineString","coordinates":[[95.3893,45.56646],[95.46203,45.73111]]}},{"type":"Feature","properties":{"kind":"mountain_hachure"},"geometry":{"type":"LineString","coordinates":[[95.6893,45.56646],[95.76203,45.73111]]}},{"type":"Feature","properties":{"kind":"mountain_hachure"},"geometry":{"type":"LineString","coordinates":[[95.9893,45.56646],[96.06203,45.73111]]}},{"type":"Feature","properties":{"kind":"mountain_hachure"},"geometry":{"type":"LineString","coordinates":[[96.2893,45.56646],[96.36203,45.73111]]}},{"type":"Feature","properties":{"kind":"mountain_hachure"},"geometry":{"type":"LineString","coordinates":[[96.5893,45.56646],[96.66203,45.73111]]}},{"type":"Feature","properties":{"kind":"mountain_hachure"},"geometry":{"type":"LineString","coordinates":[[96.8893,45.56646],[96.96203,45.73111]]}},{"type":"Feature","properties":{"kind":"mountain_hachure"},"geometry":{"type":"LineString","coordinates":[[97.1893,45.56646],[97.26203,45.73111]]}},{"type":"Feature","properties":{"kind":"mountain_hachure"},"geometry":{"type":"LineString","coordinates":[[97.4893,45.56646],[97.56203,45.73111]]}},{"type":"Feature","properties":{"kind":"mountain_hachure"},"geometry":{"type":"LineString","coordinates":[[97.7893,45.56646],[97.86203,45.73111]]}},{"type":"Feature","properties":{"kind":"mountain_hachure"},"geometry":{"type":"LineString","coordinates":[[98.0893,45.56646],[98.16203,45.73111]]}},{"type":"Feature","properties":{"kind":"mountain_hachure"},"geometry":{"type":"LineString","coordinates":[[98.3893,45.56646],[98.46203,45.73111]]}},{"type":"Feature","properties":{"kind":"mountain_hachure"},"geometry":{"type":"LineString","coordinates":[[98.6893,45.56646],[98.76203,45.73111]]}},{"type":"Feature","properties":{"kind":"mountain_hachure"},"geometry":{"type":"LineString","coordinates":[[98.9893,45.56646],[99.06203,45.73111]]}},{"type":"Feature","properties":{"kind":"mountain_hachure"},"geometry":{"type":"LineString","coordinates":[[89.9893,45.86646],[90.06203,46.03111]]}},{"type":"Feature","properties":{"kind":"mountain_hachure"},"geometry":{"type":"LineString","coordinates":[[90.2893,45.86646],[90.36203,46.03111]]}},{"type":"Feature","properties":{"kind":"mountain_hachure"},"geometry":{"type":"LineString","coordinates":[[90.5893,45.86646],[90.66203,46.03111]]}},{"type":"Feature","properties":{"kind":"mountain_hachure"},"geometry":{"type":"LineString","coordinates":[[90.8893,45.86646],[90.96203,46.03111]]}},{"type":"Feature","properties":{"kind":"mountain_hachure"},"geometry":{"type":"LineString","coordinates":[[91.1893,45.86646],[91.26203,46.03111]]}},{"type":"Feature","properties":{"kind":"mountain_hachure"},"geometry":{"type":"LineString","coordinates":[[91.4893,45.86646],[91.56203,46.03111]]}},{"type":"Feature","properties":{"kind":"mountain_hachure"},"geometry":{"type":"LineString","coordinates":[[91.7893,45.86646],[91.86203,46.03111]]}},{"type":"Feature","properties":{"kind":"mountain_hachure"},"geometry":{"type":"LineString","coordinates":[[92.0893,45.86646],[92.16203,46.03111]]}},{"type":"Feature","properties":{"kind":"mountain_hachure"},"geometry":{"type":"LineString","coordinates":[[92.3893,45.86646],[92.46203,46.03111]]}},{"type":"Feature","properties":{"kind":"mountain_hachure"},"geometry":{"type":"LineString","coordinates":[[92.6893,45.86646],[92.76203,46.03111]]}},{"type":"Feature","properties":{"kind":"mountain_hachure"},"geometry":{"type":"LineString","coordinates":[[92.9893,45.86646],[93.06203,46.03111]]}},{"type":"Feature","properties":{"kind":"mountain_hachure"},"geometry":{"type":"LineString","coordinates":[[93.2893,45.86646],[93.36203,46.03111]]}},{"type":"Feature","properties":{"kind":"mountain_hachure"},"geometry":{"type":"LineString","coordinates":[[93.5893,45.86646],[93.66203,46.03111]]}},{"type":"Feature","properties":{"kind":"mountain_hachure"},"geometry":{"type":"LineString","coordinates":[[93.8893,45.86646],[93.96203,46.03111]]}},{"type":"Feature","properties":{"kind":"mountain_hachure"},"geometry":{"type":"LineString","coordinates":[[94.1893,45.86646],[94.26203,46.03111]]}},{"type":"Feature","properties":{"kind":"mountain_hachure"},"geometry":{"type":"LineString","coordinates":[[94.4893,45.86646],[94.56203,46.03111]]}},{"type":"Feature","properties":{"kind":"mountain_hachure"},"geometry":{"type":"LineString","coordinates":[[94.7893,45.86646],[94.86203,46.03111]]}},{"type":"Feature","properties":{"kind":"mountain_hachure"},"geometry":{"type":"LineString","coordinates":[[95.0893,45.86646],[95.16203,46.03111]]}},{"type":"Feature","properties":{"kind":"mountain_hachure"},"geometry":{"type":"LineString","coordinates":[[95.3893,45.86646],[95.46203,46.03111]]}},{"type":"Feature","properties":{"kind":"mountain_hachure"},"geometry":{"type":"LineString","coordinates":[[95.6893,45.86646],[95.76203,46.03111]]}},{"type":"Feature","properties":{"kind":"mountain_hachure"},"geometry":{"type":"LineString","coordinates":[[95.9893,45.86646],[96.06203,46.03111]]}},{"type":"Feature","properties":{"kind":"mountain_hachure"},"geometry":{"type":"LineString","coordinates":[[96.2893,45.86646],[96.36203,46.03111]]}},{"type":"Feature","properties":{"kind":"mountain_hachure"},"geometry":{"type":"LineString","coordinates":[[96.5893,45.86646],[96.66203,46.03111]]}},{"type":"Feature","properties":{"kind":"mountain_hachure"},"geometry":{"type":"LineString","coordinates":[[96.8893,45.86646],[96.96203,46.03111]]}},{"type":"Feature","properties":{"kind":"mountain_hachure"},"geometry":{"type":"LineString","coordinates":[[97.1893,45.86646],[97.26203,46.03111]]}},{"type":"Feature","properties":{"kind":"mountain_hachure"},"geometry":{"type":"LineString","coordinates":[[97.4893,45.86646],[97.56203,46.03111]]}},{"type":"Feature","properties":{"kind":"mountain_hachure"},"geometry":{"type":"LineString","coordinates":[[97.7893,45.86646],[97.86203,46.03111]]}},{"type":"Feature","properties":{"kind":"mountain_hachure"},"geometry":{"type":"LineString","coordinates":[[89.6893,46.16646],[89.76203,46.33111]]}},{"type":"Feature","properties":{"kind":"mountain_hachure"},"geometry":{"type":"LineString","coordinates":[[89.9893,46.16646],[90.06203,46.33111]]}},{"type":"Feature","properties":{"kind":"mountain_hachure"},"geometry":{"type":"LineString","coordinates":[[90.2893,46.16646],[90.36203,46.33111]]}},{"type":"Feature","properties":{"kind":"mountain_hachure"},"geometry":{"type":"LineString","coordinates":[[90.5893,46.16646],[90.66203,46.33111]]}},{"type":"Feature","properties":{"kind":"mountain_hachure"},"geometry":{"type":"LineString","coordinates":[[90.8893,46.16646],[90.96203,46.33111]]}},{"type":"Feature","properties":{"kind":"mountain_hachure"},"geometry":{"type":"LineString","coordinates":[[91.1893,46.16646],[91.26203,46.33111]]}},{"type":"Feature","properties":{"kind":"mountain_hachure"},"geometry":{"type":"LineString","coordinates":[[91.4893,46.16646],[91.56203,46.33111]]}},{"type":"Feature","properties":{"kind":"mountain_hachure"},"geometry":{"type":"LineString","coordinates":[[91.7893,46.16646],[91.86203,46.33111]]}},{"type":"Feature","properties":{"kind":"mountain_hachure"},"geometry":{"type":"LineString","coordinates":[[92.0893,46.16646],[92.16203,46.33111]]}},{"type":"Feature","properties":{"kind":"mountain_hachure"},"geometry":{"type":"LineString","coordinates":[[92.3893,46.16646],[92.46203,46.33111]]}},{"type":"Feature","properties":{"kind":"mountain_hachure"},"geometry":{"type":"LineString","coordinates":[[92.6893,46.16646],[92.76203,46.33111]]}},{"type":"Feature","properties":{"kind":"mountain_hachure"},"geometry":{"type":"LineString","coordinates":[[92.9893,46.16646],[93.06203,46.33111]]}},{"type":"Feature","properties":{"kind":"mountain_hachure"},"geometry":{"type":"LineString","coordinates":[[93.2893,46.16646],[93.36203,46.33111]]}},{"type":"Feature","properties":{"kind":"mountain_hachure"},"geometry":{"type":"LineString","coordinates":[[93.5893,46.16646],[93.66203,46.33111]]}},{"type":"Feature","properties":{"kind":"mountain_hachure"},"geometry":{"type":"LineString","coordinates":[[93.8893,46.16646],[93.96203,46.33111]]}},{"type":"Feature","properties":{"kind":"mountain_hachure"},"geometry":{"type":"LineString","coordinates":[[94.1893,46.16646],[94.26203,46.33111]]}},{"type":"Feature","properties":{"kind":"mountain_hachure"},"geometry":{"type":"LineString","coordinates":[[94.4893,46.16646],[94.56203,46.33111]]}},{"type":"Feature","properties":{"kind":"mountain_hachure"},"geometry":{"type":"LineString","coordinates":[[94.7893,46.16646],[94.86203,46.33111]]}},{"type":"Feature","properties":{"kind":"mountain_hachure"},"geometry":{"type":"LineString","coordinates":[[95.0893,46.16646],[95.16203,46.33111]]}},{"type":"Feature","properties":{"kind":"mountain_hachure"},"geometry":{"type":"LineString","coordinates":[[95.3893,46.16646],[95.46203,46.33111]]}},{"type":"Feature","properties":{"kind":"mountain_hachure"},"geometry":{"type":"LineString","coordinates":[[95.6893,46.16646],[95.76203,46.33111]]}},{"type":"Feature","properties":{"kind":"mountain_hachure"},"geometry":{"type":"LineString","coordinates":[[95.9893,46.16646],[96.06203,46.33111]]}},{"type":"Feature","properties":{"kind":"mountain_hachure"},"geometry":{"type":"LineString","coordinates":[[96.2893,46.16646],[96.36203,46.33111]]}},{"type":"Feature","properties":{"kind":"mountain_hachure"},"geometry":{"type":"LineString","coordinates":[[96.5893,46.16646],[96.66203,46.33111]]}},{"type":"Feature","properties":{"kind":"mountain_hachure"},"geometry":{"type":"LineString","coordinates":[[89.6893,46.46646],[89.76203,46.63111]]}},{"type":"Feature","properties":{"kind":"mountain_hachure"},"geometry":{"type":"LineString","coordinates":[[89.9893,46.46646],[90.06203,46.63111]]}},{"type":"Feature","properties":{"kind":"mountain_hachure"},"geometry":{"type":"LineString","coordinates":[[90.2893,46.46646],[90.36203,46.63111]]}},{"type":"Feature","properties":{"kind":"mountain_hachure"},"geometry":{"type":"LineString","coordinates":[[90.5893,46.46646],[90.66203,46.63111]]}},{"type":"Feature","properties":{"kind":"mountain_hachure"},"geometry":{"type":"LineString","coordinates":[[90.8893,46.46646],[90.96203,46.63111]]}},{"type":"Feature","properties":{"kind":"mountain_hachure"},"geometry":{"type":"LineString","coordinates":[[91.1893,46.46646],[91.26203,46.63111]]}},{"type":"Feature","properties":{"kind":"mountain_hachure"},"geometry":{"type":"LineString","coordinates":[[91.4893,46.46646],[91.56203,46.63111]]}},{"type":"Feature","properties":{"kind":"mountain_hachure"},"geometry":{"type":"LineString","coordinates":[[91.7893,46.46646],[91.86203,46.63111]]}},{"type":"Feature","properties":{"kind":"mountain_hachure"},"geometry":{"type":"LineString","coordinates":[[92.0893,46.46646],[92.16203,46.63111]]}},{"type":"Feature","properties":{"kind":"mountain_hachure"},"geometry":{"type":"LineString","coordinates":[[92.3893,46.46646],[92.46203,46.63111]]}},{"type":"Feature","properties":{"kind":"mountain_hachure"},"geometry":{"type":"LineString","coordinates":[[92.6893,46.46646],[92.76203,46.63111]]}},{"type":"Feature","properties":{"kind":"mountain_hachure"},"geometry":{"type":"LineString","coordinates":[[92.9893,46.46646],[93.06203,46.63111]]}},{"type":"Feature","properties":{"kind":"mountain_hachure"},"geometry":{"type":"LineString","coordinates":[[93.2893,46.46646],[93.36203,46.63111]]}},{"type":"Feature","properties":{"kind":"mountain_hachure"},"geometry":{"type":"LineString","coordinates":[[93.5893,46.46646],[93.66203,46.63111]]}},{"type":"Feature","properties":{"kind":"mountain_hachure"},"geometry":{"type":"LineString","coordinates":[[93.8893,46.46646],[93.96203,46.63111]]}},{"type":"Feature","properties":{"kind":"mountain_hachure"},"geometry":{"type":"LineString","coordinates":[[94.1893,46.46646],[94.26203,46.63111]]}},{"type":"Feature","properties":{"kind":"mountain_hachure"},"geometry":{"type":"LineString","coordinates":[[94.4893,46.46646],[94.56203,46.63111]]}},{"type":"Feature","properties":{"kind":"mountain_hachure"},"geometry":{"type":"LineString","coordinates":[[94.7893,46.46646],[94.86203,46.63111]]}},{"type":"Feature","properties":{"kind":"mountain_hachure"},"geometry":{"type":"LineString","coordinates":[[95.0893,46.46646],[95.16203,46.63111]]}},{"type":"Feature","properties":{"kind":"mountain_hachure"},"geometry":{"type":"LineString","coordinates":[[95.3893,46.46646],[95.46203,46.63111]]}},{"type":"Feature","properties":{"kind":"mountain_hachure"},"geometry":{"type":"LineString","coordinates":[[95.6893,46.46646],[95.76203,46.63111]]}},{"type":"Feature","properties":{"kind":"mountain_hachure"},"geometry":{"type":"LineString","coordinates":[[95.9893,46.46646],[96.06203,46.63111]]}},{"type":"Feature","properties":{"kind":"mountain_hachure"},"geometry":{"type":"LineString","coordinates":[[89.3893,46.76646],[89.46203,46.93111]]}},{"type":"Feature","properties":{"kind":"mountain_hachure"},"geometry":{"type":"LineString","coordinates":[[89.6893,46.76646],[89.76203,46.93111]]}},{"type":"Feature","properties":{"kind":"mountain_hachure"},"geometry":{"type":"LineString","coordinates":[[89.9893,46.76646],[90.06203,46.93111]]}},{"type":"Feature","properties":{"kind":"mountain_hachure"},"geometry":{"type":"LineString","coordinates":[[90.2893,46.76646],[90.36203,46.93111]]}},{"type":"Feature","properties":{"kind":"mountain_hachure"},"geometry":{"type":"LineString","coordinates":[[90.5893,46.76646],[90.66203,46.93111]]}},{"type":"Feature","properties":{"kind":"mountain_hachure"},"geometry":{"type":"LineString","coordinates":[[90.8893,46.76646],[90.96203,46.93111]]}},{"type":"Feature","properties":{"kind":"mountain_hachure"},"geometry":{"type":"LineString","coordinates":[[91.1893,46.76646],[91.26203,46.93111]]}},{"type":"Feature","properties":{"kind":"mountain_hachure"},"geometry":{"type":"LineString","coordinates":[[91.4893,46.76646],[91.56203,46.93111]]}},{"type":"Feature","properties":{"kind":"mountain_hachure"},"geometry":{"type":"LineString","coordinates":[[91.7893,46.76646],[91.86203,46.93111]]}},{"type":"Feature","properties":{"kind":"mountain_hachure"},"geometry":{"type":"LineString","coordinates":[[92.0893,46.76646],[92.16203,46.93111]]}},{"type":"Feature","properties":{"kind":"mountain_hachure"},"geometry":{"type":"LineString","coordinates":[[92.3893,46.76646],[92.46203,46.93111]]}},{"type":"Feature","properties":{"kind":"mountain_hachure"},"geometry":{"type":"LineString","coordinates":[[92.6893,46.76646],[92.76203,46.93111]]}},{"type":"Feature","properties":{"kind":"mountain_hachure"},"geometry":{"type":"LineString","coordinates":[[92.9893,46.76646],[93.06203,46.93111]]}},{"type":"Feature","properties":{"kind":"mountain_hachure"},"geometry":{"type":"LineString","coordinates":[[93.2893,46.76646],[93.36203,46.93111]]}},{"type":"Feature","properties":{"kind":"mountain_hachure"},"geometry":{"type":"LineString","coordinates":[[93.5893,46.76646],[93.66203,46.93111]]}},{"type":"Feature","properties":{"kind":"mountain_hachure"},"geometry":{"type":"LineString","coordinates":[[93.8893,46.76646],[93.96203,46.93111]]}},{"type":"Feature","properties":{"kind":"mountain_hachure"},"geometry":{"type":"LineString","coordinates":[[94.1893,46.76646],[94.26203,46.93111]]}},{"type":"Feature","properties":{"kind":"mountain_hachure"},"geometry":{"type":"LineString","coordinates":[[94.4893,46.76646],[94.56203,46.93111]]}},{"type":"Feature","properties":{"kind":"mountain_hachure"},"geometry":{"type":"LineString","coordinates":[[94.7893,46.76646],[94.86203,46.93111]]}},{"type":"Feature","properties":{"kind":"mountain_hachure"},"geometry":{"type":"LineString","coordinates":[[95.0893,46.76646],[95.16203,46.93111]]}},{"type":"Feature","properties":{"kind":"mountain_hachure"},"geometry":{"type":"LineString","coordinates":[[95.3893,46.76646],[95.46203,46.93111]]}},{"type":"Feature","properties":{"kind":"mountain_hachure"},"geometry":{"type":"LineString","coordinates":[[89.0893,47.06646],[89.16203,47.23111]]}},{"type":"Feature","properties":{"kind":"mountain_hachure"},"geometry":{"type":"LineString","coordinates":[[89.3893,47.06646],[89.46203,47.23111]]}},{"type":"Feature","properties":{"kind":"mountain_hachure"},"geometry":{"type":"LineString","coordinates":[[89.6893,47.06646],[89.76203,47.23111]]}},{"type":"Feature","properties":{"kind":"mountain_hachure"},"geometry":{"type":"LineString","coordinates":[[89.9893,47.06646],[90.06203,47.23111]]}},{"type":"Feature","properties":{"kind":"mountain_hachure"},"geometry":{"type":"LineString","coordinates":[[90.2893,47.06646],[90.36203,47.23111]]}},{"type":"Feature","properties":{"kind":"mountain_hachure"},"geometry":{"type":"LineString","coordinates":[[90.5893,47.06646],[90.66203,47.23111]]}},{"type":"Feature","properties":{"kind":"mountain_hachure"},"geometry":{"type":"LineString","coordinates":[[90.8893,47.06646],[90.96203,47.23111]]}},{"type":"Feature","properties":{"kind":"mountain_hachure"},"geometry":{"type":"LineString","coordinates":[[91.1893,47.06646],[91.26203,47.23111]]}},{"type":"Feature","properties":{"kind":"mountain_hachure"},"geometry":{"type":"LineString","coordinates":[[91.4893,47.06646],[91.56203,47.23111]]}},{"type":"Feature","properties":{"kind":"mountain_hachure"},"geometry":{"type":"LineString","coordinates":[[91.7893,47.06646],[91.86203,47.23111]]}},{"type":"Feature","properties":{"kind":"mountain_hachure"},"geometry":{"type":"LineString","coordinates":[[92.0893,47.06646],[92.16203,47.23111]]}},{"type":"Feature","properties":{"kind":"mountain_hachure"},"geometry":{"type":"LineString","coordinates":[[92.3893,47.06646],[92.46203,47.23111]]}},{"type":"Feature","properties":{"kind":"mountain_hachure"},"geometry":{"type":"LineString","coordinates":[[92.6893,47.06646],[92.76203,47.23111]]}},{"type":"Feature","properties":{"kind":"mountain_hachure"},"geometry":{"type":"LineString","coordinates":[[92.9893,47.06646],[93.06203,47.23111]]}},{"type":"Feature","properties":{"kind":"mountain_hachure"},"geometry":{"type":"LineString","coordinates":[[93.2893,47.06646],[93.36203,47.23111]]}},{"type":"Feature","properties":{"kind":"mountain_hachure"},"geometry":{"type":"LineString","coordinates":[[93.5893,47.06646],[93.66203,47.23111]]}},{"type":"Feature","properties":{"kind":"mountain_hachure"},"geometry":{"type":"LineString","coordinates":[[93.8893,47.06646],[93.96203,47.23111]]}},{"type":"Feature","properties":{"kind":"mountain_hachure"},"geometry":{"type":"LineString","coordinates":[[94.1893,47.06646],[94.26203,47.23111]]}},{"type":"Feature","properties":{"kind":"mountain_hachure"},"geometry":{"type":"LineString","coordinates":[[88.7893,47.36646],[88.86203,47.53111]]}},{"type":"Feature","properties":{"kind":"mountain_hachure"},"geometry":{"type":"LineString","coordinates":[[89.0893,47.36646],[89.16203,47.53111]]}},{"type":"Feature","properties":{"kind":"mountain_hachure"},"geometry":{"type":"LineString","coordinates":[[89.3893,47.36646],[89.46203,47.53111]]}},{"type":"Feature","properties":{"kind":"mountain_hachure"},"geometry":{"type":"LineString","coordinates":[[89.6893,47.36646],[89.76203,47.53111]]}},{"type":"Feature","properties":{"kind":"mountain_hachure"},"geometry":{"type":"LineString","coordinates":[[89.9893,47.36646],[90.06203,47.53111]]}},{"type":"Feature","properties":{"kind":"mountain_hachure"},"geometry":{"type":"LineString","coordinates":[[90.2893,47.36646],[90.36203,47.53111]]}},{"type":"Feature","properties":{"kind":"mountain_hachure"},"geometry":{"type":"LineString","coordinates":[[90.5893,47.36646],[90.66203,47.53111]]}},{"type":"Feature","properties":{"kind":"mountain_hachure"},"geometry":{"type":"LineString","coordinates":[[90.8893,47.36646],[90.96203,47.53111]]}},{"type":"Feature","properties":{"kind":"mountain_hachure"},"geometry":{"type":"LineString","coordinates":[[91.1893,47.36646],[91.26203,47.53111]]}},{"type":"Feature","properties":{"kind":"mountain_hachure"},"geometry":{"type":"LineString","coordinates":[[91.4893,47.36646],[91.56203,47.53111]]}},{"type":"Feature","properties":{"kind":"mountain_hachure"},"geometry":{"type":"LineString","coordinates":[[91.7893,47.36646],[91.86203,47.53111]]}},{"type":"Feature","properties":{"kind":"mountain_hachure"},"geometry":{"type":"LineString","coordinates":[[92.0893,47.36646],[92.16203,47.53111]]}},{"type":"Feature","properties":{"kind":"mountain_hachure"},"geometry":{"type":"LineString","coordinates":[[92.3893,47.36646],[92.46203,47.53111]]}},{"type":"Feature","properties":{"kind":"mountain_hachure"},"geometry":{"type":"LineString","coordinates":[[92.6893,47.36646],[92.76203,47.53111]]}},{"type":"Feature","properties":{"kind":"mountain_hachure"},"geometry":{"type":"LineString","coordinates":[[92.9893,47.36646],[93.06203,47.53111]]}},{"type":"Feature","properties":{"kind":"mountain_hachure"},"geometry":{"type":"LineString","coordinates":[[93.2893,47.36646],[93.36203,47.53111]]}},{"type":"Feature","properties":{"kind":"mountain_hachure"},"geometry":{"type":"LineString","coordinates":[[93.5893,47.36646],[93.66203,47.53111]]}},{"type":"Feature","properties":{"kind":"mountain_hachure"},"geometry":{"type":"LineString","coordinates":[[87.8893,47.66646],[87.96203,47.83111]]}},{"type":"Feature","properties":{"kind":"mountain_hachure"},"geometry":{"type":"LineString","coordinates":[[88.1893,47.66646],[88.26203,47.83111]]}},{"type":"Feature","properties":{"kind":"mountain_hachure"},"geometry":{"type":"LineString","coordinates":[[88.4893,47.66646],[88.56203,47.83111]]}},{"type":"Feature","properties":{"kind":"mountain_hachure"},"geometry":{"type":"LineString","coordinates":[[88.7893,47.66646],[88.86203,47.83111]]}},{"type":"Feature","properties":{"kind":"mountain_hachure"},"geometry":{"type":"LineString","coordinates":[[89.0893,47.66646],[89.16203,47.83111]]}},{"type":"Feature","properties":{"kind":"mountain_hachure"},"geometry":{"type":"LineString","coordinates":[[89.3893,47.66646],[89.46203,47.83111]]}},{"type":"Feature","properties":{"kind":"mountain_hachure"},"geometry":{"type":"LineString","coordinates":[[89.6893,47.66646],[89.76203,47.83111]]}},{"type":"Feature","properties":{"kind":"mountain_hachure"},"geometry":{"type":"LineString","coordinates":[[89.9893,47.66646],[90.06203,47.83111]]}},{"type":"Feature","properties":{"kind":"mountain_hachure"},"geometry":{"type":"LineString","coordinates":[[90.2893,47.66646],[90.36203,47.83111]]}},{"type":"Feature","properties":{"kind":"mountain_hachure"},"geometry":{"type":"LineString","coordinates":[[90.5893,47.66646],[90.66203,47.83111]]}},{"type":"Feature","properties":{"kind":"mountain_hachure"},"geometry":{"type":"LineString","coordinates":[[90.8893,47.66646],[90.96203,47.83111]]}},{"type":"Feature","properties":{"kind":"mountain_hachure"},"geometry":{"type":"LineString","coordinates":[[91.1893,47.66646],[91.26203,47.83111]]}},{"type":"Feature","properties":{"kind":"mountain_hachure"},"geometry":{"type":"LineString","coordinates":[[91.4893,47.66646],[91.56203,47.83111]]}},{"type":"Feature","properties":{"kind":"mountain_hachure"},"geometry":{"type":"LineString","coordinates":[[91.7893,47.66646],[91.86203,47.83111]]}},{"type":"Feature","properties":{"kind":"mountain_hachure"},"geometry":{"type":"LineString","coordinates":[[92.0893,47.66646],[92.16203,47.83111]]}},{"type":"Feature","properties":{"kind":"mountain_hachure"},"geometry":{"type":"LineString","coordinates":[[92.3893,47.66646],[92.46203,47.83111]]}},{"type":"Feature","properties":{"kind":"mountain_hachure"},"geometry":{"type":"LineString","coordinates":[[92.6893,47.66646],[92.76203,47.83111]]}},{"type":"Feature","properties":{"kind":"mountain_hachure"},"geometry":{"type":"LineString","coordinates":[[86.9893,47.96646],[87.06203,48.13111]]}},{"type":"Feature","properties":{"kind":"mountain_hachure"},"geometry":{"type":"LineString","coordinates":[[87.2893,47.96646],[87.36203,48.13111]]}},{"type":"Feature","properties":{"kind":"mountain_hachure"},"geometry":{"type":"LineString","coordinates":[[87.5893,47.96646],[87.66203,48.13111]]}},{"type":"Feature","properties":{"kind":"mountain_hachure"},"geometry":{"type":"LineString","coordinates":[[87.8893,47.96646],[87.96203,48.13111]]}},{"type":"Feature","properties":{"kind":"mountain_hachure"},"geometry":{"type":"LineString","coordinates":[[88.1893,47.96646],[88.26203,48.13111]]}},{"type":"Feature","properties":{"kind":"mountain_hachure"},"geometry":{"type":"LineString","coordinates":[[88.4893,47.96646],[88.56203,48.13111]]}},{"type":"Feature","properties":{"kind":"mountain_hachure"},"geometry":{"type":"LineString","coordinates":[[88.7893,47.96646],[88.86203,48.13111]]}},{"type":"Feature","properties":{"kind":"mountain_hachure"},"geometry":{"type":"LineString","coordinates":[[89.0893,47.96646],[89.16203,48.13111]]}},{"type":"Feature","properties":{"kind":"mountain_hachure"},"geometry":{"type":"LineString","coordinates":[[89.3893,47.96646],[89.46203,48.13111]]}},{"type":"Feature","properties":{"kind":"mountain_hachure"},"geometry":{"type":"LineString","coordinates":[[89.6893,47.96646],[89.76203,48.13111]]}},{"type":"Feature","properties":{"kind":"mountain_hachure"},"geometry":{"type":"LineString","coordinates":[[89.9893,47.96646],[90.06203,48.13111]]}},{"type":"Feature","properties":{"kind":"mountain_hachure"},"geometry":{"type":"LineString","coordinates":[[90.2893,47.96646],[90.36203,48.13111]]}},{"type":"Feature","properties":{"kind":"mountain_hachure"},"geometry":{"type":"LineString","coordinates":[[90.5893,47.96646],[90.66203,48.13111]]}},{"type":"Feature","properties":{"kind":"mountain_hachure"},"geometry":{"type":"LineString","coordinates":[[90.8893,47.96646],[90.96203,48.13111]]}},{"type":"Feature","properties":{"kind":"mountain_hachure"},"geometry":{"type":"LineString","coordinates":[[91.1893,47.96646],[91.26203,48.13111]]}},{"type":"Feature","properties":{"kind":"mountain_hachure"},"geometry":{"type":"LineString","coordinates":[[91.4893,47.96646],[91.56203,48.13111]]}},{"type":"Feature","properties":{"kind":"mountain_hachure"},"geometry":{"type":"LineString","coordinates":[[91.7893,47.96646],[91.86203,48.13111]]}},{"type":"Feature","properties":{"kind":"mountain_hachure"},"geometry":{"type":"LineString","coordinates":[[92.0893,47.96646],[92.16203,48.13111]]}},{"type":"Feature","properties":{"kind":"mountain_hachure"},"geometry":{"type":"LineString","coordinates":[[84.2893,48.26646],[84.36203,48.43111]]}},{"type":"Feature","properties":{"kind":"mountain_hachure"},"geometry":{"type":"LineString","coordinates":[[84.5893,48.26646],[84.66203,48.43111]]}},{"type":"Feature","properties":{"kind":"mountain_hachure"},"geometry":{"type":"LineString","coordinates":[[84.8893,48.26646],[84.96203,48.43111]]}},{"type":"Feature","properties":{"kind":"mountain_hachure"},"geometry":{"type":"LineString","coordinates":[[85.1893,48.26646],[85.26203,48.43111]]}},{"type":"Feature","properties":{"kind":"mountain_hachure"},"geometry":{"type":"LineString","coordinates":[[85.4893,48.26646],[85.56203,48.43111]]}},{"type":"Feature","properties":{"kind":"mountain_hachure"},"geometry":{"type":"LineString","coordinates":[[85.7893,48.26646],[85.86203,48.43111]]}},{"type":"Feature","properties":{"kind":"mountain_hachure"},"geometry":{"type":"LineString","coordinates":[[86.0893,48.26646],[86.16203,48.43111]]}},{"type":"Feature","properties":{"kind":"mountain_hachure"},"geometry":{"type":"LineString","coordinates":[[86.3893,48.26646],[86.46203,48.43111]]}},{"type":"Feature","properties":{"kind":"mountain_hachure"},"geometry":{"type":"LineString","coordinates":[[86.6893,48.26646],[86.76203,48.43111]]}},{"type":"Feature","properties":{"kind":"mountain_hachure"},"geometry":{"type":"LineString","coordinates":[[86.9893,48.26646],[87.06203,48.43111]]}},{"type":"Feature","properties":{"kind":"mountain_hachure"},"geometry":{"type":"LineString","coordinates":[[87.2893,48.26646],[87.36203,48.43111]]}},{"type":"Feature","properties":{"kind":"mountain_hachure"},"geometry":{"type":"LineString","coordinates":[[87.5893,48.26646],[87.66203,48.43111]]}},{"type":"Feature","properties":{"kind":"mountain_hachure"},"geometry":{"type":"LineString","coordinates":[[87.8893,48.26646],[87.96203,48.43111]]}},{"type":"Feature","properties":{"kind":"mountain_hachure"},"geometry":{"type":"LineString","coordinates":[[88.1893,48.26646],[88.26203,48.43111]]}},{"type":"Feature","properties":{"kind":"mountain_hachure"},"geometry":{"type":"LineString","coordinates":[[88.4893,48.26646],[88.56203,48.43111]]}},{"type":"Feature","properties":{"kind":"mountain_hachure"},"geometry":{"type":"LineString","coordinates":[[88.7893,48.26646],[88.86203,48.43111]]}},{"type":"Feature","properties":{"kind":"mountain_hachure"},"geometry":{"type":"LineString","coordinates":[[89.0893,48.26646],[89.16203,48.43111]]}},{"type":"Feature","properties":{"kind":"mountain_hachure"},"geometry":{"type":"LineString","coordinates":[[89.3893,48.26646],[89.46203,48.43111]]}},{"type":"Feature","properties":{"kind":"mountain_hachure"},"geometry":{"type":"LineString","coordinates":[[89.6893,48.26646],[89.76203,48.43111]]}},{"type":"Feature","properties":{"kind":"mountain_hachure"},"geometry":{"type":"LineString","coordinates":[[89.9893,48.26646],[90.06203,48.43111]]}},{"type":"Feature","properties":{"kind":"mountain_hachure"},"geometry":{"type":"LineString","coordinates":[[90.2893,48.26646],[90.36203,48.43111]]}},{"type":"Feature","properties":{"kind":"mountain_hachure"},"geometry":{"type":"LineString","coordinates":[[90.5893,48.26646],[90.66203,48.43111]]}},{"type":"Feature","properties":{"kind":"mountain_hachure"},"geometry":{"type":"LineString","coordinates":[[90.8893,48.26646],[90.96203,48.43111]]}},{"type":"Feature","properties":{"kind":"mountain_hachure"},"geometry":{"type":"LineString","coordinates":[[91.1893,48.26646],[91.26203,48.43111]]}},{"type":"Feature","properties":{"kind":"mountain_hachure"},"geometry":{"type":"LineString","coordinates":[[91.4893,48.26646],[91.56203,48.43111]]}},{"type":"Feature","properties":{"kind":"mountain_hachure"},"geometry":{"type":"LineString","coordinates":[[83.9893,48.56646],[84.06203,48.73111]]}},{"type":"Feature","properties":{"kind":"mountain_hachure"},"geometry":{"type":"LineString","coordinates":[[84.2893,48.56646],[84.36203,48.73111]]}},{"type":"Feature","properties":{"kind":"mountain_hachure"},"geometry":{"type":"LineString","coordinates":[[84.5893,48.56646],[84.66203,48.73111]]}},{"type":"Feature","properties":{"kind":"mountain_hachure"},"geometry":{"type":"LineString","coordinates":[[84.8893,48.56646],[84.96203,48.73111]]}},{"type":"Feature","properties":{"kind":"mountain_hachure"},"geometry":{"type":"LineString","coordinates":[[85.1893,48.56646],[85.26203,48.73111]]}},{"type":"Feature","properties":{"kind":"mountain_hachure"},"geometry":{"type":"LineString","coordinates":[[85.4893,48.56646],[85.56203,48.73111]]}},{"type":"Feature","properties":{"kind":"mountain_hachure"},"geometry":{"type":"LineString","coordinates":[[85.7893,48.56646],[85.86203,48.73111]]}},{"type":"Feature","properties":{"kind":"mountain_hachure"},"geometry":{"type":"LineString","coordinates":[[86.0893,48.56646],[86.16203,48.73111]]}},{"type":"Feature","properties":{"kind":"mountain_hachure"},"geometry":{"type":"LineString","coordinates":[[86.3893,48.56646],[86.46203,48.73111]]}},{"type":"Feature","properties":{"kind":"mountain_hachure"},"geometry":{"type":"LineString","coordinates":[[86.6893,48.56646],[86.76203,48.73111]]}},{"type":"Feature","properties":{"kind":"mountain_hachure"},"geometry":{"type":"LineString","coordinates":[[86.9893,48.56646],[87.06203,48.73111]]}},{"type":"Feature","properties":{"kind":"mountain_hachure"},"geometry":{"type":"LineString","coordinates":[[87.2893,48.56646],[87.36203,48.73111]]}},{"type":"Feature","properties":{"kind":"mountain_hachure"},"geometry":{"type":"LineString","coordinates":[[87.5893,48.56646],[87.66203,48.73111]]}},{"type":"Feature","properties":{"kind":"mountain_hachure"},"geometry":{"type":"LineString","coordinates":[[87.8893,48.56646],[87.96203,48.73111]]}},{"type":"Feature","properties":{"kind":"mountain_hachure"},"geometry":{"type":"LineString","coordinates":[[88.1893,48.56646],[88.26203,48.73111]]}},{"type":"Feature","properties":{"kind":"mountain_hachure"},"geometry":{"type":"LineString","coordinates":[[88.4893,48.56646],[88.56203,48.73111]]}},{"type":"Feature","properties":{"kind":"mountain_hachure"},"geometry":{"type":"LineString","coordinates":[[88.7893,48.56646],[88.86203,48.73111]]}},{"type":"Feature","properties":{"kind":"mountain_hachure"},"geometry":{"type":"LineString","coordinates":[[89.0893,48.56646],[89.16203,48.73111]]}},{"type":"Feature","properties":{"kind":"mountain_hachure"},"geometry":{"type":"LineString","coordinates":[[89.3893,48.56646],[89.46203,48.73111]]}},{"type":"Feature","properties":{"kind":"mountain_hachure"},"geometry":{"type":"LineString","coordinates":[[89.6893,48.56646],[89.76203,48.73111]]}},{"type":"Feature","properties":{"kind":"mountain_hachure"},"geometry":{"type":"LineString","coordinates":[[89.9893,48.56646],[90.06203,48.73111]]}},{"type":"Feature","properties":{"kind":"mountain_hachure"},"geometry":{"type":"LineString","coordinates":[[90.2893,48.56646],[90.36203,48.73111]]}},{"type":"Feature","properties":{"kind":"mountain_hachure"},"geometry":{"type":"LineString","coordinates":[[90.5893,48.56646],[90.66203,48.73111]]}},{"type":"Feature","properties":{"kind":"mountain_hachure"},"geometry":{"type":"LineString","coordinates":[[90.8893,48.56646],[90.96203,48.73111]]}},{"type":"Feature","properties":{"kind":"mountain_hachure"},"geometry":{"type":"LineString","coordinates":[[91.1893,48.56646],[91.26203,48.73111]]}},{"type":"Feature","properties":{"kind":"mountain_hachure"},"geometry":{"type":"LineString","coordinates":[[83.9893,48.86646],[84.06203,49.03111]]}},{"type":"Feature","properties":{"kind":"mountain_hachure"},"geometry":{"type":"LineString","coordinates":[[84.2893,48.86646],[84.36203,49.03111]]}},{"type":"Feature","properties":{"kind":"mountain_hachure"},"geometry":{"type":"LineString","coordinates":[[84.5893,48.86646],[84.66203,49.03111]]}},{"type":"Feature","properties":{"kind":"mountain_hachure"},"geometry":{"type":"LineString","coordinates":[[84.8893,48.86646],[84.96203,49.03111]]}},{"type":"Feature","properties":{"kind":"mountain_hachure"},"geometry":{"type":"LineString","coordinates":[[85.1893,48.86646],[85.26203,49.03111]]}},{"type":"Feature","properties":{"kind":"mountain_hachure"},"geometry":{"type":"LineString","coordinates":[[85.4893,48.86646],[85.56203,49.03111]]}},{"type":"Feature","properties":{"kind":"mountain_hachure"},"geometry":{"type":"LineString","coordinates":[[85.7893,48.86646],[85.86203,49.03111]]}},{"type":"Feature","properties":{"kind":"mountain_hachure"},"geometry":{"type":"LineString","coordinates":[[86.0893,48.86646],[86.16203,49.03111]]}},{"type":"Feature","properties":{"kind":"mountain_hachure"},"geometry":{"type":"LineString","coordinates":[[86.3893,48.86646],[86.46203,49.03111]]}},{"type":"Feature","properties":{"kind":"mountain_hachure"},"geometry":{"type":"LineString","coordinates":[[86.6893,48.86646],[86.76203,49.03111]]}},{"type":"Feature","properties":{"kind":"mountain_hachure"},"geometry":{"type":"LineString","coordinates":[[86.9893,48.86646],[87.06203,49.03111]]}},{"type":"Feature","properties":{"kind":"mountain_hachure"},"geometry":{"type":"LineString","coordinates":[[87.2893,48.86646],[87.36203,49.03111]]}},{"type":"Feature","properties":{"kind":"mountain_hachure"},"geometry":{"type":"LineString","coordinates":[[87.5893,48.86646],[87.66203,49.03111]]}},{"type":"Feature","properties":{"kind":"mountain_hachure"},"geometry":{"type":"LineString","coordinates":[[87.8893,48.86646],[87.96203,49.03111]]}},{"type":"Feature","properties":{"kind":"mountain_hachure"},"geometry":{"type":"LineString","coordinates":[[88.1893,48.86646],[88.26203,49.03111]]}},{"type":"Feature","properties":{"kind":"mountain_hachure"},"geometry":{"type":"LineString","coordinates":[[88.4893,48.86646],[88.56203,49.03111]]}},{"type":"Feature","properties":{"kind":"mountain_hachure"},"geometry":{"type":"LineString","coordinates":[[88.7893,48.86646],[88.86203,49.03111]]}},{"type":"Feature","properties":{"kind":"mountain_hachure"},"geometry":{"type":"LineString","coordinates":[[89.0893,48.86646],[89.16203,49.03111]]}},{"type":"Feature","properties":{"kind":"mountain_hachure"},"geometry":{"type":"LineString","coordinates":[[89.3893,48.86646],[89.46203,49.03111]]}},{"type":"Feature","properties":{"kind":"mountain_hachure"},"geometry":{"type":"LineString","coordinates":[[89.6893,48.86646],[89.76203,49.03111]]}},{"type":"Feature","properties":{"kind":"mountain_hachure"},"geometry":{"type":"LineString","coordinates":[[89.9893,48.86646],[90.06203,49.03111]]}},{"type":"Feature","properties":{"kind":"mountain_hachure"},"geometry":{"type":"LineString","coordinates":[[90.2893,48.86646],[90.36203,49.03111]]}},{"type":"Feature","properties":{"kind":"mountain_hachure"},"geometry":{"type":"LineString","coordinates":[[90.5893,48.86646],[90.66203,49.03111]]}},{"type":"Feature","properties":{"kind":"mountain_hachure"},"geometry":{"type":"LineString","coordinates":[[90.8893,48.86646],[90.96203,49.03111]]}},{"type":"Feature","properties":{"kind":"mountain_hachure"},"geometry":{"type":"LineString","coordinates":[[83.6893,49.16646],[83.76203,49.33111]]}},{"type":"Feature","properties":{"kind":"mountain_hachure"},"geometry":{"type":"LineString","coordinates":[[83.9893,49.16646],[84.06203,49.33111]]}},{"type":"Feature","properties":{"kind":"mountain_hachure"},"geometry":{"type":"LineString","coordinates":[[84.2893,49.16646],[84.36203,49.33111]]}},{"type":"Feature","properties":{"kind":"mountain_hachure"},"geometry":{"type":"LineString","coordinates":[[84.5893,49.16646],[84.66203,49.33111]]}},{"type":"Feature","properties":{"kind":"mountain_hachure"},"geometry":{"type":"LineString","coordinates":[[84.8893,49.16646],[84.96203,49.33111]]}},{"type":"Feature","properties":{"kind":"mountain_hachure"},"geometry":{"type":"LineString","coordinates":[[85.1893,49.16646],[85.26203,49.33111]]}},{"type":"Feature","properties":{"kind":"mountain_hachure"},"geometry":{"type":"LineString","coordinates":[[85.4893,49.16646],[85.56203,49.33111]]}},{"type":"Feature","properties":{"kind":"mountain_hachure"},"geometry":{"type":"LineString","coordinates":[[85.7893,49.16646],[85.86203,49.33111]]}},{"type":"Feature","properties":{"kind":"mountain_hachure"},"geometry":{"type":"LineString","coordinates":[[86.0893,49.16646],[86.16203,49.33111]]}},{"type":"Feature","properties":{"kind":"mountain_hachure"},"geometry":{"type":"LineString","coordinates":[[86.3893,49.16646],[86.46203,49.33111]]}},{"type":"Feature","properties":{"kind":"mountain_hachure"},"geometry":{"type":"LineString","coordinates":[[86.6893,49.16646],[86.76203,49.33111]]}},{"type":"Feature","properties":{"kind":"mountain_hachure"},"geometry":{"type":"LineString","coordinates":[[86.9893,49.16646],[87.06203,49.33111]]}},{"type":"Feature","properties":{"kind":"mountain_hachure"},"geometry":{"type":"LineString","coordinates":[[87.2893,49.16646],[87.36203,49.33111]]}},{"type":"Feature","properties":{"kind":"mountain_hachure"},"geometry":{"type":"LineString","coordinates":[[87.5893,49.16646],[87.66203,49.33111]]}},{"type":"Feature","properties":{"kind":"mountain_hachure"},"geometry":{"type":"LineString","coordinates":[[87.8893,49.16646],[87.96203,49.33111]]}},{"type":"Feature","properties":{"kind":"mountain_hachure"},"geometry":{"type":"LineString","coordinates":[[88.1893,49.16646],[88.26203,49.33111]]}},{"type":"Feature","properties":{"kind":"mountain_hachure"},"geometry":{"type":"LineString","coordinates":[[88.4893,49.16646],[88.56203,49.33111]]}},{"type":"Feature","properties":{"kind":"mountain_hachure"},"geometry":{"type":"LineString","coordinates":[[88.7893,49.16646],[88.86203,49.33111]]}},{"type":"Feature","properties":{"kind":"mountain_hachure"},"geometry":{"type":"LineString","coordinates":[[89.0893,49.16646],[89.16203,49.33111]]}},{"type":"Feature","properties":{"kind":"mountain_hachure"},"geometry":{"type":"LineString","coordinates":[[89.3893,49.16646],[89.46203,49.33111]]}},{"type":"Feature","properties":{"kind":"mountain_hachure"},"geometry":{"type":"LineString","coordinates":[[89.6893,49.16646],[89.76203,49.33111]]}},{"type":"Feature","properties":{"kind":"mountain_hachure"},"geometry":{"type":"LineString","coordinates":[[89.9893,49.16646],[90.06203,49.33111]]}},{"type":"Feature","properties":{"kind":"mountain_hachure"},"geometry":{"type":"LineString","coordinates":[[83.6893,49.46646],[83.76203,49.63111]]}},{"type":"Feature","properties":{"kind":"mountain_hachure"},"geometry":{"type":"LineString","coordinates":[[83.9893,49.46646],[84.06203,49.63111]]}},{"type":"Feature","properties":{"kind":"mountain_hachure"},"geometry":{"type":"LineString","coordinates":[[84.2893,49.46646],[84.36203,49.63111]]}},{"type":"Feature","properties":{"kind":"mountain_hachure"},"geometry":{"type":"LineString","coordinates":[[84.5893,49.46646],[84.66203,49.63111]]}},{"type":"Feature","properties":{"kind":"mountain_hachure"},"geometry":{"type":"LineString","coordinates":[[84.8893,49.46646],[84.96203,49.63111]]}},{"type":"Feature","properties":{"kind":"mountain_hachure"},"geometry":{"type":"LineString","coordinates":[[85.1893,49.46646],[85.26203,49.63111]]}},{"type":"Feature","properties":{"kind":"mountain_hachure"},"geometry":{"type":"LineString","coordinates":[[85.4893,49.46646],[85.56203,49.63111]]}},{"type":"Feature","properties":{"kind":"mountain_hachure"},"geometry":{"type":"LineString","coordinates":[[85.7893,49.46646],[85.86203,49.63111]]}},{"type":"Feature","properties":{"kind":"mountain_hachure"},"geometry":{"type":"LineString","coordinates":[[86.0893,49.46646],[86.16203,49.63111]]}},{"type":"Feature","properties":{"kind":"mountain_hachure"},"geometry":{"type":"LineString","coordinates":[[86.3893,49.46646],[86.46203,49.63111]]}},{"type":"Feature","properties":{"kind":"mountain_hachure"},"geometry":{"type":"LineString","coordinates":[[86.6893,49.46646],[86.76203,49.63111]]}},{"type":"Feature","properties":{"kind":"mountain_hachure"},"geometry":{"type":"LineString","coordinates":[[86.9893,49.46646],[87.06203,49.63111]]}},{"type":"Feature","properties":{"kind":"mountain_hachure"},"geometry":{"type":"LineString","coordinates":[[87.2893,49.46646],[87.36203,49.63111]]}},{"type":"Feature","properties":{"kind":"mountain_hachure"},"geometry":{"type":"LineString","coordinates":[[87.5893,49.46646],[87.66203,49.63111]]}},{"type":"Feature","properties":{"kind":"mountain_hachure"},"geometry":{"type":"LineString","coordinates":[[87.8893,49.46646],[87.96203,49.63111]]}},{"type":"Feature","properties":{"kind":"mountain_hachure"},"geometry":{"type":"LineString","coordinates":[[88.1893,49.46646],[88.26203,49.63111]]}},{"type":"Feature","properties":{"kind":"mountain_hachure"},"geometry":{"type":"LineString","coordinates":[[88.4893,49.46646],[88.56203,49.63111]]}},{"type":"Feature","properties":{"kind":"mountain_hachure"},"geometry":{"type":"LineString","coordinates":[[88.7893,49.46646],[88.86203,49.63111]]}},{"type":"Feature","properties":{"kind":"mountain_hachure"},"geometry":{"type":"LineString","coordinates":[[89.0893,49.46646],[89.16203,49.63111]]}},{"type":"Feature","properties":{"kind":"mountain_hachure"},"geometry":{"type":"LineString","coordinates":[[89.3893,49.46646],[89.46203,49.63111]]}},{"type":"Feature","properties":{"kind":"mountain_hachure"},"geometry":{"type":"LineString","coordinates":[[83.3893,49.76646],[83.46203,49.93111]]}},{"type":"Feature","properties":{"kind":"mountain_hachure"},"geometry":{"type":"LineString","coordinates":[[83.6893,49.76646],[83.76203,49.93111]]}},{"type":"Feature","properties":{"kind":"mountain_hachure"},"geometry":{"type":"LineString","coordinates":[[83.9893,49.76646],[84.06203,49.93111]]}},{"type":"Feature","properties":{"kind":"mountain_hachure"},"geometry":{"type":"LineString","coordinates":[[84.2893,49.76646],[84.36203,49.93111]]}},{"type":"Feature","properties":{"kind":"mountain_hachure"},"geometry":{"type":"LineString","coordinates":[[84.5893,49.76646],[84.66203,49.93111]]}},{"type":"Feature","properties":{"kind":"mountain_hachure"},"geometry":{"type":"LineString","coordinates":[[84.8893,49.76646],[84.96203,49.93111]]}},{"type":"Feature","properties":{"kind":"mountain_hachure"},"geometry":{"type":"LineString","coordinates":[[85.1893,49.76646],[85.26203,49.93111]]}},{"type":"Feature","properties":{"kind":"mountain_hachure"},"geometry":{"type":"LineString","coordinates":[[85.4893,49.76646],[85.56203,49.93111]]}},{"type":"Feature","properties":{"kind":"mountain_hachure"},"geometry":{"type":"LineString","coordinates":[[85.7893,49.76646],[85.86203,49.93111]]}},{"type":"Feature","properties":{"kind":"mountain_hachure"},"geometry":{"type":"LineString","coordinates":[[86.0893,49.76646],[86.16203,49.93111]]}},{"type":"Feature","properties":{"kind":"mountain_hachure"},"geometry":{"type":"LineString","coordinates":[[86.3893,49.76646],[86.46203,49.93111]]}},{"type":"Feature","properties":{"kind":"mountain_hachure"},"geometry":{"type":"LineString","coordinates":[[86.6893,49.76646],[86.76203,49.93111]]}},{"type":"Feature","properties":{"kind":"mountain_hachure"},"geometry":{"type":"LineString","coordinates":[[86.9893,49.76646],[87.06203,49.93111]]}},{"type":"Feature","properties":{"kind":"mountain_hachure"},"geometry":{"type":"LineString","coordinates":[[87.2893,49.76646],[87.36203,49.93111]]}},{"type":"Feature","properties":{"kind":"mountain_hachure"},"geometry":{"type":"LineString","coordinates":[[87.5893,49.76646],[87.66203,49.93111]]}},{"type":"Feature","properties":{"kind":"mountain_hachure"},"geometry":{"type":"LineString","coordinates":[[87.8893,49.76646],[87.96203,49.93111]]}},{"type":"Feature","properties":{"kind":"mountain_hachure"},"geometry":{"type":"LineString","coordinates":[[88.1893,49.76646],[88.26203,49.93111]]}},{"type":"Feature","properties":{"kind":"mountain_hachure"},"geometry":{"type":"LineString","coordinates":[[88.4893,49.76646],[88.56203,49.93111]]}},{"type":"Feature","properties":{"kind":"mountain_hachure"},"geometry":{"type":"LineString","coordinates":[[88.7893,49.76646],[88.86203,49.93111]]}},{"type":"Feature","properties":{"kind":"mountain_hachure"},"geometry":{"type":"LineString","coordinates":[[89.0893,49.76646],[89.16203,49.93111]]}},{"type":"Feature","properties":{"kind":"mountain_hachure"},"geometry":{"type":"LineString","coordinates":[[83.0893,50.06646],[83.16203,50.23111]]}},{"type":"Feature","properties":{"kind":"mountain_hachure"},"geometry":{"type":"LineString","coordinates":[[83.3893,50.06646],[83.46203,50.23111]]}},{"type":"Feature","properties":{"kind":"mountain_hachure"},"geometry":{"type":"LineString","coordinates":[[83.6893,50.06646],[83.76203,50.23111]]}},{"type":"Feature","properties":{"kind":"mountain_hachure"},"geometry":{"type":"LineString","coordinates":[[83.9893,50.06646],[84.06203,50.23111]]}},{"type":"Feature","properties":{"kind":"mountain_hachure"},"geometry":{"type":"LineString","coordinates":[[84.2893,50.06646],[84.36203,50.23111]]}},{"type":"Feature","properties":{"kind":"mountain_hachure"},"geometry":{"type":"LineString","coordinates":[[84.5893,50.06646],[84.66203,50.23111]]}},{"type":"Feature","properties":{"kind":"mountain_hachure"},"geometry":{"type":"LineString","coordinates":[[84.8893,50.06646],[84.96203,50.23111]]}},{"type":"Feature","properties":{"kind":"mountain_hachure"},"geometry":{"type":"LineString","coordinates":[[85.1893,50.06646],[85.26203,50.23111]]}},{"type":"Feature","properties":{"kind":"mountain_hachure"},"geometry":{"type":"LineString","coordinates":[[85.4893,50.06646],[85.56203,50.23111]]}},{"type":"Feature","properties":{"kind":"mountain_hachure"},"geometry":{"type":"LineString","coordinates":[[85.7893,50.06646],[85.86203,50.23111]]}},{"type":"Feature","properties":{"kind":"mountain_hachure"},"geometry":{"type":"LineString","coordinates":[[86.0893,50.06646],[86.16203,50.23111]]}},{"type":"Feature","properties":{"kind":"mountain_hachure"},"geometry":{"type":"LineString","coordinates":[[86.3893,50.06646],[86.46203,50.23111]]}},{"type":"Feature","properties":{"kind":"mountain_hachure"},"geometry":{"type":"LineString","coordinates":[[86.6893,50.06646],[86.76203,50.23111]]}},{"type":"Feature","properties":{"kind":"mountain_hachure"},"geometry":{"type":"LineString","coordinates":[[86.9893,50.06646],[87.06203,50.23111]]}},{"type":"Feature","properties":{"kind":"mountain_hachure"},"geometry":{"type":"LineString","coordinates":[[87.2893,50.06646],[87.36203,50.23111]]}},{"type":"Feature","properties":{"kind":"mountain_hachure"},"geometry":{"type":"LineString","coordinates":[[87.5893,50.06646],[87.66203,50.23111]]}},{"type":"Feature","properties":{"kind":"mountain_hachure"},"geometry":{"type":"LineString","coordinates":[[87.8893,50.06646],[87.96203,50.23111]]}},{"type":"Feature","properties":{"kind":"mountain_hachure"},"geometry":{"type":"LineString","coordinates":[[88.1893,50.06646],[88.26203,50.23111]]}},{"type":"Feature","properties":{"kind":"mountain_hachure"},"geometry":{"type":"LineString","coordinates":[[88.4893,50.06646],[88.56203,50.23111]]}},{"type":"Feature","properties":{"kind":"mountain_hachure"},"geometry":{"type":"LineString","coordinates":[[82.1893,50.36646],[82.26203,50.53111]]}},{"type":"Feature","properties":{"kind":"mountain_hachure"},"geometry":{"type":"LineString","coordinates":[[82.4893,50.36646],[82.56203,50.53111]]}},{"type":"Feature","properties":{"kind":"mountain_hachure"},"geometry":{"type":"LineString","coordinates":[[82.7893,50.36646],[82.86203,50.53111]]}},{"type":"Feature","properties":{"kind":"mountain_hachure"},"geometry":{"type":"LineString","coordinates":[[83.0893,50.36646],[83.16203,50.53111]]}},{"type":"Feature","properties":{"kind":"mountain_hachure"},"geometry":{"type":"LineString","coordinates":[[83.3893,50.36646],[83.46203,50.53111]]}},{"type":"Feature","properties":{"kind":"mountain_hachure"},"geometry":{"type":"LineString","coordinates":[[83.6893,50.36646],[83.76203,50.53111]]}},{"type":"Feature","properties":{"kind":"mountain_hachure"},"geometry":{"type":"LineString","coordinates":[[83.9893,50.36646],[84.06203,50.53111]]}},{"type":"Feature","properties":{"kind":"mountain_hachure"},"geometry":{"type":"LineString","coordinates":[[84.2893,50.36646],[84.36203,50.53111]]}},{"type":"Feature","properties":{"kind":"mountain_hachure"},"geometry":{"type":"LineString","coordinates":[[84.5893,50.36646],[84.66203,50.53111]]}},{"type":"Feature","properties":{"kind":"mountain_hachure"},"geometry":{"type":"LineString","coordinates":[[84.8893,50.36646],[84.96203,50.53111]]}},{"type":"Feature","properties":{"kind":"mountain_hachure"},"geometry":{"type":"LineString","coordinates":[[85.1893,50.36646],[85.26203,50.53111]]}},{"type":"Feature","properties":{"kind":"mountain_hachure"},"geometry":{"type":"LineString","coordinates":[[85.4893,50.36646],[85.56203,50.53111]]}},{"type":"Feature","properties":{"kind":"mountain_hachure"},"geometry":{"type":"LineString","coordinates":[[85.7893,50.36646],[85.86203,50.53111]]}},{"type":"Feature","properties":{"kind":"mountain_hachure"},"geometry":{"type":"LineString","coordinates":[[86.0893,50.36646],[86.16203,50.53111]]}},{"type":"Feature","properties":{"kind":"mountain_hachure"},"geometry":{"type":"LineString","coordinates":[[86.3893,50.36646],[86.46203,50.53111]]}},{"type":"Feature","properties":{"kind":"mountain_hachure"},"geometry":{"type":"LineString","coordinates":[[86.6893,50.36646],[86.76203,50.53111]]}},{"type":"Feature","properties":{"kind":"mountain_hachure"},"geometry":{"type":"LineString","coordinates":[[86.9893,50.36646],[87.06203,50.53111]]}},{"type":"Feature","properties":{"kind":"mountain_hachure"},"geometry":{"type":"LineString","coordinates":[[87.2893,50.36646],[87.36203,50.53111]]}},{"type":"Feature","properties":{"kind":"mountain_hachure"},"geometry":{"type":"LineString","coordinates":[[87.5893,50.36646],[87.66203,50.53111]]}},{"type":"Feature","properties":{"kind":"mountain_hachure"},"geometry":{"type":"LineString","coordinates":[[87.8893,50.36646],[87.96203,50.53111]]}},{"type":"Feature","properties":{"kind":"mountain_hachure"},"geometry":{"type":"LineString","coordinates":[[88.1893,50.36646],[88.26203,50.53111]]}},{"type":"Feature","properties":{"kind":"mountain_hachure"},"geometry":{"type":"LineString","coordinates":[[88.4893,50.36646],[88.56203,50.53111]]}},{"type":"Feature","properties":{"kind":"mountain_hachure"},"geometry":{"type":"LineString","coordinates":[[82.1893,50.66646],[82.26203,50.83111]]}},{"type":"Feature","properties":{"kind":"mountain_hachure"},"geometry":{"type":"LineString","coordinates":[[82.4893,50.66646],[82.56203,50.83111]]}},{"type":"Feature","properties":{"kind":"mountain_hachure"},"geometry":{"type":"LineString","coordinates":[[82.7893,50.66646],[82.86203,50.83111]]}},{"type":"Feature","properties":{"kind":"mountain_hachure"},"geometry":{"type":"LineString","coordinates":[[83.0893,50.66646],[83.16203,50.83111]]}},{"type":"Feature","properties":{"kind":"mountain_hachure"},"geometry":{"type":"LineString","coordinates":[[83.3893,50.66646],[83.46203,50.83111]]}},{"type":"Feature","properties":{"kind":"mountain_hachure"},"geometry":{"type":"LineString","coordinates":[[83.6893,50.66646],[83.76203,50.83111]]}},{"type":"Feature","properties":{"kind":"mountain_hachure"},"geometry":{"type":"LineString","coordinates":[[83.9893,50.66646],[84.06203,50.83111]]}},{"type":"Feature","properties":{"kind":"mountain_hachure"},"geometry":{"type":"LineString","coordinates":[[84.2893,50.66646],[84.36203,50.83111]]}},{"type":"Feature","properties":{"kind":"mountain_hachure"},"geometry":{"type":"LineString","coordinates":[[84.5893,50.66646],[84.66203,50.83111]]}},{"type":"Feature","properties":{"kind":"mountain_hachure"},"geometry":{"type":"LineString","coordinates":[[84.8893,50.66646],[84.96203,50.83111]]}},{"type":"Feature","properties":{"kind":"mountain_hachure"},"geometry":{"type":"LineString","coordinates":[[85.1893,50.66646],[85.26203,50.83111]]}},{"type":"Feature","properties":{"kind":"mountain_hachure"},"geometry":{"type":"LineString","coordinates":[[85.4893,50.66646],[85.56203,50.83111]]}},{"type":"Feature","properties":{"kind":"mountain_hachure"},"geometry":{"type":"LineString","coordinates":[[85.7893,50.66646],[85.86203,50.83111]]}},{"type":"Feature","properties":{"kind":"mountain_hachure"},"geometry":{"type":"LineString","coordinates":[[86.0893,50.66646],[86.16203,50.83111]]}},{"type":"Feature","properties":{"kind":"mountain_hachure"},"geometry":{"type":"LineString","coordinates":[[86.3893,50.66646],[86.46203,50.83111]]}},{"type":"Feature","properties":{"kind":"mountain_hachure"},"geometry":{"type":"LineString","coordinates":[[86.6893,50.66646],[86.76203,50.83111]]}},{"type":"Feature","properties":{"kind":"mountain_hachure"},"geometry":{"type":"LineString","coordinates":[[86.9893,50.66646],[87.06203,50.83111]]}},{"type":"Feature","properties":{"kind":"mountain_hachure"},"geometry":{"type":"LineString","coordinates":[[87.2893,50.66646],[87.36203,50.83111]]}},{"type":"Feature","properties":{"kind":"mountain_hachure"},"geometry":{"type":"LineString","coordinates":[[87.5893,50.66646],[87.66203,50.83111]]}},{"type":"Feature","properties":{"kind":"mountain_hachure"},"geometry":{"type":"LineString","coordinates":[[87.8893,50.66646],[87.96203,50.83111]]}},{"type":"Feature","properties":{"kind":"mountain_hachure"},"geometry":{"type":"LineString","coordinates":[[88.1893,50.66646],[88.26203,50.83111]]}},{"type":"Feature","properties":{"kind":"mountain_hachure"},"geometry":{"type":"LineString","coordinates":[[82.1893,50.96646],[82.26203,51.13111]]}},{"type":"Feature","properties":{"kind":"mountain_hachure"},"geometry":{"type":"LineString","coordinates":[[82.4893,50.96646],[82.56203,51.13111]]}},{"type":"Feature","properties":{"kind":"mountain_hachure"},"geometry":{"type":"LineString","coordinates":[[82.7893,50.96646],[82.86203,51.13111]]}},{"type":"Feature","properties":{"kind":"mountain_hachure"},"geometry":{"type":"LineString","coordinates":[[83.0893,50.96646],[83.16203,51.13111]]}},{"type":"Feature","properties":{"kind":"mountain_hachure"},"geometry":{"type":"LineString","coordinates":[[83.3893,50.96646],[83.46203,51.13111]]}},{"type":"Feature","properties":{"kind":"mountain_hachure"},"geometry":{"type":"LineString","coordinates":[[83.6893,50.96646],[83.76203,51.13111]]}},{"type":"Feature","properties":{"kind":"mountain_hachure"},"geometry":{"type":"LineString","coordinates":[[83.9893,50.96646],[84.06203,51.13111]]}},{"type":"Feature","properties":{"kind":"mountain_hachure"},"geometry":{"type":"LineString","coordinates":[[84.2893,50.96646],[84.36203,51.13111]]}},{"type":"Feature","properties":{"kind":"mountain_hachure"},"geometry":{"type":"LineString","coordinates":[[84.5893,50.96646],[84.66203,51.13111]]}},{"type":"Feature","properties":{"kind":"mountain_hachure"},"geometry":{"type":"LineString","coordinates":[[84.8893,50.96646],[84.96203,51.13111]]}},{"type":"Feature","properties":{"kind":"mountain_hachure"},"geometry":{"type":"LineString","coordinates":[[85.1893,50.96646],[85.26203,51.13111]]}},{"type":"Feature","properties":{"kind":"mountain_hachure"},"geometry":{"type":"LineString","coordinates":[[85.4893,50.96646],[85.56203,51.13111]]}},{"type":"Feature","properties":{"kind":"mountain_hachure"},"geometry":{"type":"LineString","coordinates":[[85.7893,50.96646],[85.86203,51.13111]]}},{"type":"Feature","properties":{"kind":"mountain_hachure"},"geometry":{"type":"LineString","coordinates":[[86.0893,50.96646],[86.16203,51.13111]]}},{"type":"Feature","properties":{"kind":"mountain_hachure"},"geometry":{"type":"LineString","coordinates":[[86.3893,50.96646],[86.46203,51.13111]]}},{"type":"Feature","properties":{"kind":"mountain_hachure"},"geometry":{"type":"LineString","coordinates":[[86.6893,50.96646],[86.76203,51.13111]]}},{"type":"Feature","properties":{"kind":"mountain_hachure"},"geometry":{"type":"LineString","coordinates":[[86.9893,50.96646],[87.06203,51.13111]]}},{"type":"Feature","properties":{"kind":"mountain_hachure"},"geometry":{"type":"LineString","coordinates":[[87.2893,50.96646],[87.36203,51.13111]]}},{"type":"Feature","properties":{"kind":"mountain_hachure"},"geometry":{"type":"LineString","coordinates":[[87.5893,50.96646],[87.66203,51.13111]]}},{"type":"Feature","properties":{"kind":"mountain_hachure"},"geometry":{"type":"LineString","coordinates":[[87.8893,50.96646],[87.96203,51.13111]]}},{"type":"Feature","properties":{"kind":"mountain_hachure"},"geometry":{"type":"LineString","coordinates":[[88.1893,50.96646],[88.26203,51.13111]]}},{"type":"Feature","properties":{"kind":"mountain_hachure"},"geometry":{"type":"LineString","coordinates":[[82.1893,51.26646],[82.26203,51.43111]]}},{"type":"Feature","properties":{"kind":"mountain_hachure"},"geometry":{"type":"LineString","coordinates":[[82.4893,51.26646],[82.56203,51.43111]]}},{"type":"Feature","properties":{"kind":"mountain_hachure"},"geometry":{"type":"LineString","coordinates":[[82.7893,51.26646],[82.86203,51.43111]]}},{"type":"Feature","properties":{"kind":"mountain_hachure"},"geometry":{"type":"LineString","coordinates":[[83.0893,51.26646],[83.16203,51.43111]]}},{"type":"Feature","properties":{"kind":"mountain_hachure"},"geometry":{"type":"LineString","coordinates":[[83.3893,51.26646],[83.46203,51.43111]]}},{"type":"Feature","properties":{"kind":"mountain_hachure"},"geometry":{"type":"LineString","coordinates":[[83.6893,51.26646],[83.76203,51.43111]]}},{"type":"Feature","properties":{"kind":"mountain_hachure"},"geometry":{"type":"LineString","coordinates":[[83.9893,51.26646],[84.06203,51.43111]]}},{"type":"Feature","properties":{"kind":"mountain_hachure"},"geometry":{"type":"LineString","coordinates":[[84.2893,51.26646],[84.36203,51.43111]]}},{"type":"Feature","properties":{"kind":"mountain_hachure"},"geometry":{"type":"LineString","coordinates":[[84.5893,51.26646],[84.66203,51.43111]]}},{"type":"Feature","properties":{"kind":"mountain_hachure"},"geometry":{"type":"LineString","coordinates":[[84.8893,51.26646],[84.96203,51.43111]]}},{"type":"Feature","properties":{"kind":"mountain_hachure"},"geometry":{"type":"LineString","coordinates":[[85.1893,51.26646],[85.26203,51.43111]]}},{"type":"Feature","properties":{"kind":"mountain_hachure"},"geometry":{"type":"LineString","coordinates":[[85.4893,51.26646],[85.56203,51.43111]]}},{"type":"Feature","properties":{"kind":"mountain_hachure"},"geometry":{"type":"LineString","coordinates":[[85.7893,51.26646],[85.86203,51.43111]]}},{"type":"Feature","properties":{"kind":"mountain_hachure"},"geometry":{"type":"LineString","coordinates":[[86.0893,51.26646],[86.16203,51.43111]]}},{"type":"Feature","properties":{"kind":"mountain_hachure"},"geometry":{"type":"LineString","coordinates":[[86.3893,51.26646],[86.46203,51.43111]]}},{"type":"Feature","properties":{"kind":"mountain_hachure"},"geometry":{"type":"LineString","coordinates":[[86.6893,51.26646],[86.76203,51.43111]]}},{"type":"Feature","properties":{"kind":"mountain_hachure"},"geometry":{"type":"LineString","coordinates":[[86.9893,51.26646],[87.06203,51.43111]]}},{"type":"Feature","properties":{"kind":"mountain_hachure"},"geometry":{"type":"LineString","coordinates":[[87.2893,51.26646],[87.36203,51.43111]]}},{"type":"Feature","properties":{"kind":"mountain_hachure"},"geometry":{"type":"LineString","coordinates":[[87.5893,51.26646],[87.66203,51.43111]]}},{"type":"Feature","properties":{"kind":"mountain_hachure"},"geometry":{"type":"LineString","coordinates":[[87.8893,51.26646],[87.96203,51.43111]]}},{"type":"Feature","properties":{"kind":"mountain_hachure"},"geometry":{"type":"LineString","coordinates":[[82.4893,51.56646],[82.56203,51.73111]]}},{"type":"Feature","properties":{"kind":"mountain_hachure"},"geometry":{"type":"LineString","coordinates":[[82.7893,51.56646],[82.86203,51.73111]]}},{"type":"Feature","properties":{"kind":"mountain_hachure"},"geometry":{"type":"LineString","coordinates":[[83.0893,51.56646],[83.16203,51.73111]]}},{"type":"Feature","properties":{"kind":"mountain_hachure"},"geometry":{"type":"LineString","coordinates":[[83.3893,51.56646],[83.46203,51.73111]]}},{"type":"Feature","properties":{"kind":"mountain_hachure"},"geometry":{"type":"LineString","coordinates":[[83.6893,51.56646],[83.76203,51.73111]]}},{"type":"Feature","properties":{"kind":"mountain_hachure"},"geometry":{"type":"LineString","coordinates":[[83.9893,51.56646],[84.06203,51.73111]]}},{"type":"Feature","properties":{"kind":"mountain_hachure"},"geometry":{"type":"LineString","coordinates":[[84.2893,51.56646],[84.36203,51.73111]]}},{"type":"Feature","properties":{"kind":"mountain_hachure"},"geometry":{"type":"LineString","coordinates":[[84.5893,51.56646],[84.66203,51.73111]]}},{"type":"Feature","properties":{"kind":"mountain_hachure"},"geometry":{"type":"LineString","coordinates":[[84.8893,51.56646],[84.96203,51.73111]]}},{"type":"Feature","properties":{"kind":"mountain_hachure"},"geometry":{"type":"LineString","coordinates":[[85.1893,51.56646],[85.26203,51.73111]]}},{"type":"Feature","properties":{"kind":"mountain_hachure"},"geometry":{"type":"LineString","coordinates":[[85.4893,51.56646],[85.56203,51.73111]]}},{"type":"Feature","properties":{"kind":"mountain_hachure"},"geometry":{"type":"LineString","coordinates":[[85.7893,51.56646],[85.86203,51.73111]]}},{"type":"Feature","properties":{"kind":"mountain_hachure"},"geometry":{"type":"LineString","coordinates":[[86.0893,51.56646],[86.16203,51.73111]]}},{"type":"Feature","properties":{"kind":"mountain_hachure"},"geometry":{"type":"LineString","coordinates":[[86.3893,51.56646],[86.46203,51.73111]]}},{"type":"Feature","properties":{"kind":"mountain_hachure"},"geometry":{"type":"LineString","coordinates":[[86.6893,51.56646],[86.76203,51.73111]]}},{"type":"Feature","properties":{"kind":"mountain_hachure"},"geometry":{"type":"LineString","coordinates":[[86.9893,51.56646],[87.06203,51.73111]]}},{"type":"Feature","properties":{"kind":"mountain_hachure"},"geometry":{"type":"LineString","coordinates":[[87.2893,51.56646],[87.36203,51.73111]]}},{"type":"Feature","properties":{"kind":"mountain_hachure"},"geometry":{"type":"LineString","coordinates":[[82.4893,51.86646],[82.56203,52.03111]]}},{"type":"Feature","properties":{"kind":"mountain_hachure"},"geometry":{"type":"LineString","coordinates":[[82.7893,51.86646],[82.86203,52.03111]]}},{"type":"Feature","properties":{"kind":"mountain_hachure"},"geometry":{"type":"LineString","coordinates":[[83.0893,51.86646],[83.16203,52.03111]]}},{"type":"Feature","properties":{"kind":"mountain_hachure"},"geometry":{"type":"LineString","coordinates":[[83.3893,51.86646],[83.46203,52.03111]]}},{"type":"Feature","properties":{"kind":"mountain_hachure"},"geometry":{"type":"LineString","coordinates":[[83.6893,51.86646],[83.76203,52.03111]]}},{"type":"Feature","properties":{"kind":"mountain_hachure"},"geometry":{"type":"LineString","coordinates":[[83.9893,51.86646],[84.06203,52.03111]]}},{"type":"Feature","properties":{"kind":"mountain_hachure"},"geometry":{"type":"LineString","coordinates":[[84.2893,51.86646],[84.36203,52.03111]]}},{"type":"Feature","properties":{"kind":"mountain_hachure"},"geometry":{"type":"LineString","coordinates":[[84.5893,51.86646],[84.66203,52.03111]]}},{"type":"Feature","properties":{"kind":"mountain_hachure"},"geometry":{"type":"LineString","coordinates":[[84.8893,51.86646],[84.96203,52.03111]]}},{"type":"Feature","properties":{"kind":"mountain_hachure"},"geometry":{"type":"LineString","coordinates":[[85.1893,51.86646],[85.26203,52.03111]]}},{"type":"Feature","properties":{"kind":"mountain_hachure"},"geometry":{"type":"LineString","coordinates":[[85.4893,51.86646],[85.56203,52.03111]]}},{"type":"Feature","properties":{"kind":"mountain_hachure"},"geometry":{"type":"LineString","coordinates":[[85.7893,51.86646],[85.86203,52.03111]]}},{"type":"Feature","properties":{"kind":"mountain_hachure"},"geometry":{"type":"LineString","coordinates":[[86.0893,51.86646],[86.16203,52.03111]]}},{"type":"Feature","properties":{"kind":"mountain_hachure"},"geometry":{"type":"LineString","coordinates":[[86.3893,51.86646],[86.46203,52.03111]]}},{"type":"Feature","properties":{"kind":"mountain_hachure"},"geometry":{"type":"LineString","coordinates":[[86.6893,51.86646],[86.76203,52.03111]]}},{"type":"Feature","properties":{"kind":"mountain_hachure"},"geometry":{"type":"LineString","coordinates":[[83.0893,52.16646],[83.16203,52.33111]]}},{"type":"Feature","properties":{"kind":"mountain_hachure"},"geometry":{"type":"LineString","coordinates":[[83.3893,52.16646],[83.46203,52.33111]]}},{"type":"Feature","properties":{"kind":"mountain_hachure"},"geometry":{"type":"LineString","coordinates":[[83.6893,52.16646],[83.76203,52.33111]]}},{"type":"Feature","properties":{"kind":"mountain_axis","name":"阿尔泰山脉","source":"Natural Earth 10m"},"geometry":{"type":"LineString","coordinates":[[82.10428,51.50666],[100.39028,43.42939]]}},{"type":"Feature","properties":{"kind":"mountain_arrow"},"geometry":{"type":"LineString","coordinates":[[82.10428,51.50666],[81.75713,51.46322]]}},{"type":"Feature","properties":{"kind":"mountain_arrow"},"geometry":{"type":"LineString","coordinates":[[82.10428,51.50666],[81.90259,51.79253]]}},{"type":"Feature","properties":{"kind":"mountain_arrow"},"geometry":{"type":"LineString","coordinates":[[100.39028,43.42939],[100.59197,43.14352]]}},{"type":"Feature","properties":{"kind":"mountain_arrow"},"geometry":{"type":"LineString","coordinates":[[100.39028,43.42939],[100.73743,43.47283]]}},{"type":"Feature","properties":{"kind":"mountain_area","name":"阿尔泰山脉","source":"Natural Earth 10m"},"geometry":{"type":"Polygon","coordinates":[[[100.56691,44.10395],[100.32936,44.03876],[98.7743,43.98475],[98.26,44.064],[98.0431,44.09742],[97.9701,44.08271],[97.89845,44.05152],[97.8066,43.98175],[97.7682,43.95258],[97.46379,43.62125],[97.38185,43.53205],[97.14027,43.36347],[97.0088,43.30451],[96.87086,43.26545],[96.72694,43.24879],[96.57765,43.25672],[96.42359,43.29169],[96.26637,43.36774],[95.37761,44.08633],[95.13795,44.2801],[95.01051,44.33954],[94.87489,44.3689],[92.86268,44.41132],[91.92482,44.62885],[91.11512,44.67548],[90.65577,44.87971],[90.07496,45.42145],[89.76112,46.00233],[89.61512,46.39802],[89.33619,46.79688],[88.91822,47.22047],[88.40028,47.55775],[86.63014,48.09711],[84.33424,48.30488],[84.2284,48.4372],[83.92469,48.75031],[83.39149,49.78351],[83.30287,49.90253],[83.18458,50.01166],[82.99912,50.09394],[82.25453,50.42426],[82.10414,50.52045],[82.00148,50.6446],[81.94325,50.78895],[81.92567,50.94581],[81.94508,51.10743],[81.99806,51.26618],[82.08107,51.41425],[82.58717,52.06159],[82.67665,52.1244],[82.89027,52.21766],[83.33815,52.30488],[84.1262,52.24022],[85.72458,52.10908],[86.69996,52.02906],[87.25038,51.8426],[87.75441,51.56373],[88.29798,51.09687],[88.46266,50.86652],[88.49305,50.6914],[88.52149,50.5275],[88.57069,50.24396],[88.72022,50.1589],[89.65309,49.62818],[89.73243,49.44611],[89.77589,49.40156],[89.90187,49.32105],[90.04383,49.26887],[90.82008,49.14265],[90.95472,49.08649],[92.04945,48.10352],[92.23976,47.98011],[92.44703,47.891],[92.96241,47.77082],[94.91334,46.91205],[95.61232,46.8321],[97.04457,46.18165],[98.97755,45.68012],[99.89076,45.09132],[100.44068,44.85505],[100.53963,44.79309],[100.56349,44.77814],[100.66749,44.68439],[100.74635,44.56892],[100.75145,44.55373],[100.79054,44.43732],[100.78639,44.32612],[100.74244,44.23414],[100.66651,44.16047],[100.56691,44.10395]]]}},{"type":"Feature","properties":{"kind":"mountain_label","name":"阿尔泰山脉","source":"Natural Earth 10m"},"geometry":{"type":"Point","coordinates":[91.76651,47.23867]}},{"type":"Feature","properties":{"kind":"mountain_peaks","name":"阿尔泰山脉","source":"Natural Earth 10m"},"geometry":{"type":"MultiPoint","coordinates":[[86.59167,49.80833],[90.71667,48.68333],[91.46667,46.89167]]}},{"type":"Feature","properties":{"kind":"mountain_hachure"},"geometry":{"type":"LineString","coordinates":[[117.60149,43.50119],[117.76416,43.42414]]}},{"type":"Feature","properties":{"kind":"mountain_hachure"},"geometry":{"type":"LineString","coordinates":[[117.90149,43.50119],[118.06416,43.42414]]}},{"type":"Feature","properties":{"kind":"mountain_hachure"},"geometry":{"type":"LineString","coordinates":[[118.20149,43.50119],[118.36416,43.42414]]}},{"type":"Feature","properties":{"kind":"mountain_hachure"},"geometry":{"type":"LineString","coordinates":[[118.50149,43.50119],[118.66416,43.42414]]}},{"type":"Feature","properties":{"kind":"mountain_hachure"},"geometry":{"type":"LineString","coordinates":[[118.80149,43.50119],[118.96416,43.42414]]}},{"type":"Feature","properties":{"kind":"mountain_hachure"},"geometry":{"type":"LineString","coordinates":[[119.10149,43.50119],[119.26416,43.42414]]}},{"type":"Feature","properties":{"kind":"mountain_hachure"},"geometry":{"type":"LineString","coordinates":[[117.60149,43.80119],[117.76416,43.72414]]}},{"type":"Feature","properties":{"kind":"mountain_hachure"},"geometry":{"type":"LineString","coordinates":[[117.90149,43.80119],[118.06416,43.72414]]}},{"type":"Feature","properties":{"kind":"mountain_hachure"},"geometry":{"type":"LineString","coordinates":[[118.20149,43.80119],[118.36416,43.72414]]}},{"type":"Feature","properties":{"kind":"mountain_hachure"},"geometry":{"type":"LineString","coordinates":[[118.50149,43.80119],[118.66416,43.72414]]}},{"type":"Feature","properties":{"kind":"mountain_hachure"},"geometry":{"type":"LineString","coordinates":[[118.80149,43.80119],[118.96416,43.72414]]}},{"type":"Feature","properties":{"kind":"mountain_hachure"},"geometry":{"type":"LineString","coordinates":[[119.10149,43.80119],[119.26416,43.72414]]}},{"type":"Feature","properties":{"kind":"mountain_hachure"},"geometry":{"type":"LineString","coordinates":[[119.40149,43.80119],[119.56416,43.72414]]}},{"type":"Feature","properties":{"kind":"mountain_hachure"},"geometry":{"type":"LineString","coordinates":[[119.70149,43.80119],[119.86416,43.72414]]}},{"type":"Feature","properties":{"kind":"mountain_hachure"},"geometry":{"type":"LineString","coordinates":[[117.60149,44.10119],[117.76416,44.02414]]}},{"type":"Feature","properties":{"kind":"mountain_hachure"},"geometry":{"type":"LineString","coordinates":[[117.90149,44.10119],[118.06416,44.02414]]}},{"type":"Feature","properties":{"kind":"mountain_hachure"},"geometry":{"type":"LineString","coordinates":[[118.20149,44.10119],[118.36416,44.02414]]}},{"type":"Feature","properties":{"kind":"mountain_hachure"},"geometry":{"type":"LineString","coordinates":[[118.50149,44.10119],[118.66416,44.02414]]}},{"type":"Feature","properties":{"kind":"mountain_hachure"},"geometry":{"type":"LineString","coordinates":[[118.80149,44.10119],[118.96416,44.02414]]}},{"type":"Feature","properties":{"kind":"mountain_hachure"},"geometry":{"type":"LineString","coordinates":[[119.10149,44.10119],[119.26416,44.02414]]}},{"type":"Feature","properties":{"kind":"mountain_hachure"},"geometry":{"type":"LineString","coordinates":[[119.40149,44.10119],[119.56416,44.02414]]}},{"type":"Feature","properties":{"kind":"mountain_hachure"},"geometry":{"type":"LineString","coordinates":[[119.70149,44.10119],[119.86416,44.02414]]}},{"type":"Feature","properties":{"kind":"mountain_hachure"},"geometry":{"type":"LineString","coordinates":[[120.00149,44.10119],[120.16416,44.02414]]}},{"type":"Feature","properties":{"kind":"mountain_hachure"},"geometry":{"type":"LineString","coordinates":[[120.30149,44.10119],[120.46416,44.02414]]}},{"type":"Feature","properties":{"kind":"mountain_hachure"},"geometry":{"type":"LineString","coordinates":[[117.60149,44.40119],[117.76416,44.32414]]}},{"type":"Feature","properties":{"kind":"mountain_hachure"},"geometry":{"type":"LineString","coordinates":[[117.90149,44.40119],[118.06416,44.32414]]}},{"type":"Feature","properties":{"kind":"mountain_hachure"},"geometry":{"type":"LineString","coordinates":[[118.20149,44.40119],[118.36416,44.32414]]}},{"type":"Feature","properties":{"kind":"mountain_hachure"},"geometry":{"type":"LineString","coordinates":[[118.50149,44.40119],[118.66416,44.32414]]}},{"type":"Feature","properties":{"kind":"mountain_hachure"},"geometry":{"type":"LineString","coordinates":[[118.80149,44.40119],[118.96416,44.32414]]}},{"type":"Feature","properties":{"kind":"mountain_hachure"},"geometry":{"type":"LineString","coordinates":[[119.10149,44.40119],[119.26416,44.32414]]}},{"type":"Feature","properties":{"kind":"mountain_hachure"},"geometry":{"type":"LineString","coordinates":[[119.40149,44.40119],[119.56416,44.32414]]}},{"type":"Feature","properties":{"kind":"mountain_hachure"},"geometry":{"type":"LineString","coordinates":[[119.70149,44.40119],[119.86416,44.32414]]}},{"type":"Feature","properties":{"kind":"mountain_hachure"},"geometry":{"type":"LineString","coordinates":[[120.00149,44.40119],[120.16416,44.32414]]}},{"type":"Feature","properties":{"kind":"mountain_hachure"},"geometry":{"type":"LineString","coordinates":[[120.30149,44.40119],[120.46416,44.32414]]}},{"type":"Feature","properties":{"kind":"mountain_hachure"},"geometry":{"type":"LineString","coordinates":[[120.60149,44.40119],[120.76416,44.32414]]}},{"type":"Feature","properties":{"kind":"mountain_hachure"},"geometry":{"type":"LineString","coordinates":[[120.90149,44.40119],[121.06416,44.32414]]}},{"type":"Feature","properties":{"kind":"mountain_hachure"},"geometry":{"type":"LineString","coordinates":[[117.60149,44.70119],[117.76416,44.62414]]}},{"type":"Feature","properties":{"kind":"mountain_hachure"},"geometry":{"type":"LineString","coordinates":[[117.90149,44.70119],[118.06416,44.62414]]}},{"type":"Feature","properties":{"kind":"mountain_hachure"},"geometry":{"type":"LineString","coordinates":[[118.20149,44.70119],[118.36416,44.62414]]}},{"type":"Feature","properties":{"kind":"mountain_hachure"},"geometry":{"type":"LineString","coordinates":[[118.50149,44.70119],[118.66416,44.62414]]}},{"type":"Feature","properties":{"kind":"mountain_hachure"},"geometry":{"type":"LineString","coordinates":[[118.80149,44.70119],[118.96416,44.62414]]}},{"type":"Feature","properties":{"kind":"mountain_hachure"},"geometry":{"type":"LineString","coordinates":[[119.10149,44.70119],[119.26416,44.62414]]}},{"type":"Feature","properties":{"kind":"mountain_hachure"},"geometry":{"type":"LineString","coordinates":[[119.40149,44.70119],[119.56416,44.62414]]}},{"type":"Feature","properties":{"kind":"mountain_hachure"},"geometry":{"type":"LineString","coordinates":[[119.70149,44.70119],[119.86416,44.62414]]}},{"type":"Feature","properties":{"kind":"mountain_hachure"},"geometry":{"type":"LineString","coordinates":[[120.00149,44.70119],[120.16416,44.62414]]}},{"type":"Feature","properties":{"kind":"mountain_hachure"},"geometry":{"type":"LineString","coordinates":[[120.30149,44.70119],[120.46416,44.62414]]}},{"type":"Feature","properties":{"kind":"mountain_hachure"},"geometry":{"type":"LineString","coordinates":[[120.60149,44.70119],[120.76416,44.62414]]}},{"type":"Feature","properties":{"kind":"mountain_hachure"},"geometry":{"type":"LineString","coordinates":[[120.90149,44.70119],[121.06416,44.62414]]}},{"type":"Feature","properties":{"kind":"mountain_hachure"},"geometry":{"type":"LineString","coordinates":[[121.20149,44.70119],[121.36416,44.62414]]}},{"type":"Feature","properties":{"kind":"mountain_hachure"},"geometry":{"type":"LineString","coordinates":[[117.90149,45.00119],[118.06416,44.92414]]}},{"type":"Feature","properties":{"kind":"mountain_hachure"},"geometry":{"type":"LineString","coordinates":[[118.20149,45.00119],[118.36416,44.92414]]}},{"type":"Feature","properties":{"kind":"mountain_hachure"},"geometry":{"type":"LineString","coordinates":[[118.50149,45.00119],[118.66416,44.92414]]}},{"type":"Feature","properties":{"kind":"mountain_hachure"},"geometry":{"type":"LineString","coordinates":[[118.80149,45.00119],[118.96416,44.92414]]}},{"type":"Feature","properties":{"kind":"mountain_hachure"},"geometry":{"type":"LineString","coordinates":[[119.10149,45.00119],[119.26416,44.92414]]}},{"type":"Feature","properties":{"kind":"mountain_hachure"},"geometry":{"type":"LineString","coordinates":[[119.40149,45.00119],[119.56416,44.92414]]}},{"type":"Feature","properties":{"kind":"mountain_hachure"},"geometry":{"type":"LineString","coordinates":[[119.70149,45.00119],[119.86416,44.92414]]}},{"type":"Feature","properties":{"kind":"mountain_hachure"},"geometry":{"type":"LineString","coordinates":[[120.00149,45.00119],[120.16416,44.92414]]}},{"type":"Feature","properties":{"kind":"mountain_hachure"},"geometry":{"type":"LineString","coordinates":[[120.30149,45.00119],[120.46416,44.92414]]}},{"type":"Feature","properties":{"kind":"mountain_hachure"},"geometry":{"type":"LineString","coordinates":[[120.60149,45.00119],[120.76416,44.92414]]}},{"type":"Feature","properties":{"kind":"mountain_hachure"},"geometry":{"type":"LineString","coordinates":[[120.90149,45.00119],[121.06416,44.92414]]}},{"type":"Feature","properties":{"kind":"mountain_hachure"},"geometry":{"type":"LineString","coordinates":[[121.20149,45.00119],[121.36416,44.92414]]}},{"type":"Feature","properties":{"kind":"mountain_hachure"},"geometry":{"type":"LineString","coordinates":[[121.50149,45.00119],[121.66416,44.92414]]}},{"type":"Feature","properties":{"kind":"mountain_hachure"},"geometry":{"type":"LineString","coordinates":[[121.80149,45.00119],[121.96416,44.92414]]}},{"type":"Feature","properties":{"kind":"mountain_hachure"},"geometry":{"type":"LineString","coordinates":[[117.90149,45.30119],[118.06416,45.22414]]}},{"type":"Feature","properties":{"kind":"mountain_hachure"},"geometry":{"type":"LineString","coordinates":[[118.20149,45.30119],[118.36416,45.22414]]}},{"type":"Feature","properties":{"kind":"mountain_hachure"},"geometry":{"type":"LineString","coordinates":[[118.50149,45.30119],[118.66416,45.22414]]}},{"type":"Feature","properties":{"kind":"mountain_hachure"},"geometry":{"type":"LineString","coordinates":[[118.80149,45.30119],[118.96416,45.22414]]}},{"type":"Feature","properties":{"kind":"mountain_hachure"},"geometry":{"type":"LineString","coordinates":[[119.10149,45.30119],[119.26416,45.22414]]}},{"type":"Feature","properties":{"kind":"mountain_hachure"},"geometry":{"type":"LineString","coordinates":[[119.40149,45.30119],[119.56416,45.22414]]}},{"type":"Feature","properties":{"kind":"mountain_hachure"},"geometry":{"type":"LineString","coordinates":[[119.70149,45.30119],[119.86416,45.22414]]}},{"type":"Feature","properties":{"kind":"mountain_hachure"},"geometry":{"type":"LineString","coordinates":[[120.00149,45.30119],[120.16416,45.22414]]}},{"type":"Feature","properties":{"kind":"mountain_hachure"},"geometry":{"type":"LineString","coordinates":[[120.30149,45.30119],[120.46416,45.22414]]}},{"type":"Feature","properties":{"kind":"mountain_hachure"},"geometry":{"type":"LineString","coordinates":[[120.60149,45.30119],[120.76416,45.22414]]}},{"type":"Feature","properties":{"kind":"mountain_hachure"},"geometry":{"type":"LineString","coordinates":[[120.90149,45.30119],[121.06416,45.22414]]}},{"type":"Feature","properties":{"kind":"mountain_hachure"},"geometry":{"type":"LineString","coordinates":[[121.20149,45.30119],[121.36416,45.22414]]}},{"type":"Feature","properties":{"kind":"mountain_hachure"},"geometry":{"type":"LineString","coordinates":[[121.50149,45.30119],[121.66416,45.22414]]}},{"type":"Feature","properties":{"kind":"mountain_hachure"},"geometry":{"type":"LineString","coordinates":[[121.80149,45.30119],[121.96416,45.22414]]}},{"type":"Feature","properties":{"kind":"mountain_hachure"},"geometry":{"type":"LineString","coordinates":[[122.10149,45.30119],[122.26416,45.22414]]}},{"type":"Feature","properties":{"kind":"mountain_hachure"},"geometry":{"type":"LineString","coordinates":[[117.90149,45.60119],[118.06416,45.52414]]}},{"type":"Feature","properties":{"kind":"mountain_hachure"},"geometry":{"type":"LineString","coordinates":[[118.20149,45.60119],[118.36416,45.52414]]}},{"type":"Feature","properties":{"kind":"mountain_hachure"},"geometry":{"type":"LineString","coordinates":[[118.50149,45.60119],[118.66416,45.52414]]}},{"type":"Feature","properties":{"kind":"mountain_hachure"},"geometry":{"type":"LineString","coordinates":[[118.80149,45.60119],[118.96416,45.52414]]}},{"type":"Feature","properties":{"kind":"mountain_hachure"},"geometry":{"type":"LineString","coordinates":[[119.10149,45.60119],[119.26416,45.52414]]}},{"type":"Feature","properties":{"kind":"mountain_hachure"},"geometry":{"type":"LineString","coordinates":[[119.40149,45.60119],[119.56416,45.52414]]}},{"type":"Feature","properties":{"kind":"mountain_hachure"},"geometry":{"type":"LineString","coordinates":[[119.70149,45.60119],[119.86416,45.52414]]}},{"type":"Feature","properties":{"kind":"mountain_hachure"},"geometry":{"type":"LineString","coordinates":[[120.00149,45.60119],[120.16416,45.52414]]}},{"type":"Feature","properties":{"kind":"mountain_hachure"},"geometry":{"type":"LineString","coordinates":[[120.30149,45.60119],[120.46416,45.52414]]}},{"type":"Feature","properties":{"kind":"mountain_hachure"},"geometry":{"type":"LineString","coordinates":[[120.60149,45.60119],[120.76416,45.52414]]}},{"type":"Feature","properties":{"kind":"mountain_hachure"},"geometry":{"type":"LineString","coordinates":[[120.90149,45.60119],[121.06416,45.52414]]}},{"type":"Feature","properties":{"kind":"mountain_hachure"},"geometry":{"type":"LineString","coordinates":[[121.20149,45.60119],[121.36416,45.52414]]}},{"type":"Feature","properties":{"kind":"mountain_hachure"},"geometry":{"type":"LineString","coordinates":[[121.50149,45.60119],[121.66416,45.52414]]}},{"type":"Feature","properties":{"kind":"mountain_hachure"},"geometry":{"type":"LineString","coordinates":[[121.80149,45.60119],[121.96416,45.52414]]}},{"type":"Feature","properties":{"kind":"mountain_hachure"},"geometry":{"type":"LineString","coordinates":[[122.10149,45.60119],[122.26416,45.52414]]}},{"type":"Feature","properties":{"kind":"mountain_hachure"},"geometry":{"type":"LineString","coordinates":[[117.90149,45.90119],[118.06416,45.82414]]}},{"type":"Feature","properties":{"kind":"mountain_hachure"},"geometry":{"type":"LineString","coordinates":[[118.20149,45.90119],[118.36416,45.82414]]}},{"type":"Feature","properties":{"kind":"mountain_hachure"},"geometry":{"type":"LineString","coordinates":[[118.50149,45.90119],[118.66416,45.82414]]}},{"type":"Feature","properties":{"kind":"mountain_hachure"},"geometry":{"type":"LineString","coordinates":[[118.80149,45.90119],[118.96416,45.82414]]}},{"type":"Feature","properties":{"kind":"mountain_hachure"},"geometry":{"type":"LineString","coordinates":[[119.10149,45.90119],[119.26416,45.82414]]}},{"type":"Feature","properties":{"kind":"mountain_hachure"},"geometry":{"type":"LineString","coordinates":[[119.40149,45.90119],[119.56416,45.82414]]}},{"type":"Feature","properties":{"kind":"mountain_hachure"},"geometry":{"type":"LineString","coordinates":[[119.70149,45.90119],[119.86416,45.82414]]}},{"type":"Feature","properties":{"kind":"mountain_hachure"},"geometry":{"type":"LineString","coordinates":[[120.00149,45.90119],[120.16416,45.82414]]}},{"type":"Feature","properties":{"kind":"mountain_hachure"},"geometry":{"type":"LineString","coordinates":[[120.30149,45.90119],[120.46416,45.82414]]}},{"type":"Feature","properties":{"kind":"mountain_hachure"},"geometry":{"type":"LineString","coordinates":[[120.60149,45.90119],[120.76416,45.82414]]}},{"type":"Feature","properties":{"kind":"mountain_hachure"},"geometry":{"type":"LineString","coordinates":[[120.90149,45.90119],[121.06416,45.82414]]}},{"type":"Feature","properties":{"kind":"mountain_hachure"},"geometry":{"type":"LineString","coordinates":[[121.20149,45.90119],[121.36416,45.82414]]}},{"type":"Feature","properties":{"kind":"mountain_hachure"},"geometry":{"type":"LineString","coordinates":[[121.50149,45.90119],[121.66416,45.82414]]}},{"type":"Feature","properties":{"kind":"mountain_hachure"},"geometry":{"type":"LineString","coordinates":[[121.80149,45.90119],[121.96416,45.82414]]}},{"type":"Feature","properties":{"kind":"mountain_hachure"},"geometry":{"type":"LineString","coordinates":[[122.10149,45.90119],[122.26416,45.82414]]}},{"type":"Feature","properties":{"kind":"mountain_hachure"},"geometry":{"type":"LineString","coordinates":[[122.40149,45.90119],[122.56416,45.82414]]}},{"type":"Feature","properties":{"kind":"mountain_hachure"},"geometry":{"type":"LineString","coordinates":[[117.90149,46.20119],[118.06416,46.12414]]}},{"type":"Feature","properties":{"kind":"mountain_hachure"},"geometry":{"type":"LineString","coordinates":[[118.20149,46.20119],[118.36416,46.12414]]}},{"type":"Feature","properties":{"kind":"mountain_hachure"},"geometry":{"type":"LineString","coordinates":[[118.50149,46.20119],[118.66416,46.12414]]}},{"type":"Feature","properties":{"kind":"mountain_hachure"},"geometry":{"type":"LineString","coordinates":[[118.80149,46.20119],[118.96416,46.12414]]}},{"type":"Feature","properties":{"kind":"mountain_hachure"},"geometry":{"type":"LineString","coordinates":[[119.10149,46.20119],[119.26416,46.12414]]}},{"type":"Feature","properties":{"kind":"mountain_hachure"},"geometry":{"type":"LineString","coordinates":[[119.40149,46.20119],[119.56416,46.12414]]}},{"type":"Feature","properties":{"kind":"mountain_hachure"},"geometry":{"type":"LineString","coordinates":[[119.70149,46.20119],[119.86416,46.12414]]}},{"type":"Feature","properties":{"kind":"mountain_hachure"},"geometry":{"type":"LineString","coordinates":[[120.00149,46.20119],[120.16416,46.12414]]}},{"type":"Feature","properties":{"kind":"mountain_hachure"},"geometry":{"type":"LineString","coordinates":[[120.30149,46.20119],[120.46416,46.12414]]}},{"type":"Feature","properties":{"kind":"mountain_hachure"},"geometry":{"type":"LineString","coordinates":[[120.60149,46.20119],[120.76416,46.12414]]}},{"type":"Feature","properties":{"kind":"mountain_hachure"},"geometry":{"type":"LineString","coordinates":[[120.90149,46.20119],[121.06416,46.12414]]}},{"type":"Feature","properties":{"kind":"mountain_hachure"},"geometry":{"type":"LineString","coordinates":[[121.20149,46.20119],[121.36416,46.12414]]}},{"type":"Feature","properties":{"kind":"mountain_hachure"},"geometry":{"type":"LineString","coordinates":[[121.50149,46.20119],[121.66416,46.12414]]}},{"type":"Feature","properties":{"kind":"mountain_hachure"},"geometry":{"type":"LineString","coordinates":[[121.80149,46.20119],[121.96416,46.12414]]}},{"type":"Feature","properties":{"kind":"mountain_hachure"},"geometry":{"type":"LineString","coordinates":[[122.10149,46.20119],[122.26416,46.12414]]}},{"type":"Feature","properties":{"kind":"mountain_hachure"},"geometry":{"type":"LineString","coordinates":[[122.40149,46.20119],[122.56416,46.12414]]}},{"type":"Feature","properties":{"kind":"mountain_hachure"},"geometry":{"type":"LineString","coordinates":[[122.70149,46.20119],[122.86416,46.12414]]}},{"type":"Feature","properties":{"kind":"mountain_hachure"},"geometry":{"type":"LineString","coordinates":[[118.20149,46.50119],[118.36416,46.42414]]}},{"type":"Feature","properties":{"kind":"mountain_hachure"},"geometry":{"type":"LineString","coordinates":[[118.50149,46.50119],[118.66416,46.42414]]}},{"type":"Feature","properties":{"kind":"mountain_hachure"},"geometry":{"type":"LineString","coordinates":[[118.80149,46.50119],[118.96416,46.42414]]}},{"type":"Feature","properties":{"kind":"mountain_hachure"},"geometry":{"type":"LineString","coordinates":[[119.10149,46.50119],[119.26416,46.42414]]}},{"type":"Feature","properties":{"kind":"mountain_hachure"},"geometry":{"type":"LineString","coordinates":[[119.40149,46.50119],[119.56416,46.42414]]}},{"type":"Feature","properties":{"kind":"mountain_hachure"},"geometry":{"type":"LineString","coordinates":[[119.70149,46.50119],[119.86416,46.42414]]}},{"type":"Feature","properties":{"kind":"mountain_hachure"},"geometry":{"type":"LineString","coordinates":[[120.00149,46.50119],[120.16416,46.42414]]}},{"type":"Feature","properties":{"kind":"mountain_hachure"},"geometry":{"type":"LineString","coordinates":[[120.30149,46.50119],[120.46416,46.42414]]}},{"type":"Feature","properties":{"kind":"mountain_hachure"},"geometry":{"type":"LineString","coordinates":[[120.60149,46.50119],[120.76416,46.42414]]}},{"type":"Feature","properties":{"kind":"mountain_hachure"},"geometry":{"type":"LineString","coordinates":[[120.90149,46.50119],[121.06416,46.42414]]}},{"type":"Feature","properties":{"kind":"mountain_hachure"},"geometry":{"type":"LineString","coordinates":[[121.20149,46.50119],[121.36416,46.42414]]}},{"type":"Feature","properties":{"kind":"mountain_hachure"},"geometry":{"type":"LineString","coordinates":[[121.50149,46.50119],[121.66416,46.42414]]}},{"type":"Feature","properties":{"kind":"mountain_hachure"},"geometry":{"type":"LineString","coordinates":[[121.80149,46.50119],[121.96416,46.42414]]}},{"type":"Feature","properties":{"kind":"mountain_hachure"},"geometry":{"type":"LineString","coordinates":[[122.10149,46.50119],[122.26416,46.42414]]}},{"type":"Feature","properties":{"kind":"mountain_hachure"},"geometry":{"type":"LineString","coordinates":[[122.40149,46.50119],[122.56416,46.42414]]}},{"type":"Feature","properties":{"kind":"mountain_hachure"},"geometry":{"type":"LineString","coordinates":[[122.70149,46.50119],[122.86416,46.42414]]}},{"type":"Feature","properties":{"kind":"mountain_hachure"},"geometry":{"type":"LineString","coordinates":[[123.00149,46.50119],[123.16416,46.42414]]}},{"type":"Feature","properties":{"kind":"mountain_hachure"},"geometry":{"type":"LineString","coordinates":[[118.20149,46.80119],[118.36416,46.72414]]}},{"type":"Feature","properties":{"kind":"mountain_hachure"},"geometry":{"type":"LineString","coordinates":[[118.50149,46.80119],[118.66416,46.72414]]}},{"type":"Feature","properties":{"kind":"mountain_hachure"},"geometry":{"type":"LineString","coordinates":[[118.80149,46.80119],[118.96416,46.72414]]}},{"type":"Feature","properties":{"kind":"mountain_hachure"},"geometry":{"type":"LineString","coordinates":[[119.10149,46.80119],[119.26416,46.72414]]}},{"type":"Feature","properties":{"kind":"mountain_hachure"},"geometry":{"type":"LineString","coordinates":[[119.40149,46.80119],[119.56416,46.72414]]}},{"type":"Feature","properties":{"kind":"mountain_hachure"},"geometry":{"type":"LineString","coordinates":[[119.70149,46.80119],[119.86416,46.72414]]}},{"type":"Feature","properties":{"kind":"mountain_hachure"},"geometry":{"type":"LineString","coordinates":[[120.00149,46.80119],[120.16416,46.72414]]}},{"type":"Feature","properties":{"kind":"mountain_hachure"},"geometry":{"type":"LineString","coordinates":[[120.30149,46.80119],[120.46416,46.72414]]}},{"type":"Feature","properties":{"kind":"mountain_hachure"},"geometry":{"type":"LineString","coordinates":[[120.60149,46.80119],[120.76416,46.72414]]}},{"type":"Feature","properties":{"kind":"mountain_hachure"},"geometry":{"type":"LineString","coordinates":[[120.90149,46.80119],[121.06416,46.72414]]}},{"type":"Feature","properties":{"kind":"mountain_hachure"},"geometry":{"type":"LineString","coordinates":[[121.20149,46.80119],[121.36416,46.72414]]}},{"type":"Feature","properties":{"kind":"mountain_hachure"},"geometry":{"type":"LineString","coordinates":[[121.50149,46.80119],[121.66416,46.72414]]}},{"type":"Feature","properties":{"kind":"mountain_hachure"},"geometry":{"type":"LineString","coordinates":[[121.80149,46.80119],[121.96416,46.72414]]}},{"type":"Feature","properties":{"kind":"mountain_hachure"},"geometry":{"type":"LineString","coordinates":[[122.10149,46.80119],[122.26416,46.72414]]}},{"type":"Feature","properties":{"kind":"mountain_hachure"},"geometry":{"type":"LineString","coordinates":[[122.40149,46.80119],[122.56416,46.72414]]}},{"type":"Feature","properties":{"kind":"mountain_hachure"},"geometry":{"type":"LineString","coordinates":[[122.70149,46.80119],[122.86416,46.72414]]}},{"type":"Feature","properties":{"kind":"mountain_hachure"},"geometry":{"type":"LineString","coordinates":[[123.00149,46.80119],[123.16416,46.72414]]}},{"type":"Feature","properties":{"kind":"mountain_hachure"},"geometry":{"type":"LineString","coordinates":[[118.50149,47.10119],[118.66416,47.02414]]}},{"type":"Feature","properties":{"kind":"mountain_hachure"},"geometry":{"type":"LineString","coordinates":[[118.80149,47.10119],[118.96416,47.02414]]}},{"type":"Feature","properties":{"kind":"mountain_hachure"},"geometry":{"type":"LineString","coordinates":[[119.10149,47.10119],[119.26416,47.02414]]}},{"type":"Feature","properties":{"kind":"mountain_hachure"},"geometry":{"type":"LineString","coordinates":[[119.40149,47.10119],[119.56416,47.02414]]}},{"type":"Feature","properties":{"kind":"mountain_hachure"},"geometry":{"type":"LineString","coordinates":[[119.70149,47.10119],[119.86416,47.02414]]}},{"type":"Feature","properties":{"kind":"mountain_hachure"},"geometry":{"type":"LineString","coordinates":[[120.00149,47.10119],[120.16416,47.02414]]}},{"type":"Feature","properties":{"kind":"mountain_hachure"},"geometry":{"type":"LineString","coordinates":[[120.30149,47.10119],[120.46416,47.02414]]}},{"type":"Feature","properties":{"kind":"mountain_hachure"},"geometry":{"type":"LineString","coordinates":[[120.60149,47.10119],[120.76416,47.02414]]}},{"type":"Feature","properties":{"kind":"mountain_hachure"},"geometry":{"type":"LineString","coordinates":[[120.90149,47.10119],[121.06416,47.02414]]}},{"type":"Feature","properties":{"kind":"mountain_hachure"},"geometry":{"type":"LineString","coordinates":[[121.20149,47.10119],[121.36416,47.02414]]}},{"type":"Feature","properties":{"kind":"mountain_hachure"},"geometry":{"type":"LineString","coordinates":[[121.50149,47.10119],[121.66416,47.02414]]}},{"type":"Feature","properties":{"kind":"mountain_hachure"},"geometry":{"type":"LineString","coordinates":[[121.80149,47.10119],[121.96416,47.02414]]}},{"type":"Feature","properties":{"kind":"mountain_hachure"},"geometry":{"type":"LineString","coordinates":[[122.10149,47.10119],[122.26416,47.02414]]}},{"type":"Feature","properties":{"kind":"mountain_hachure"},"geometry":{"type":"LineString","coordinates":[[122.40149,47.10119],[122.56416,47.02414]]}},{"type":"Feature","properties":{"kind":"mountain_hachure"},"geometry":{"type":"LineString","coordinates":[[122.70149,47.10119],[122.86416,47.02414]]}},{"type":"Feature","properties":{"kind":"mountain_hachure"},"geometry":{"type":"LineString","coordinates":[[123.00149,47.10119],[123.16416,47.02414]]}},{"type":"Feature","properties":{"kind":"mountain_hachure"},"geometry":{"type":"LineString","coordinates":[[118.50149,47.40119],[118.66416,47.32414]]}},{"type":"Feature","properties":{"kind":"mountain_hachure"},"geometry":{"type":"LineString","coordinates":[[118.80149,47.40119],[118.96416,47.32414]]}},{"type":"Feature","properties":{"kind":"mountain_hachure"},"geometry":{"type":"LineString","coordinates":[[119.10149,47.40119],[119.26416,47.32414]]}},{"type":"Feature","properties":{"kind":"mountain_hachure"},"geometry":{"type":"LineString","coordinates":[[119.40149,47.40119],[119.56416,47.32414]]}},{"type":"Feature","properties":{"kind":"mountain_hachure"},"geometry":{"type":"LineString","coordinates":[[119.70149,47.40119],[119.86416,47.32414]]}},{"type":"Feature","properties":{"kind":"mountain_hachure"},"geometry":{"type":"LineString","coordinates":[[120.00149,47.40119],[120.16416,47.32414]]}},{"type":"Feature","properties":{"kind":"mountain_hachure"},"geometry":{"type":"LineString","coordinates":[[120.30149,47.40119],[120.46416,47.32414]]}},{"type":"Feature","properties":{"kind":"mountain_hachure"},"geometry":{"type":"LineString","coordinates":[[120.60149,47.40119],[120.76416,47.32414]]}},{"type":"Feature","properties":{"kind":"mountain_hachure"},"geometry":{"type":"LineString","coordinates":[[120.90149,47.40119],[121.06416,47.32414]]}},{"type":"Feature","properties":{"kind":"mountain_hachure"},"geometry":{"type":"LineString","coordinates":[[121.20149,47.40119],[121.36416,47.32414]]}},{"type":"Feature","properties":{"kind":"mountain_hachure"},"geometry":{"type":"LineString","coordinates":[[121.50149,47.40119],[121.66416,47.32414]]}},{"type":"Feature","properties":{"kind":"mountain_hachure"},"geometry":{"type":"LineString","coordinates":[[121.80149,47.40119],[121.96416,47.32414]]}},{"type":"Feature","properties":{"kind":"mountain_hachure"},"geometry":{"type":"LineString","coordinates":[[122.10149,47.40119],[122.26416,47.32414]]}},{"type":"Feature","properties":{"kind":"mountain_hachure"},"geometry":{"type":"LineString","coordinates":[[122.40149,47.40119],[122.56416,47.32414]]}},{"type":"Feature","properties":{"kind":"mountain_hachure"},"geometry":{"type":"LineString","coordinates":[[122.70149,47.40119],[122.86416,47.32414]]}},{"type":"Feature","properties":{"kind":"mountain_hachure"},"geometry":{"type":"LineString","coordinates":[[123.00149,47.40119],[123.16416,47.32414]]}},{"type":"Feature","properties":{"kind":"mountain_hachure"},"geometry":{"type":"LineString","coordinates":[[118.80149,47.70119],[118.96416,47.62414]]}},{"type":"Feature","properties":{"kind":"mountain_hachure"},"geometry":{"type":"LineString","coordinates":[[119.10149,47.70119],[119.26416,47.62414]]}},{"type":"Feature","properties":{"kind":"mountain_hachure"},"geometry":{"type":"LineString","coordinates":[[119.40149,47.70119],[119.56416,47.62414]]}},{"type":"Feature","properties":{"kind":"mountain_hachure"},"geometry":{"type":"LineString","coordinates":[[119.70149,47.70119],[119.86416,47.62414]]}},{"type":"Feature","properties":{"kind":"mountain_hachure"},"geometry":{"type":"LineString","coordinates":[[120.00149,47.70119],[120.16416,47.62414]]}},{"type":"Feature","properties":{"kind":"mountain_hachure"},"geometry":{"type":"LineString","coordinates":[[120.30149,47.70119],[120.46416,47.62414]]}},{"type":"Feature","properties":{"kind":"mountain_hachure"},"geometry":{"type":"LineString","coordinates":[[120.60149,47.70119],[120.76416,47.62414]]}},{"type":"Feature","properties":{"kind":"mountain_hachure"},"geometry":{"type":"LineString","coordinates":[[120.90149,47.70119],[121.06416,47.62414]]}},{"type":"Feature","properties":{"kind":"mountain_hachure"},"geometry":{"type":"LineString","coordinates":[[121.20149,47.70119],[121.36416,47.62414]]}},{"type":"Feature","properties":{"kind":"mountain_hachure"},"geometry":{"type":"LineString","coordinates":[[121.50149,47.70119],[121.66416,47.62414]]}},{"type":"Feature","properties":{"kind":"mountain_hachure"},"geometry":{"type":"LineString","coordinates":[[121.80149,47.70119],[121.96416,47.62414]]}},{"type":"Feature","properties":{"kind":"mountain_hachure"},"geometry":{"type":"LineString","coordinates":[[122.10149,47.70119],[122.26416,47.62414]]}},{"type":"Feature","properties":{"kind":"mountain_hachure"},"geometry":{"type":"LineString","coordinates":[[122.40149,47.70119],[122.56416,47.62414]]}},{"type":"Feature","properties":{"kind":"mountain_hachure"},"geometry":{"type":"LineString","coordinates":[[122.70149,47.70119],[122.86416,47.62414]]}},{"type":"Feature","properties":{"kind":"mountain_hachure"},"geometry":{"type":"LineString","coordinates":[[118.80149,48.00119],[118.96416,47.92414]]}},{"type":"Feature","properties":{"kind":"mountain_hachure"},"geometry":{"type":"LineString","coordinates":[[119.10149,48.00119],[119.26416,47.92414]]}},{"type":"Feature","properties":{"kind":"mountain_hachure"},"geometry":{"type":"LineString","coordinates":[[119.40149,48.00119],[119.56416,47.92414]]}},{"type":"Feature","properties":{"kind":"mountain_hachure"},"geometry":{"type":"LineString","coordinates":[[119.70149,48.00119],[119.86416,47.92414]]}},{"type":"Feature","properties":{"kind":"mountain_hachure"},"geometry":{"type":"LineString","coordinates":[[120.00149,48.00119],[120.16416,47.92414]]}},{"type":"Feature","properties":{"kind":"mountain_hachure"},"geometry":{"type":"LineString","coordinates":[[120.30149,48.00119],[120.46416,47.92414]]}},{"type":"Feature","properties":{"kind":"mountain_hachure"},"geometry":{"type":"LineString","coordinates":[[120.60149,48.00119],[120.76416,47.92414]]}},{"type":"Feature","properties":{"kind":"mountain_hachure"},"geometry":{"type":"LineString","coordinates":[[120.90149,48.00119],[121.06416,47.92414]]}},{"type":"Feature","properties":{"kind":"mountain_hachure"},"geometry":{"type":"LineString","coordinates":[[121.20149,48.00119],[121.36416,47.92414]]}},{"type":"Feature","properties":{"kind":"mountain_hachure"},"geometry":{"type":"LineString","coordinates":[[121.50149,48.00119],[121.66416,47.92414]]}},{"type":"Feature","properties":{"kind":"mountain_hachure"},"geometry":{"type":"LineString","coordinates":[[121.80149,48.00119],[121.96416,47.92414]]}},{"type":"Feature","properties":{"kind":"mountain_hachure"},"geometry":{"type":"LineString","coordinates":[[122.10149,48.00119],[122.26416,47.92414]]}},{"type":"Feature","properties":{"kind":"mountain_hachure"},"geometry":{"type":"LineString","coordinates":[[122.40149,48.00119],[122.56416,47.92414]]}},{"type":"Feature","properties":{"kind":"mountain_hachure"},"geometry":{"type":"LineString","coordinates":[[122.70149,48.00119],[122.86416,47.92414]]}},{"type":"Feature","properties":{"kind":"mountain_hachure"},"geometry":{"type":"LineString","coordinates":[[119.10149,48.30119],[119.26416,48.22414]]}},{"type":"Feature","properties":{"kind":"mountain_hachure"},"geometry":{"type":"LineString","coordinates":[[119.40149,48.30119],[119.56416,48.22414]]}},{"type":"Feature","properties":{"kind":"mountain_hachure"},"geometry":{"type":"LineString","coordinates":[[119.70149,48.30119],[119.86416,48.22414]]}},{"type":"Feature","properties":{"kind":"mountain_hachure"},"geometry":{"type":"LineString","coordinates":[[120.00149,48.30119],[120.16416,48.22414]]}},{"type":"Feature","properties":{"kind":"mountain_hachure"},"geometry":{"type":"LineString","coordinates":[[120.30149,48.30119],[120.46416,48.22414]]}},{"type":"Feature","properties":{"kind":"mountain_hachure"},"geometry":{"type":"LineString","coordinates":[[120.60149,48.30119],[120.76416,48.22414]]}},{"type":"Feature","properties":{"kind":"mountain_hachure"},"geometry":{"type":"LineString","coordinates":[[120.90149,48.30119],[121.06416,48.22414]]}},{"type":"Feature","properties":{"kind":"mountain_hachure"},"geometry":{"type":"LineString","coordinates":[[121.20149,48.30119],[121.36416,48.22414]]}},{"type":"Feature","properties":{"kind":"mountain_hachure"},"geometry":{"type":"LineString","coordinates":[[121.50149,48.30119],[121.66416,48.22414]]}},{"type":"Feature","properties":{"kind":"mountain_hachure"},"geometry":{"type":"LineString","coordinates":[[121.80149,48.30119],[121.96416,48.22414]]}},{"type":"Feature","properties":{"kind":"mountain_hachure"},"geometry":{"type":"LineString","coordinates":[[122.10149,48.30119],[122.26416,48.22414]]}},{"type":"Feature","properties":{"kind":"mountain_hachure"},"geometry":{"type":"LineString","coordinates":[[122.40149,48.30119],[122.56416,48.22414]]}},{"type":"Feature","properties":{"kind":"mountain_hachure"},"geometry":{"type":"LineString","coordinates":[[122.70149,48.30119],[122.86416,48.22414]]}},{"type":"Feature","properties":{"kind":"mountain_hachure"},"geometry":{"type":"LineString","coordinates":[[119.10149,48.60119],[119.26416,48.52414]]}},{"type":"Feature","properties":{"kind":"mountain_hachure"},"geometry":{"type":"LineString","coordinates":[[119.40149,48.60119],[119.56416,48.52414]]}},{"type":"Feature","properties":{"kind":"mountain_hachure"},"geometry":{"type":"LineString","coordinates":[[119.70149,48.60119],[119.86416,48.52414]]}},{"type":"Feature","properties":{"kind":"mountain_hachure"},"geometry":{"type":"LineString","coordinates":[[120.00149,48.60119],[120.16416,48.52414]]}},{"type":"Feature","properties":{"kind":"mountain_hachure"},"geometry":{"type":"LineString","coordinates":[[120.30149,48.60119],[120.46416,48.52414]]}},{"type":"Feature","properties":{"kind":"mountain_hachure"},"geometry":{"type":"LineString","coordinates":[[120.60149,48.60119],[120.76416,48.52414]]}},{"type":"Feature","properties":{"kind":"mountain_hachure"},"geometry":{"type":"LineString","coordinates":[[120.90149,48.60119],[121.06416,48.52414]]}},{"type":"Feature","properties":{"kind":"mountain_hachure"},"geometry":{"type":"LineString","coordinates":[[121.20149,48.60119],[121.36416,48.52414]]}},{"type":"Feature","properties":{"kind":"mountain_hachure"},"geometry":{"type":"LineString","coordinates":[[121.50149,48.60119],[121.66416,48.52414]]}},{"type":"Feature","properties":{"kind":"mountain_hachure"},"geometry":{"type":"LineString","coordinates":[[121.80149,48.60119],[121.96416,48.52414]]}},{"type":"Feature","properties":{"kind":"mountain_hachure"},"geometry":{"type":"LineString","coordinates":[[122.10149,48.60119],[122.26416,48.52414]]}},{"type":"Feature","properties":{"kind":"mountain_hachure"},"geometry":{"type":"LineString","coordinates":[[122.40149,48.60119],[122.56416,48.52414]]}},{"type":"Feature","properties":{"kind":"mountain_hachure"},"geometry":{"type":"LineString","coordinates":[[122.70149,48.60119],[122.86416,48.52414]]}},{"type":"Feature","properties":{"kind":"mountain_hachure"},"geometry":{"type":"LineString","coordinates":[[123.00149,48.60119],[123.16416,48.52414]]}},{"type":"Feature","properties":{"kind":"mountain_hachure"},"geometry":{"type":"LineString","coordinates":[[123.30149,48.60119],[123.46416,48.52414]]}},{"type":"Feature","properties":{"kind":"mountain_hachure"},"geometry":{"type":"LineString","coordinates":[[119.40149,48.90119],[119.56416,48.82414]]}},{"type":"Feature","properties":{"kind":"mountain_hachure"},"geometry":{"type":"LineString","coordinates":[[119.70149,48.90119],[119.86416,48.82414]]}},{"type":"Feature","properties":{"kind":"mountain_hachure"},"geometry":{"type":"LineString","coordinates":[[120.00149,48.90119],[120.16416,48.82414]]}},{"type":"Feature","properties":{"kind":"mountain_hachure"},"geometry":{"type":"LineString","coordinates":[[120.30149,48.90119],[120.46416,48.82414]]}},{"type":"Feature","properties":{"kind":"mountain_hachure"},"geometry":{"type":"LineString","coordinates":[[120.60149,48.90119],[120.76416,48.82414]]}},{"type":"Feature","properties":{"kind":"mountain_hachure"},"geometry":{"type":"LineString","coordinates":[[120.90149,48.90119],[121.06416,48.82414]]}},{"type":"Feature","properties":{"kind":"mountain_hachure"},"geometry":{"type":"LineString","coordinates":[[121.20149,48.90119],[121.36416,48.82414]]}},{"type":"Feature","properties":{"kind":"mountain_hachure"},"geometry":{"type":"LineString","coordinates":[[121.50149,48.90119],[121.66416,48.82414]]}},{"type":"Feature","properties":{"kind":"mountain_hachure"},"geometry":{"type":"LineString","coordinates":[[121.80149,48.90119],[121.96416,48.82414]]}},{"type":"Feature","properties":{"kind":"mountain_hachure"},"geometry":{"type":"LineString","coordinates":[[122.10149,48.90119],[122.26416,48.82414]]}},{"type":"Feature","properties":{"kind":"mountain_hachure"},"geometry":{"type":"LineString","coordinates":[[122.40149,48.90119],[122.56416,48.82414]]}},{"type":"Feature","properties":{"kind":"mountain_hachure"},"geometry":{"type":"LineString","coordinates":[[122.70149,48.90119],[122.86416,48.82414]]}},{"type":"Feature","properties":{"kind":"mountain_hachure"},"geometry":{"type":"LineString","coordinates":[[123.00149,48.90119],[123.16416,48.82414]]}},{"type":"Feature","properties":{"kind":"mountain_hachure"},"geometry":{"type":"LineString","coordinates":[[123.30149,48.90119],[123.46416,48.82414]]}},{"type":"Feature","properties":{"kind":"mountain_hachure"},"geometry":{"type":"LineString","coordinates":[[123.60149,48.90119],[123.76416,48.82414]]}},{"type":"Feature","properties":{"kind":"mountain_hachure"},"geometry":{"type":"LineString","coordinates":[[119.40149,49.20119],[119.56416,49.12414]]}},{"type":"Feature","properties":{"kind":"mountain_hachure"},"geometry":{"type":"LineString","coordinates":[[119.70149,49.20119],[119.86416,49.12414]]}},{"type":"Feature","properties":{"kind":"mountain_hachure"},"geometry":{"type":"LineString","coordinates":[[120.00149,49.20119],[120.16416,49.12414]]}},{"type":"Feature","properties":{"kind":"mountain_hachure"},"geometry":{"type":"LineString","coordinates":[[120.30149,49.20119],[120.46416,49.12414]]}},{"type":"Feature","properties":{"kind":"mountain_hachure"},"geometry":{"type":"LineString","coordinates":[[120.60149,49.20119],[120.76416,49.12414]]}},{"type":"Feature","properties":{"kind":"mountain_hachure"},"geometry":{"type":"LineString","coordinates":[[120.90149,49.20119],[121.06416,49.12414]]}},{"type":"Feature","properties":{"kind":"mountain_hachure"},"geometry":{"type":"LineString","coordinates":[[121.20149,49.20119],[121.36416,49.12414]]}},{"type":"Feature","properties":{"kind":"mountain_hachure"},"geometry":{"type":"LineString","coordinates":[[121.50149,49.20119],[121.66416,49.12414]]}},{"type":"Feature","properties":{"kind":"mountain_hachure"},"geometry":{"type":"LineString","coordinates":[[121.80149,49.20119],[121.96416,49.12414]]}},{"type":"Feature","properties":{"kind":"mountain_hachure"},"geometry":{"type":"LineString","coordinates":[[122.10149,49.20119],[122.26416,49.12414]]}},{"type":"Feature","properties":{"kind":"mountain_hachure"},"geometry":{"type":"LineString","coordinates":[[122.40149,49.20119],[122.56416,49.12414]]}},{"type":"Feature","properties":{"kind":"mountain_hachure"},"geometry":{"type":"LineString","coordinates":[[122.70149,49.20119],[122.86416,49.12414]]}},{"type":"Feature","properties":{"kind":"mountain_hachure"},"geometry":{"type":"LineString","coordinates":[[123.00149,49.20119],[123.16416,49.12414]]}},{"type":"Feature","properties":{"kind":"mountain_hachure"},"geometry":{"type":"LineString","coordinates":[[123.30149,49.20119],[123.46416,49.12414]]}},{"type":"Feature","properties":{"kind":"mountain_hachure"},"geometry":{"type":"LineString","coordinates":[[123.60149,49.20119],[123.76416,49.12414]]}},{"type":"Feature","properties":{"kind":"mountain_hachure"},"geometry":{"type":"LineString","coordinates":[[119.70149,49.50119],[119.86416,49.42414]]}},{"type":"Feature","properties":{"kind":"mountain_hachure"},"geometry":{"type":"LineString","coordinates":[[120.00149,49.50119],[120.16416,49.42414]]}},{"type":"Feature","properties":{"kind":"mountain_hachure"},"geometry":{"type":"LineString","coordinates":[[120.30149,49.50119],[120.46416,49.42414]]}},{"type":"Feature","properties":{"kind":"mountain_hachure"},"geometry":{"type":"LineString","coordinates":[[120.60149,49.50119],[120.76416,49.42414]]}},{"type":"Feature","properties":{"kind":"mountain_hachure"},"geometry":{"type":"LineString","coordinates":[[120.90149,49.50119],[121.06416,49.42414]]}},{"type":"Feature","properties":{"kind":"mountain_hachure"},"geometry":{"type":"LineString","coordinates":[[121.20149,49.50119],[121.36416,49.42414]]}},{"type":"Feature","properties":{"kind":"mountain_hachure"},"geometry":{"type":"LineString","coordinates":[[121.50149,49.50119],[121.66416,49.42414]]}},{"type":"Feature","properties":{"kind":"mountain_hachure"},"geometry":{"type":"LineString","coordinates":[[121.80149,49.50119],[121.96416,49.42414]]}},{"type":"Feature","properties":{"kind":"mountain_hachure"},"geometry":{"type":"LineString","coordinates":[[122.10149,49.50119],[122.26416,49.42414]]}},{"type":"Feature","properties":{"kind":"mountain_hachure"},"geometry":{"type":"LineString","coordinates":[[122.40149,49.50119],[122.56416,49.42414]]}},{"type":"Feature","properties":{"kind":"mountain_hachure"},"geometry":{"type":"LineString","coordinates":[[122.70149,49.50119],[122.86416,49.42414]]}},{"type":"Feature","properties":{"kind":"mountain_hachure"},"geometry":{"type":"LineString","coordinates":[[123.00149,49.50119],[123.16416,49.42414]]}},{"type":"Feature","properties":{"kind":"mountain_hachure"},"geometry":{"type":"LineString","coordinates":[[123.30149,49.50119],[123.46416,49.42414]]}},{"type":"Feature","properties":{"kind":"mountain_hachure"},"geometry":{"type":"LineString","coordinates":[[119.70149,49.80119],[119.86416,49.72414]]}},{"type":"Feature","properties":{"kind":"mountain_hachure"},"geometry":{"type":"LineString","coordinates":[[120.00149,49.80119],[120.16416,49.72414]]}},{"type":"Feature","properties":{"kind":"mountain_hachure"},"geometry":{"type":"LineString","coordinates":[[120.30149,49.80119],[120.46416,49.72414]]}},{"type":"Feature","properties":{"kind":"mountain_hachure"},"geometry":{"type":"LineString","coordinates":[[120.60149,49.80119],[120.76416,49.72414]]}},{"type":"Feature","properties":{"kind":"mountain_hachure"},"geometry":{"type":"LineString","coordinates":[[120.90149,49.80119],[121.06416,49.72414]]}},{"type":"Feature","properties":{"kind":"mountain_hachure"},"geometry":{"type":"LineString","coordinates":[[121.20149,49.80119],[121.36416,49.72414]]}},{"type":"Feature","properties":{"kind":"mountain_hachure"},"geometry":{"type":"LineString","coordinates":[[121.50149,49.80119],[121.66416,49.72414]]}},{"type":"Feature","properties":{"kind":"mountain_hachure"},"geometry":{"type":"LineString","coordinates":[[121.80149,49.80119],[121.96416,49.72414]]}},{"type":"Feature","properties":{"kind":"mountain_hachure"},"geometry":{"type":"LineString","coordinates":[[122.10149,49.80119],[122.26416,49.72414]]}},{"type":"Feature","properties":{"kind":"mountain_hachure"},"geometry":{"type":"LineString","coordinates":[[122.40149,49.80119],[122.56416,49.72414]]}},{"type":"Feature","properties":{"kind":"mountain_hachure"},"geometry":{"type":"LineString","coordinates":[[122.70149,49.80119],[122.86416,49.72414]]}},{"type":"Feature","properties":{"kind":"mountain_hachure"},"geometry":{"type":"LineString","coordinates":[[123.00149,49.80119],[123.16416,49.72414]]}},{"type":"Feature","properties":{"kind":"mountain_hachure"},"geometry":{"type":"LineString","coordinates":[[123.30149,49.80119],[123.46416,49.72414]]}},{"type":"Feature","properties":{"kind":"mountain_hachure"},"geometry":{"type":"LineString","coordinates":[[120.00149,50.10119],[120.16416,50.02414]]}},{"type":"Feature","properties":{"kind":"mountain_hachure"},"geometry":{"type":"LineString","coordinates":[[120.30149,50.10119],[120.46416,50.02414]]}},{"type":"Feature","properties":{"kind":"mountain_hachure"},"geometry":{"type":"LineString","coordinates":[[120.60149,50.10119],[120.76416,50.02414]]}},{"type":"Feature","properties":{"kind":"mountain_hachure"},"geometry":{"type":"LineString","coordinates":[[120.90149,50.10119],[121.06416,50.02414]]}},{"type":"Feature","properties":{"kind":"mountain_hachure"},"geometry":{"type":"LineString","coordinates":[[121.20149,50.10119],[121.36416,50.02414]]}},{"type":"Feature","properties":{"kind":"mountain_hachure"},"geometry":{"type":"LineString","coordinates":[[121.50149,50.10119],[121.66416,50.02414]]}},{"type":"Feature","properties":{"kind":"mountain_hachure"},"geometry":{"type":"LineString","coordinates":[[121.80149,50.10119],[121.96416,50.02414]]}},{"type":"Feature","properties":{"kind":"mountain_hachure"},"geometry":{"type":"LineString","coordinates":[[122.10149,50.10119],[122.26416,50.02414]]}},{"type":"Feature","properties":{"kind":"mountain_hachure"},"geometry":{"type":"LineString","coordinates":[[122.40149,50.10119],[122.56416,50.02414]]}},{"type":"Feature","properties":{"kind":"mountain_hachure"},"geometry":{"type":"LineString","coordinates":[[122.70149,50.10119],[122.86416,50.02414]]}},{"type":"Feature","properties":{"kind":"mountain_hachure"},"geometry":{"type":"LineString","coordinates":[[123.00149,50.10119],[123.16416,50.02414]]}},{"type":"Feature","properties":{"kind":"mountain_hachure"},"geometry":{"type":"LineString","coordinates":[[123.30149,50.10119],[123.46416,50.02414]]}},{"type":"Feature","properties":{"kind":"mountain_hachure"},"geometry":{"type":"LineString","coordinates":[[123.60149,50.10119],[123.76416,50.02414]]}},{"type":"Feature","properties":{"kind":"mountain_hachure"},"geometry":{"type":"LineString","coordinates":[[120.00149,50.40119],[120.16416,50.32414]]}},{"type":"Feature","properties":{"kind":"mountain_hachure"},"geometry":{"type":"LineString","coordinates":[[120.30149,50.40119],[120.46416,50.32414]]}},{"type":"Feature","properties":{"kind":"mountain_hachure"},"geometry":{"type":"LineString","coordinates":[[120.60149,50.40119],[120.76416,50.32414]]}},{"type":"Feature","properties":{"kind":"mountain_hachure"},"geometry":{"type":"LineString","coordinates":[[120.90149,50.40119],[121.06416,50.32414]]}},{"type":"Feature","properties":{"kind":"mountain_hachure"},"geometry":{"type":"LineString","coordinates":[[121.20149,50.40119],[121.36416,50.32414]]}},{"type":"Feature","properties":{"kind":"mountain_hachure"},"geometry":{"type":"LineString","coordinates":[[121.50149,50.40119],[121.66416,50.32414]]}},{"type":"Feature","properties":{"kind":"mountain_hachure"},"geometry":{"type":"LineString","coordinates":[[121.80149,50.40119],[121.96416,50.32414]]}},{"type":"Feature","properties":{"kind":"mountain_hachure"},"geometry":{"type":"LineString","coordinates":[[122.10149,50.40119],[122.26416,50.32414]]}},{"type":"Feature","properties":{"kind":"mountain_hachure"},"geometry":{"type":"LineString","coordinates":[[122.40149,50.40119],[122.56416,50.32414]]}},{"type":"Feature","properties":{"kind":"mountain_hachure"},"geometry":{"type":"LineString","coordinates":[[122.70149,50.40119],[122.86416,50.32414]]}},{"type":"Feature","properties":{"kind":"mountain_hachure"},"geometry":{"type":"LineString","coordinates":[[123.00149,50.40119],[123.16416,50.32414]]}},{"type":"Feature","properties":{"kind":"mountain_hachure"},"geometry":{"type":"LineString","coordinates":[[123.30149,50.40119],[123.46416,50.32414]]}},{"type":"Feature","properties":{"kind":"mountain_hachure"},"geometry":{"type":"LineString","coordinates":[[123.60149,50.40119],[123.76416,50.32414]]}},{"type":"Feature","properties":{"kind":"mountain_hachure"},"geometry":{"type":"LineString","coordinates":[[123.90149,50.40119],[124.06416,50.32414]]}},{"type":"Feature","properties":{"kind":"mountain_hachure"},"geometry":{"type":"LineString","coordinates":[[120.00149,50.70119],[120.16416,50.62414]]}},{"type":"Feature","properties":{"kind":"mountain_hachure"},"geometry":{"type":"LineString","coordinates":[[120.30149,50.70119],[120.46416,50.62414]]}},{"type":"Feature","properties":{"kind":"mountain_hachure"},"geometry":{"type":"LineString","coordinates":[[120.60149,50.70119],[120.76416,50.62414]]}},{"type":"Feature","properties":{"kind":"mountain_hachure"},"geometry":{"type":"LineString","coordinates":[[120.90149,50.70119],[121.06416,50.62414]]}},{"type":"Feature","properties":{"kind":"mountain_hachure"},"geometry":{"type":"LineString","coordinates":[[121.20149,50.70119],[121.36416,50.62414]]}},{"type":"Feature","properties":{"kind":"mountain_hachure"},"geometry":{"type":"LineString","coordinates":[[121.50149,50.70119],[121.66416,50.62414]]}},{"type":"Feature","properties":{"kind":"mountain_hachure"},"geometry":{"type":"LineString","coordinates":[[121.80149,50.70119],[121.96416,50.62414]]}},{"type":"Feature","properties":{"kind":"mountain_hachure"},"geometry":{"type":"LineString","coordinates":[[122.10149,50.70119],[122.26416,50.62414]]}},{"type":"Feature","properties":{"kind":"mountain_hachure"},"geometry":{"type":"LineString","coordinates":[[122.40149,50.70119],[122.56416,50.62414]]}},{"type":"Feature","properties":{"kind":"mountain_hachure"},"geometry":{"type":"LineString","coordinates":[[122.70149,50.70119],[122.86416,50.62414]]}},{"type":"Feature","properties":{"kind":"mountain_hachure"},"geometry":{"type":"LineString","coordinates":[[123.00149,50.70119],[123.16416,50.62414]]}},{"type":"Feature","properties":{"kind":"mountain_hachure"},"geometry":{"type":"LineString","coordinates":[[123.30149,50.70119],[123.46416,50.62414]]}},{"type":"Feature","properties":{"kind":"mountain_hachure"},"geometry":{"type":"LineString","coordinates":[[123.60149,50.70119],[123.76416,50.62414]]}},{"type":"Feature","properties":{"kind":"mountain_hachure"},"geometry":{"type":"LineString","coordinates":[[123.90149,50.70119],[124.06416,50.62414]]}},{"type":"Feature","properties":{"kind":"mountain_hachure"},"geometry":{"type":"LineString","coordinates":[[124.20149,50.70119],[124.36416,50.62414]]}},{"type":"Feature","properties":{"kind":"mountain_hachure"},"geometry":{"type":"LineString","coordinates":[[120.00149,51.00119],[120.16416,50.92414]]}},{"type":"Feature","properties":{"kind":"mountain_hachure"},"geometry":{"type":"LineString","coordinates":[[120.30149,51.00119],[120.46416,50.92414]]}},{"type":"Feature","properties":{"kind":"mountain_hachure"},"geometry":{"type":"LineString","coordinates":[[120.60149,51.00119],[120.76416,50.92414]]}},{"type":"Feature","properties":{"kind":"mountain_hachure"},"geometry":{"type":"LineString","coordinates":[[120.90149,51.00119],[121.06416,50.92414]]}},{"type":"Feature","properties":{"kind":"mountain_hachure"},"geometry":{"type":"LineString","coordinates":[[121.20149,51.00119],[121.36416,50.92414]]}},{"type":"Feature","properties":{"kind":"mountain_hachure"},"geometry":{"type":"LineString","coordinates":[[121.50149,51.00119],[121.66416,50.92414]]}},{"type":"Feature","properties":{"kind":"mountain_hachure"},"geometry":{"type":"LineString","coordinates":[[121.80149,51.00119],[121.96416,50.92414]]}},{"type":"Feature","properties":{"kind":"mountain_hachure"},"geometry":{"type":"LineString","coordinates":[[122.10149,51.00119],[122.26416,50.92414]]}},{"type":"Feature","properties":{"kind":"mountain_hachure"},"geometry":{"type":"LineString","coordinates":[[122.40149,51.00119],[122.56416,50.92414]]}},{"type":"Feature","properties":{"kind":"mountain_hachure"},"geometry":{"type":"LineString","coordinates":[[122.70149,51.00119],[122.86416,50.92414]]}},{"type":"Feature","properties":{"kind":"mountain_hachure"},"geometry":{"type":"LineString","coordinates":[[123.00149,51.00119],[123.16416,50.92414]]}},{"type":"Feature","properties":{"kind":"mountain_hachure"},"geometry":{"type":"LineString","coordinates":[[123.30149,51.00119],[123.46416,50.92414]]}},{"type":"Feature","properties":{"kind":"mountain_hachure"},"geometry":{"type":"LineString","coordinates":[[123.60149,51.00119],[123.76416,50.92414]]}},{"type":"Feature","properties":{"kind":"mountain_hachure"},"geometry":{"type":"LineString","coordinates":[[123.90149,51.00119],[124.06416,50.92414]]}},{"type":"Feature","properties":{"kind":"mountain_hachure"},"geometry":{"type":"LineString","coordinates":[[124.20149,51.00119],[124.36416,50.92414]]}},{"type":"Feature","properties":{"kind":"mountain_hachure"},"geometry":{"type":"LineString","coordinates":[[120.00149,51.30119],[120.16416,51.22414]]}},{"type":"Feature","properties":{"kind":"mountain_hachure"},"geometry":{"type":"LineString","coordinates":[[120.30149,51.30119],[120.46416,51.22414]]}},{"type":"Feature","properties":{"kind":"mountain_hachure"},"geometry":{"type":"LineString","coordinates":[[120.60149,51.30119],[120.76416,51.22414]]}},{"type":"Feature","properties":{"kind":"mountain_hachure"},"geometry":{"type":"LineString","coordinates":[[120.90149,51.30119],[121.06416,51.22414]]}},{"type":"Feature","properties":{"kind":"mountain_hachure"},"geometry":{"type":"LineString","coordinates":[[121.20149,51.30119],[121.36416,51.22414]]}},{"type":"Feature","properties":{"kind":"mountain_hachure"},"geometry":{"type":"LineString","coordinates":[[121.50149,51.30119],[121.66416,51.22414]]}},{"type":"Feature","properties":{"kind":"mountain_hachure"},"geometry":{"type":"LineString","coordinates":[[121.80149,51.30119],[121.96416,51.22414]]}},{"type":"Feature","properties":{"kind":"mountain_hachure"},"geometry":{"type":"LineString","coordinates":[[122.10149,51.30119],[122.26416,51.22414]]}},{"type":"Feature","properties":{"kind":"mountain_hachure"},"geometry":{"type":"LineString","coordinates":[[122.40149,51.30119],[122.56416,51.22414]]}},{"type":"Feature","properties":{"kind":"mountain_hachure"},"geometry":{"type":"LineString","coordinates":[[122.70149,51.30119],[122.86416,51.22414]]}},{"type":"Feature","properties":{"kind":"mountain_hachure"},"geometry":{"type":"LineString","coordinates":[[123.00149,51.30119],[123.16416,51.22414]]}},{"type":"Feature","properties":{"kind":"mountain_hachure"},"geometry":{"type":"LineString","coordinates":[[123.30149,51.30119],[123.46416,51.22414]]}},{"type":"Feature","properties":{"kind":"mountain_hachure"},"geometry":{"type":"LineString","coordinates":[[123.60149,51.30119],[123.76416,51.22414]]}},{"type":"Feature","properties":{"kind":"mountain_hachure"},"geometry":{"type":"LineString","coordinates":[[123.90149,51.30119],[124.06416,51.22414]]}},{"type":"Feature","properties":{"kind":"mountain_hachure"},"geometry":{"type":"LineString","coordinates":[[124.20149,51.30119],[124.36416,51.22414]]}},{"type":"Feature","properties":{"kind":"mountain_hachure"},"geometry":{"type":"LineString","coordinates":[[124.50149,51.30119],[124.66416,51.22414]]}},{"type":"Feature","properties":{"kind":"mountain_hachure"},"geometry":{"type":"LineString","coordinates":[[120.30149,51.60119],[120.46416,51.52414]]}},{"type":"Feature","properties":{"kind":"mountain_hachure"},"geometry":{"type":"LineString","coordinates":[[120.60149,51.60119],[120.76416,51.52414]]}},{"type":"Feature","properties":{"kind":"mountain_hachure"},"geometry":{"type":"LineString","coordinates":[[120.90149,51.60119],[121.06416,51.52414]]}},{"type":"Feature","properties":{"kind":"mountain_hachure"},"geometry":{"type":"LineString","coordinates":[[121.20149,51.60119],[121.36416,51.52414]]}},{"type":"Feature","properties":{"kind":"mountain_hachure"},"geometry":{"type":"LineString","coordinates":[[121.50149,51.60119],[121.66416,51.52414]]}},{"type":"Feature","properties":{"kind":"mountain_hachure"},"geometry":{"type":"LineString","coordinates":[[121.80149,51.60119],[121.96416,51.52414]]}},{"type":"Feature","properties":{"kind":"mountain_hachure"},"geometry":{"type":"LineString","coordinates":[[122.10149,51.60119],[122.26416,51.52414]]}},{"type":"Feature","properties":{"kind":"mountain_hachure"},"geometry":{"type":"LineString","coordinates":[[122.40149,51.60119],[122.56416,51.52414]]}},{"type":"Feature","properties":{"kind":"mountain_hachure"},"geometry":{"type":"LineString","coordinates":[[122.70149,51.60119],[122.86416,51.52414]]}},{"type":"Feature","properties":{"kind":"mountain_hachure"},"geometry":{"type":"LineString","coordinates":[[123.00149,51.60119],[123.16416,51.52414]]}},{"type":"Feature","properties":{"kind":"mountain_hachure"},"geometry":{"type":"LineString","coordinates":[[123.30149,51.60119],[123.46416,51.52414]]}},{"type":"Feature","properties":{"kind":"mountain_hachure"},"geometry":{"type":"LineString","coordinates":[[123.60149,51.60119],[123.76416,51.52414]]}},{"type":"Feature","properties":{"kind":"mountain_hachure"},"geometry":{"type":"LineString","coordinates":[[123.90149,51.60119],[124.06416,51.52414]]}},{"type":"Feature","properties":{"kind":"mountain_hachure"},"geometry":{"type":"LineString","coordinates":[[124.20149,51.60119],[124.36416,51.52414]]}},{"type":"Feature","properties":{"kind":"mountain_hachure"},"geometry":{"type":"LineString","coordinates":[[124.50149,51.60119],[124.66416,51.52414]]}},{"type":"Feature","properties":{"kind":"mountain_hachure"},"geometry":{"type":"LineString","coordinates":[[120.60149,51.90119],[120.76416,51.82414]]}},{"type":"Feature","properties":{"kind":"mountain_hachure"},"geometry":{"type":"LineString","coordinates":[[120.90149,51.90119],[121.06416,51.82414]]}},{"type":"Feature","properties":{"kind":"mountain_hachure"},"geometry":{"type":"LineString","coordinates":[[121.20149,51.90119],[121.36416,51.82414]]}},{"type":"Feature","properties":{"kind":"mountain_hachure"},"geometry":{"type":"LineString","coordinates":[[121.50149,51.90119],[121.66416,51.82414]]}},{"type":"Feature","properties":{"kind":"mountain_hachure"},"geometry":{"type":"LineString","coordinates":[[121.80149,51.90119],[121.96416,51.82414]]}},{"type":"Feature","properties":{"kind":"mountain_hachure"},"geometry":{"type":"LineString","coordinates":[[122.10149,51.90119],[122.26416,51.82414]]}},{"type":"Feature","properties":{"kind":"mountain_hachure"},"geometry":{"type":"LineString","coordinates":[[122.40149,51.90119],[122.56416,51.82414]]}},{"type":"Feature","properties":{"kind":"mountain_hachure"},"geometry":{"type":"LineString","coordinates":[[122.70149,51.90119],[122.86416,51.82414]]}},{"type":"Feature","properties":{"kind":"mountain_hachure"},"geometry":{"type":"LineString","coordinates":[[123.00149,51.90119],[123.16416,51.82414]]}},{"type":"Feature","properties":{"kind":"mountain_hachure"},"geometry":{"type":"LineString","coordinates":[[123.30149,51.90119],[123.46416,51.82414]]}},{"type":"Feature","properties":{"kind":"mountain_hachure"},"geometry":{"type":"LineString","coordinates":[[123.60149,51.90119],[123.76416,51.82414]]}},{"type":"Feature","properties":{"kind":"mountain_hachure"},"geometry":{"type":"LineString","coordinates":[[123.90149,51.90119],[124.06416,51.82414]]}},{"type":"Feature","properties":{"kind":"mountain_hachure"},"geometry":{"type":"LineString","coordinates":[[124.20149,51.90119],[124.36416,51.82414]]}},{"type":"Feature","properties":{"kind":"mountain_hachure"},"geometry":{"type":"LineString","coordinates":[[124.50149,51.90119],[124.66416,51.82414]]}},{"type":"Feature","properties":{"kind":"mountain_hachure"},"geometry":{"type":"LineString","coordinates":[[124.80149,51.90119],[124.96416,51.82414]]}},{"type":"Feature","properties":{"kind":"mountain_hachure"},"geometry":{"type":"LineString","coordinates":[[120.90149,52.20119],[121.06416,52.12414]]}},{"type":"Feature","properties":{"kind":"mountain_hachure"},"geometry":{"type":"LineString","coordinates":[[121.20149,52.20119],[121.36416,52.12414]]}},{"type":"Feature","properties":{"kind":"mountain_hachure"},"geometry":{"type":"LineString","coordinates":[[121.50149,52.20119],[121.66416,52.12414]]}},{"type":"Feature","properties":{"kind":"mountain_hachure"},"geometry":{"type":"LineString","coordinates":[[121.80149,52.20119],[121.96416,52.12414]]}},{"type":"Feature","properties":{"kind":"mountain_hachure"},"geometry":{"type":"LineString","coordinates":[[122.10149,52.20119],[122.26416,52.12414]]}},{"type":"Feature","properties":{"kind":"mountain_hachure"},"geometry":{"type":"LineString","coordinates":[[122.40149,52.20119],[122.56416,52.12414]]}},{"type":"Feature","properties":{"kind":"mountain_hachure"},"geometry":{"type":"LineString","coordinates":[[122.70149,52.20119],[122.86416,52.12414]]}},{"type":"Feature","properties":{"kind":"mountain_hachure"},"geometry":{"type":"LineString","coordinates":[[123.00149,52.20119],[123.16416,52.12414]]}},{"type":"Feature","properties":{"kind":"mountain_hachure"},"geometry":{"type":"LineString","coordinates":[[123.30149,52.20119],[123.46416,52.12414]]}},{"type":"Feature","properties":{"kind":"mountain_hachure"},"geometry":{"type":"LineString","coordinates":[[123.60149,52.20119],[123.76416,52.12414]]}},{"type":"Feature","properties":{"kind":"mountain_hachure"},"geometry":{"type":"LineString","coordinates":[[123.90149,52.20119],[124.06416,52.12414]]}},{"type":"Feature","properties":{"kind":"mountain_hachure"},"geometry":{"type":"LineString","coordinates":[[124.20149,52.20119],[124.36416,52.12414]]}},{"type":"Feature","properties":{"kind":"mountain_hachure"},"geometry":{"type":"LineString","coordinates":[[124.50149,52.20119],[124.66416,52.12414]]}},{"type":"Feature","properties":{"kind":"mountain_hachure"},"geometry":{"type":"LineString","coordinates":[[124.80149,52.20119],[124.96416,52.12414]]}},{"type":"Feature","properties":{"kind":"mountain_hachure"},"geometry":{"type":"LineString","coordinates":[[120.90149,52.50119],[121.06416,52.42414]]}},{"type":"Feature","properties":{"kind":"mountain_hachure"},"geometry":{"type":"LineString","coordinates":[[121.20149,52.50119],[121.36416,52.42414]]}},{"type":"Feature","properties":{"kind":"mountain_hachure"},"geometry":{"type":"LineString","coordinates":[[121.50149,52.50119],[121.66416,52.42414]]}},{"type":"Feature","properties":{"kind":"mountain_hachure"},"geometry":{"type":"LineString","coordinates":[[121.80149,52.50119],[121.96416,52.42414]]}},{"type":"Feature","properties":{"kind":"mountain_hachure"},"geometry":{"type":"LineString","coordinates":[[122.10149,52.50119],[122.26416,52.42414]]}},{"type":"Feature","properties":{"kind":"mountain_hachure"},"geometry":{"type":"LineString","coordinates":[[122.40149,52.50119],[122.56416,52.42414]]}},{"type":"Feature","properties":{"kind":"mountain_hachure"},"geometry":{"type":"LineString","coordinates":[[122.70149,52.50119],[122.86416,52.42414]]}},{"type":"Feature","properties":{"kind":"mountain_hachure"},"geometry":{"type":"LineString","coordinates":[[123.00149,52.50119],[123.16416,52.42414]]}},{"type":"Feature","properties":{"kind":"mountain_hachure"},"geometry":{"type":"LineString","coordinates":[[123.30149,52.50119],[123.46416,52.42414]]}},{"type":"Feature","properties":{"kind":"mountain_hachure"},"geometry":{"type":"LineString","coordinates":[[123.60149,52.50119],[123.76416,52.42414]]}},{"type":"Feature","properties":{"kind":"mountain_hachure"},"geometry":{"type":"LineString","coordinates":[[123.90149,52.50119],[124.06416,52.42414]]}},{"type":"Feature","properties":{"kind":"mountain_hachure"},"geometry":{"type":"LineString","coordinates":[[124.20149,52.50119],[124.36416,52.42414]]}},{"type":"Feature","properties":{"kind":"mountain_hachure"},"geometry":{"type":"LineString","coordinates":[[124.50149,52.50119],[124.66416,52.42414]]}},{"type":"Feature","properties":{"kind":"mountain_hachure"},"geometry":{"type":"LineString","coordinates":[[124.80149,52.50119],[124.96416,52.42414]]}},{"type":"Feature","properties":{"kind":"mountain_hachure"},"geometry":{"type":"LineString","coordinates":[[120.60149,52.80119],[120.76416,52.72414]]}},{"type":"Feature","properties":{"kind":"mountain_hachure"},"geometry":{"type":"LineString","coordinates":[[120.90149,52.80119],[121.06416,52.72414]]}},{"type":"Feature","properties":{"kind":"mountain_hachure"},"geometry":{"type":"LineString","coordinates":[[121.20149,52.80119],[121.36416,52.72414]]}},{"type":"Feature","properties":{"kind":"mountain_hachure"},"geometry":{"type":"LineString","coordinates":[[121.50149,52.80119],[121.66416,52.72414]]}},{"type":"Feature","properties":{"kind":"mountain_hachure"},"geometry":{"type":"LineString","coordinates":[[121.80149,52.80119],[121.96416,52.72414]]}},{"type":"Feature","properties":{"kind":"mountain_hachure"},"geometry":{"type":"LineString","coordinates":[[122.10149,52.80119],[122.26416,52.72414]]}},{"type":"Feature","properties":{"kind":"mountain_hachure"},"geometry":{"type":"LineString","coordinates":[[122.40149,52.80119],[122.56416,52.72414]]}},{"type":"Feature","properties":{"kind":"mountain_hachure"},"geometry":{"type":"LineString","coordinates":[[122.70149,52.80119],[122.86416,52.72414]]}},{"type":"Feature","properties":{"kind":"mountain_hachure"},"geometry":{"type":"LineString","coordinates":[[123.00149,52.80119],[123.16416,52.72414]]}},{"type":"Feature","properties":{"kind":"mountain_hachure"},"geometry":{"type":"LineString","coordinates":[[123.30149,52.80119],[123.46416,52.72414]]}},{"type":"Feature","properties":{"kind":"mountain_hachure"},"geometry":{"type":"LineString","coordinates":[[123.60149,52.80119],[123.76416,52.72414]]}},{"type":"Feature","properties":{"kind":"mountain_hachure"},"geometry":{"type":"LineString","coordinates":[[123.90149,52.80119],[124.06416,52.72414]]}},{"type":"Feature","properties":{"kind":"mountain_hachure"},"geometry":{"type":"LineString","coordinates":[[124.20149,52.80119],[124.36416,52.72414]]}},{"type":"Feature","properties":{"kind":"mountain_hachure"},"geometry":{"type":"LineString","coordinates":[[124.50149,52.80119],[124.66416,52.72414]]}},{"type":"Feature","properties":{"kind":"mountain_hachure"},"geometry":{"type":"LineString","coordinates":[[124.80149,52.80119],[124.96416,52.72414]]}},{"type":"Feature","properties":{"kind":"mountain_hachure"},"geometry":{"type":"LineString","coordinates":[[120.60149,53.10119],[120.76416,53.02414]]}},{"type":"Feature","properties":{"kind":"mountain_hachure"},"geometry":{"type":"LineString","coordinates":[[120.90149,53.10119],[121.06416,53.02414]]}},{"type":"Feature","properties":{"kind":"mountain_hachure"},"geometry":{"type":"LineString","coordinates":[[121.20149,53.10119],[121.36416,53.02414]]}},{"type":"Feature","properties":{"kind":"mountain_hachure"},"geometry":{"type":"LineString","coordinates":[[121.50149,53.10119],[121.66416,53.02414]]}},{"type":"Feature","properties":{"kind":"mountain_hachure"},"geometry":{"type":"LineString","coordinates":[[121.80149,53.10119],[121.96416,53.02414]]}},{"type":"Feature","properties":{"kind":"mountain_hachure"},"geometry":{"type":"LineString","coordinates":[[122.10149,53.10119],[122.26416,53.02414]]}},{"type":"Feature","properties":{"kind":"mountain_hachure"},"geometry":{"type":"LineString","coordinates":[[122.40149,53.10119],[122.56416,53.02414]]}},{"type":"Feature","properties":{"kind":"mountain_hachure"},"geometry":{"type":"LineString","coordinates":[[122.70149,53.10119],[122.86416,53.02414]]}},{"type":"Feature","properties":{"kind":"mountain_hachure"},"geometry":{"type":"LineString","coordinates":[[123.00149,53.10119],[123.16416,53.02414]]}},{"type":"Feature","properties":{"kind":"mountain_hachure"},"geometry":{"type":"LineString","coordinates":[[123.30149,53.10119],[123.46416,53.02414]]}},{"type":"Feature","properties":{"kind":"mountain_hachure"},"geometry":{"type":"LineString","coordinates":[[123.60149,53.10119],[123.76416,53.02414]]}},{"type":"Feature","properties":{"kind":"mountain_hachure"},"geometry":{"type":"LineString","coordinates":[[123.90149,53.10119],[124.06416,53.02414]]}},{"type":"Feature","properties":{"kind":"mountain_hachure"},"geometry":{"type":"LineString","coordinates":[[124.20149,53.10119],[124.36416,53.02414]]}},{"type":"Feature","properties":{"kind":"mountain_hachure"},"geometry":{"type":"LineString","coordinates":[[124.50149,53.10119],[124.66416,53.02414]]}},{"type":"Feature","properties":{"kind":"mountain_hachure"},"geometry":{"type":"LineString","coordinates":[[121.50149,53.40119],[121.66416,53.32414]]}},{"type":"Feature","properties":{"kind":"mountain_hachure"},"geometry":{"type":"LineString","coordinates":[[121.80149,53.40119],[121.96416,53.32414]]}},{"type":"Feature","properties":{"kind":"mountain_hachure"},"geometry":{"type":"LineString","coordinates":[[122.10149,53.40119],[122.26416,53.32414]]}},{"type":"Feature","properties":{"kind":"mountain_hachure"},"geometry":{"type":"LineString","coordinates":[[122.40149,53.40119],[122.56416,53.32414]]}},{"type":"Feature","properties":{"kind":"mountain_hachure"},"geometry":{"type":"LineString","coordinates":[[122.70149,53.40119],[122.86416,53.32414]]}},{"type":"Feature","properties":{"kind":"mountain_hachure"},"geometry":{"type":"LineString","coordinates":[[123.00149,53.40119],[123.16416,53.32414]]}},{"type":"Feature","properties":{"kind":"mountain_hachure"},"geometry":{"type":"LineString","coordinates":[[123.30149,53.40119],[123.46416,53.32414]]}},{"type":"Feature","properties":{"kind":"mountain_hachure"},"geometry":{"type":"LineString","coordinates":[[123.60149,53.40119],[123.76416,53.32414]]}},{"type":"Feature","properties":{"kind":"mountain_hachure"},"geometry":{"type":"LineString","coordinates":[[123.90149,53.40119],[124.06416,53.32414]]}},{"type":"Feature","properties":{"kind":"mountain_axis","name":"大兴安岭","source":"Natural Earth 10m"},"geometry":{"type":"LineString","coordinates":[[123.79371,53.6005],[118.59207,42.61948]]}},{"type":"Feature","properties":{"kind":"mountain_arrow"},"geometry":{"type":"LineString","coordinates":[[123.79371,53.6005],[123.75947,53.94868]]}},{"type":"Feature","properties":{"kind":"mountain_arrow"},"geometry":{"type":"LineString","coordinates":[[123.79371,53.6005],[124.08481,53.79456]]}},{"type":"Feature","properties":{"kind":"mountain_arrow"},"geometry":{"type":"LineString","coordinates":[[118.59207,42.61948],[118.30097,42.42542]]}},{"type":"Feature","properties":{"kind":"mountain_arrow"},"geometry":{"type":"LineString","coordinates":[[118.59207,42.61948],[118.62631,42.2713]]}},{"type":"Feature","properties":{"kind":"mountain_area","name":"大兴安岭","source":"Natural Earth 10m"},"geometry":{"type":"Polygon","coordinates":[[[119.37135,43.44367],[119.34449,43.29694],[117.9983,43.30543],[117.64735,43.2251],[117.50563,43.1706],[117.45301,43.16267],[117.4142,43.17744],[117.39039,43.22236],[117.38282,43.30488],[117.92445,46.28132],[117.97303,46.38288],[118.2107,46.66798],[119.66114,49.54536],[119.6752,49.60158],[119.90919,50.5373],[120.00233,50.73188],[120.12391,51.54633],[120.16517,51.63026],[120.26869,51.74085],[120.37318,51.81287],[120.65577,51.92664],[120.72779,51.97382],[120.78285,52.04731],[120.81739,52.1601],[120.82179,52.28651],[120.79652,52.40272],[120.54249,52.85737],[120.52955,52.92872],[120.55409,52.99457],[120.61708,53.05414],[121.09706,53.25141],[122.18556,53.51472],[123.12355,53.52088],[124.02833,53.38874],[124.75074,53.14716],[124.9253,53.03217],[125.04859,52.88972],[125.12477,52.72486],[125.15919,52.54255],[125.15638,52.34809],[125.05799,51.94245],[124.61057,51.19414],[124.41306,50.86383],[124.25148,50.59357],[123.54505,49.84888],[123.52223,49.76044],[123.53751,49.6877],[123.54896,49.63319],[123.63795,49.43372],[123.8993,49.1095],[123.94618,48.93806],[123.87074,48.79468],[123.05836,48.27485],[122.90614,48.10126],[122.84571,47.8874],[122.8672,47.77698],[123.32399,46.95454],[123.33497,46.84321],[123.26734,46.56147],[123.15089,46.33539],[122.90759,46.05635],[122.77802,45.90776],[122.27581,45.33178],[121.92335,44.92756],[121.40326,44.53829],[121.15126,44.34968],[119.5912,43.64265],[119.45802,43.55585],[119.37135,43.44367]]]}},{"type":"Feature","properties":{"kind":"mountain_label","name":"大兴安岭","source":"Natural Earth 10m"},"geometry":{"type":"Point","coordinates":[121.5463,48.85607]}},{"type":"Feature","properties":{"kind":"mountain_peaks","name":"大兴安岭","source":"Natural Earth 10m"},"geometry":{"type":"MultiPoint","coordinates":[[117.525,43.725],[117.725,43.35],[118.7,44.45]]}},{"type":"Feature","properties":{"kind":"mountain_hachure"},"geometry":{"type":"LineString","coordinates":[[71.51005,37.29329],[71.49963,37.47299]]}},{"type":"Feature","properties":{"kind":"mountain_hachure"},"geometry":{"type":"LineString","coordinates":[[71.81005,37.29329],[71.79963,37.47299]]}},{"type":"Feature","properties":{"kind":"mountain_hachure"},"geometry":{"type":"LineString","coordinates":[[72.11005,37.29329],[72.09963,37.47299]]}},{"type":"Feature","properties":{"kind":"mountain_hachure"},"geometry":{"type":"LineString","coordinates":[[72.41005,37.29329],[72.39963,37.47299]]}},{"type":"Feature","properties":{"kind":"mountain_hachure"},"geometry":{"type":"LineString","coordinates":[[72.71005,37.29329],[72.69963,37.47299]]}},{"type":"Feature","properties":{"kind":"mountain_hachure"},"geometry":{"type":"LineString","coordinates":[[71.51005,37.59329],[71.49963,37.77299]]}},{"type":"Feature","properties":{"kind":"mountain_hachure"},"geometry":{"type":"LineString","coordinates":[[71.81005,37.59329],[71.79963,37.77299]]}},{"type":"Feature","properties":{"kind":"mountain_hachure"},"geometry":{"type":"LineString","coordinates":[[72.11005,37.59329],[72.09963,37.77299]]}},{"type":"Feature","properties":{"kind":"mountain_hachure"},"geometry":{"type":"LineString","coordinates":[[72.41005,37.59329],[72.39963,37.77299]]}},{"type":"Feature","properties":{"kind":"mountain_hachure"},"geometry":{"type":"LineString","coordinates":[[72.71005,37.59329],[72.69963,37.77299]]}},{"type":"Feature","properties":{"kind":"mountain_hachure"},"geometry":{"type":"LineString","coordinates":[[73.01005,37.59329],[72.99963,37.77299]]}},{"type":"Feature","properties":{"kind":"mountain_hachure"},"geometry":{"type":"LineString","coordinates":[[73.31005,37.59329],[73.29963,37.77299]]}},{"type":"Feature","properties":{"kind":"mountain_hachure"},"geometry":{"type":"LineString","coordinates":[[73.61005,37.59329],[73.59963,37.77299]]}},{"type":"Feature","properties":{"kind":"mountain_hachure"},"geometry":{"type":"LineString","coordinates":[[73.91005,37.59329],[73.89963,37.77299]]}},{"type":"Feature","properties":{"kind":"mountain_hachure"},"geometry":{"type":"LineString","coordinates":[[74.21005,37.59329],[74.19963,37.77299]]}},{"type":"Feature","properties":{"kind":"mountain_hachure"},"geometry":{"type":"LineString","coordinates":[[74.51005,37.59329],[74.49963,37.77299]]}},{"type":"Feature","properties":{"kind":"mountain_hachure"},"geometry":{"type":"LineString","coordinates":[[74.81005,37.59329],[74.79963,37.77299]]}},{"type":"Feature","properties":{"kind":"mountain_hachure"},"geometry":{"type":"LineString","coordinates":[[75.11005,37.59329],[75.09963,37.77299]]}},{"type":"Feature","properties":{"kind":"mountain_hachure"},"geometry":{"type":"LineString","coordinates":[[75.41005,37.59329],[75.39963,37.77299]]}},{"type":"Feature","properties":{"kind":"mountain_hachure"},"geometry":{"type":"LineString","coordinates":[[71.51005,37.89329],[71.49963,38.07299]]}},{"type":"Feature","properties":{"kind":"mountain_hachure"},"geometry":{"type":"LineString","coordinates":[[71.81005,37.89329],[71.79963,38.07299]]}},{"type":"Feature","properties":{"kind":"mountain_hachure"},"geometry":{"type":"LineString","coordinates":[[72.11005,37.89329],[72.09963,38.07299]]}},{"type":"Feature","properties":{"kind":"mountain_hachure"},"geometry":{"type":"LineString","coordinates":[[72.41005,37.89329],[72.39963,38.07299]]}},{"type":"Feature","properties":{"kind":"mountain_hachure"},"geometry":{"type":"LineString","coordinates":[[72.71005,37.89329],[72.69963,38.07299]]}},{"type":"Feature","properties":{"kind":"mountain_hachure"},"geometry":{"type":"LineString","coordinates":[[73.01005,37.89329],[72.99963,38.07299]]}},{"type":"Feature","properties":{"kind":"mountain_hachure"},"geometry":{"type":"LineString","coordinates":[[73.31005,37.89329],[73.29963,38.07299]]}},{"type":"Feature","properties":{"kind":"mountain_hachure"},"geometry":{"type":"LineString","coordinates":[[73.61005,37.89329],[73.59963,38.07299]]}},{"type":"Feature","properties":{"kind":"mountain_hachure"},"geometry":{"type":"LineString","coordinates":[[73.91005,37.89329],[73.89963,38.07299]]}},{"type":"Feature","properties":{"kind":"mountain_hachure"},"geometry":{"type":"LineString","coordinates":[[74.21005,37.89329],[74.19963,38.07299]]}},{"type":"Feature","properties":{"kind":"mountain_hachure"},"geometry":{"type":"LineString","coordinates":[[74.51005,37.89329],[74.49963,38.07299]]}},{"type":"Feature","properties":{"kind":"mountain_hachure"},"geometry":{"type":"LineString","coordinates":[[74.81005,37.89329],[74.79963,38.07299]]}},{"type":"Feature","properties":{"kind":"mountain_hachure"},"geometry":{"type":"LineString","coordinates":[[75.11005,37.89329],[75.09963,38.07299]]}},{"type":"Feature","properties":{"kind":"mountain_hachure"},"geometry":{"type":"LineString","coordinates":[[75.41005,37.89329],[75.39963,38.07299]]}},{"type":"Feature","properties":{"kind":"mountain_hachure"},"geometry":{"type":"LineString","coordinates":[[75.71005,37.89329],[75.69963,38.07299]]}},{"type":"Feature","properties":{"kind":"mountain_hachure"},"geometry":{"type":"LineString","coordinates":[[76.01005,37.89329],[75.99963,38.07299]]}},{"type":"Feature","properties":{"kind":"mountain_hachure"},"geometry":{"type":"LineString","coordinates":[[76.31005,37.89329],[76.29963,38.07299]]}},{"type":"Feature","properties":{"kind":"mountain_hachure"},"geometry":{"type":"LineString","coordinates":[[76.61005,37.89329],[76.59963,38.07299]]}},{"type":"Feature","properties":{"kind":"mountain_hachure"},"geometry":{"type":"LineString","coordinates":[[71.51005,38.19329],[71.49963,38.37299]]}},{"type":"Feature","properties":{"kind":"mountain_hachure"},"geometry":{"type":"LineString","coordinates":[[71.81005,38.19329],[71.79963,38.37299]]}},{"type":"Feature","properties":{"kind":"mountain_hachure"},"geometry":{"type":"LineString","coordinates":[[72.11005,38.19329],[72.09963,38.37299]]}},{"type":"Feature","properties":{"kind":"mountain_hachure"},"geometry":{"type":"LineString","coordinates":[[72.41005,38.19329],[72.39963,38.37299]]}},{"type":"Feature","properties":{"kind":"mountain_hachure"},"geometry":{"type":"LineString","coordinates":[[72.71005,38.19329],[72.69963,38.37299]]}},{"type":"Feature","properties":{"kind":"mountain_hachure"},"geometry":{"type":"LineString","coordinates":[[73.01005,38.19329],[72.99963,38.37299]]}},{"type":"Feature","properties":{"kind":"mountain_hachure"},"geometry":{"type":"LineString","coordinates":[[73.31005,38.19329],[73.29963,38.37299]]}},{"type":"Feature","properties":{"kind":"mountain_hachure"},"geometry":{"type":"LineString","coordinates":[[73.61005,38.19329],[73.59963,38.37299]]}},{"type":"Feature","properties":{"kind":"mountain_hachure"},"geometry":{"type":"LineString","coordinates":[[73.91005,38.19329],[73.89963,38.37299]]}},{"type":"Feature","properties":{"kind":"mountain_hachure"},"geometry":{"type":"LineString","coordinates":[[74.21005,38.19329],[74.19963,38.37299]]}},{"type":"Feature","properties":{"kind":"mountain_hachure"},"geometry":{"type":"LineString","coordinates":[[74.51005,38.19329],[74.49963,38.37299]]}},{"type":"Feature","properties":{"kind":"mountain_hachure"},"geometry":{"type":"LineString","coordinates":[[74.81005,38.19329],[74.79963,38.37299]]}},{"type":"Feature","properties":{"kind":"mountain_hachure"},"geometry":{"type":"LineString","coordinates":[[75.11005,38.19329],[75.09963,38.37299]]}},{"type":"Feature","properties":{"kind":"mountain_hachure"},"geometry":{"type":"LineString","coordinates":[[75.41005,38.19329],[75.39963,38.37299]]}},{"type":"Feature","properties":{"kind":"mountain_hachure"},"geometry":{"type":"LineString","coordinates":[[75.71005,38.19329],[75.69963,38.37299]]}},{"type":"Feature","properties":{"kind":"mountain_hachure"},"geometry":{"type":"LineString","coordinates":[[76.01005,38.19329],[75.99963,38.37299]]}},{"type":"Feature","properties":{"kind":"mountain_hachure"},"geometry":{"type":"LineString","coordinates":[[76.31005,38.19329],[76.29963,38.37299]]}},{"type":"Feature","properties":{"kind":"mountain_hachure"},"geometry":{"type":"LineString","coordinates":[[76.61005,38.19329],[76.59963,38.37299]]}},{"type":"Feature","properties":{"kind":"mountain_hachure"},"geometry":{"type":"LineString","coordinates":[[76.91005,38.19329],[76.89963,38.37299]]}},{"type":"Feature","properties":{"kind":"mountain_hachure"},"geometry":{"type":"LineString","coordinates":[[71.51005,38.49329],[71.49963,38.67299]]}},{"type":"Feature","properties":{"kind":"mountain_hachure"},"geometry":{"type":"LineString","coordinates":[[71.81005,38.49329],[71.79963,38.67299]]}},{"type":"Feature","properties":{"kind":"mountain_hachure"},"geometry":{"type":"LineString","coordinates":[[72.11005,38.49329],[72.09963,38.67299]]}},{"type":"Feature","properties":{"kind":"mountain_hachure"},"geometry":{"type":"LineString","coordinates":[[72.41005,38.49329],[72.39963,38.67299]]}},{"type":"Feature","properties":{"kind":"mountain_hachure"},"geometry":{"type":"LineString","coordinates":[[72.71005,38.49329],[72.69963,38.67299]]}},{"type":"Feature","properties":{"kind":"mountain_hachure"},"geometry":{"type":"LineString","coordinates":[[73.01005,38.49329],[72.99963,38.67299]]}},{"type":"Feature","properties":{"kind":"mountain_hachure"},"geometry":{"type":"LineString","coordinates":[[73.31005,38.49329],[73.29963,38.67299]]}},{"type":"Feature","properties":{"kind":"mountain_hachure"},"geometry":{"type":"LineString","coordinates":[[73.61005,38.49329],[73.59963,38.67299]]}},{"type":"Feature","properties":{"kind":"mountain_hachure"},"geometry":{"type":"LineString","coordinates":[[73.91005,38.49329],[73.89963,38.67299]]}},{"type":"Feature","properties":{"kind":"mountain_hachure"},"geometry":{"type":"LineString","coordinates":[[74.21005,38.49329],[74.19963,38.67299]]}},{"type":"Feature","properties":{"kind":"mountain_hachure"},"geometry":{"type":"LineString","coordinates":[[74.51005,38.49329],[74.49963,38.67299]]}},{"type":"Feature","properties":{"kind":"mountain_hachure"},"geometry":{"type":"LineString","coordinates":[[74.81005,38.49329],[74.79963,38.67299]]}},{"type":"Feature","properties":{"kind":"mountain_hachure"},"geometry":{"type":"LineString","coordinates":[[75.11005,38.49329],[75.09963,38.67299]]}},{"type":"Feature","properties":{"kind":"mountain_hachure"},"geometry":{"type":"LineString","coordinates":[[75.41005,38.49329],[75.39963,38.67299]]}},{"type":"Feature","properties":{"kind":"mountain_hachure"},"geometry":{"type":"LineString","coordinates":[[75.71005,38.49329],[75.69963,38.67299]]}},{"type":"Feature","properties":{"kind":"mountain_hachure"},"geometry":{"type":"LineString","coordinates":[[76.01005,38.49329],[75.99963,38.67299]]}},{"type":"Feature","properties":{"kind":"mountain_hachure"},"geometry":{"type":"LineString","coordinates":[[76.31005,38.49329],[76.29963,38.67299]]}},{"type":"Feature","properties":{"kind":"mountain_hachure"},"geometry":{"type":"LineString","coordinates":[[71.51005,38.79329],[71.49963,38.97299]]}},{"type":"Feature","properties":{"kind":"mountain_hachure"},"geometry":{"type":"LineString","coordinates":[[71.81005,38.79329],[71.79963,38.97299]]}},{"type":"Feature","properties":{"kind":"mountain_hachure"},"geometry":{"type":"LineString","coordinates":[[72.11005,38.79329],[72.09963,38.97299]]}},{"type":"Feature","properties":{"kind":"mountain_hachure"},"geometry":{"type":"LineString","coordinates":[[72.41005,38.79329],[72.39963,38.97299]]}},{"type":"Feature","properties":{"kind":"mountain_hachure"},"geometry":{"type":"LineString","coordinates":[[72.71005,38.79329],[72.69963,38.97299]]}},{"type":"Feature","properties":{"kind":"mountain_hachure"},"geometry":{"type":"LineString","coordinates":[[73.01005,38.79329],[72.99963,38.97299]]}},{"type":"Feature","properties":{"kind":"mountain_hachure"},"geometry":{"type":"LineString","coordinates":[[73.31005,38.79329],[73.29963,38.97299]]}},{"type":"Feature","properties":{"kind":"mountain_hachure"},"geometry":{"type":"LineString","coordinates":[[73.61005,38.79329],[73.59963,38.97299]]}},{"type":"Feature","properties":{"kind":"mountain_hachure"},"geometry":{"type":"LineString","coordinates":[[73.91005,38.79329],[73.89963,38.97299]]}},{"type":"Feature","properties":{"kind":"mountain_hachure"},"geometry":{"type":"LineString","coordinates":[[74.21005,38.79329],[74.19963,38.97299]]}},{"type":"Feature","properties":{"kind":"mountain_hachure"},"geometry":{"type":"LineString","coordinates":[[74.51005,38.79329],[74.49963,38.97299]]}},{"type":"Feature","properties":{"kind":"mountain_hachure"},"geometry":{"type":"LineString","coordinates":[[74.81005,38.79329],[74.79963,38.97299]]}},{"type":"Feature","properties":{"kind":"mountain_hachure"},"geometry":{"type":"LineString","coordinates":[[75.11005,38.79329],[75.09963,38.97299]]}},{"type":"Feature","properties":{"kind":"mountain_hachure"},"geometry":{"type":"LineString","coordinates":[[75.41005,38.79329],[75.39963,38.97299]]}},{"type":"Feature","properties":{"kind":"mountain_hachure"},"geometry":{"type":"LineString","coordinates":[[75.71005,38.79329],[75.69963,38.97299]]}},{"type":"Feature","properties":{"kind":"mountain_hachure"},"geometry":{"type":"LineString","coordinates":[[76.01005,38.79329],[75.99963,38.97299]]}},{"type":"Feature","properties":{"kind":"mountain_hachure"},"geometry":{"type":"LineString","coordinates":[[71.51005,39.09329],[71.49963,39.27299]]}},{"type":"Feature","properties":{"kind":"mountain_hachure"},"geometry":{"type":"LineString","coordinates":[[71.81005,39.09329],[71.79963,39.27299]]}},{"type":"Feature","properties":{"kind":"mountain_hachure"},"geometry":{"type":"LineString","coordinates":[[72.11005,39.09329],[72.09963,39.27299]]}},{"type":"Feature","properties":{"kind":"mountain_hachure"},"geometry":{"type":"LineString","coordinates":[[72.41005,39.09329],[72.39963,39.27299]]}},{"type":"Feature","properties":{"kind":"mountain_hachure"},"geometry":{"type":"LineString","coordinates":[[72.71005,39.09329],[72.69963,39.27299]]}},{"type":"Feature","properties":{"kind":"mountain_hachure"},"geometry":{"type":"LineString","coordinates":[[73.01005,39.09329],[72.99963,39.27299]]}},{"type":"Feature","properties":{"kind":"mountain_hachure"},"geometry":{"type":"LineString","coordinates":[[73.31005,39.09329],[73.29963,39.27299]]}},{"type":"Feature","properties":{"kind":"mountain_hachure"},"geometry":{"type":"LineString","coordinates":[[73.61005,39.09329],[73.59963,39.27299]]}},{"type":"Feature","properties":{"kind":"mountain_hachure"},"geometry":{"type":"LineString","coordinates":[[73.91005,39.09329],[73.89963,39.27299]]}},{"type":"Feature","properties":{"kind":"mountain_hachure"},"geometry":{"type":"LineString","coordinates":[[74.21005,39.09329],[74.19963,39.27299]]}},{"type":"Feature","properties":{"kind":"mountain_hachure"},"geometry":{"type":"LineString","coordinates":[[74.51005,39.09329],[74.49963,39.27299]]}},{"type":"Feature","properties":{"kind":"mountain_hachure"},"geometry":{"type":"LineString","coordinates":[[74.81005,39.09329],[74.79963,39.27299]]}},{"type":"Feature","properties":{"kind":"mountain_hachure"},"geometry":{"type":"LineString","coordinates":[[75.11005,39.09329],[75.09963,39.27299]]}},{"type":"Feature","properties":{"kind":"mountain_hachure"},"geometry":{"type":"LineString","coordinates":[[75.41005,39.09329],[75.39963,39.27299]]}},{"type":"Feature","properties":{"kind":"mountain_hachure"},"geometry":{"type":"LineString","coordinates":[[72.41005,39.39329],[72.39963,39.57299]]}},{"type":"Feature","properties":{"kind":"mountain_hachure"},"geometry":{"type":"LineString","coordinates":[[72.71005,39.39329],[72.69963,39.57299]]}},{"type":"Feature","properties":{"kind":"mountain_hachure"},"geometry":{"type":"LineString","coordinates":[[73.01005,39.39329],[72.99963,39.57299]]}},{"type":"Feature","properties":{"kind":"mountain_hachure"},"geometry":{"type":"LineString","coordinates":[[73.31005,39.39329],[73.29963,39.57299]]}},{"type":"Feature","properties":{"kind":"mountain_hachure"},"geometry":{"type":"LineString","coordinates":[[73.61005,39.39329],[73.59963,39.57299]]}},{"type":"Feature","properties":{"kind":"mountain_hachure"},"geometry":{"type":"LineString","coordinates":[[73.91005,39.39329],[73.89963,39.57299]]}},{"type":"Feature","properties":{"kind":"mountain_hachure"},"geometry":{"type":"LineString","coordinates":[[74.21005,39.39329],[74.19963,39.57299]]}},{"type":"Feature","properties":{"kind":"mountain_hachure"},"geometry":{"type":"LineString","coordinates":[[74.51005,39.39329],[74.49963,39.57299]]}},{"type":"Feature","properties":{"kind":"mountain_axis","name":"帕米尔高原","source":"Natural Earth 10m"},"geometry":{"type":"LineString","coordinates":[[71.18447,37.99638],[77.02084,38.33481]]}},{"type":"Feature","properties":{"kind":"mountain_arrow"},"geometry":{"type":"LineString","coordinates":[[71.18447,37.99638],[70.89539,37.79931]]}},{"type":"Feature","properties":{"kind":"mountain_arrow"},"geometry":{"type":"LineString","coordinates":[[71.18447,37.99638],[70.87455,38.15871]]}},{"type":"Feature","properties":{"kind":"mountain_arrow"},"geometry":{"type":"LineString","coordinates":[[77.02084,38.33481],[77.33076,38.17248]]}},{"type":"Feature","properties":{"kind":"mountain_arrow"},"geometry":{"type":"LineString","coordinates":[[77.02084,38.33481],[77.30992,38.53187]]}},{"type":"Feature","properties":{"kind":"mountain_area","name":"帕米尔高原","source":"Natural Earth 10m"},"geometry":{"type":"Polygon","coordinates":[[[74.90394,39.46522],[75.67335,39.1955],[75.89625,39.03126],[76.12184,38.81],[76.86756,38.34693],[76.98854,38.23865],[77.03224,38.13819],[76.97267,38.0478],[76.91162,38.0201],[76.85951,37.99647],[76.4543,37.89993],[75.98599,37.78837],[75.67408,37.71406],[75.50172,37.60322],[75.11045,37.574],[74.35536,37.51762],[73.09862,37.42378],[72.91786,37.41028],[72.79419,37.36369],[72.48587,37.24751],[72.10702,37.10476],[72.08656,37.09705],[71.93299,37.08314],[71.78504,37.10517],[71.66222,37.1673],[71.64955,37.17371],[71.52528,37.25269],[71.44606,37.28449],[71.42408,37.30488],[71.31983,37.44898],[71.25978,37.50642],[71.23463,37.53864],[71.21559,37.58253],[71.20484,37.64503],[71.22682,39.06592],[71.25209,39.16621],[71.28871,39.22626],[71.3263,39.25922],[71.36622,39.27204],[71.57704,39.26191],[71.89674,39.36774],[71.9181,39.3816],[72.24391,39.50556],[74.23963,39.55994],[74.90394,39.46522]]]}},{"type":"Feature","properties":{"kind":"mountain_label","name":"帕米尔高原","source":"Natural Earth 10m"},"geometry":{"type":"Point","coordinates":[73.41553,38.12576]}},{"type":"Feature","properties":{"kind":"mountain_peaks","name":"帕米尔高原","source":"Natural Earth 10m"},"geometry":{"type":"MultiPoint","coordinates":[[75.31667,38.6],[75.10833,38.28333],[75.10833,38.86667]]}},{"type":"Feature","properties":{"kind":"mountain_hachure"},"geometry":{"type":"LineString","coordinates":[[77.85948,33.5688],[77.9799,33.70259]]}},{"type":"Feature","properties":{"kind":"mountain_hachure"},"geometry":{"type":"LineString","coordinates":[[78.15948,33.5688],[78.2799,33.70259]]}},{"type":"Feature","properties":{"kind":"mountain_hachure"},"geometry":{"type":"LineString","coordinates":[[78.45948,33.5688],[78.5799,33.70259]]}},{"type":"Feature","properties":{"kind":"mountain_hachure"},"geometry":{"type":"LineString","coordinates":[[78.75948,33.5688],[78.8799,33.70259]]}},{"type":"Feature","properties":{"kind":"mountain_hachure"},"geometry":{"type":"LineString","coordinates":[[79.05948,33.5688],[79.1799,33.70259]]}},{"type":"Feature","properties":{"kind":"mountain_hachure"},"geometry":{"type":"LineString","coordinates":[[77.55948,33.8688],[77.6799,34.00259]]}},{"type":"Feature","properties":{"kind":"mountain_hachure"},"geometry":{"type":"LineString","coordinates":[[77.85948,33.8688],[77.9799,34.00259]]}},{"type":"Feature","properties":{"kind":"mountain_hachure"},"geometry":{"type":"LineString","coordinates":[[78.15948,33.8688],[78.2799,34.00259]]}},{"type":"Feature","properties":{"kind":"mountain_hachure"},"geometry":{"type":"LineString","coordinates":[[78.45948,33.8688],[78.5799,34.00259]]}},{"type":"Feature","properties":{"kind":"mountain_hachure"},"geometry":{"type":"LineString","coordinates":[[78.75948,33.8688],[78.8799,34.00259]]}},{"type":"Feature","properties":{"kind":"mountain_hachure"},"geometry":{"type":"LineString","coordinates":[[79.05948,33.8688],[79.1799,34.00259]]}},{"type":"Feature","properties":{"kind":"mountain_hachure"},"geometry":{"type":"LineString","coordinates":[[79.35948,33.8688],[79.4799,34.00259]]}},{"type":"Feature","properties":{"kind":"mountain_hachure"},"geometry":{"type":"LineString","coordinates":[[77.25948,34.1688],[77.3799,34.30259]]}},{"type":"Feature","properties":{"kind":"mountain_hachure"},"geometry":{"type":"LineString","coordinates":[[77.55948,34.1688],[77.6799,34.30259]]}},{"type":"Feature","properties":{"kind":"mountain_hachure"},"geometry":{"type":"LineString","coordinates":[[77.85948,34.1688],[77.9799,34.30259]]}},{"type":"Feature","properties":{"kind":"mountain_hachure"},"geometry":{"type":"LineString","coordinates":[[78.15948,34.1688],[78.2799,34.30259]]}},{"type":"Feature","properties":{"kind":"mountain_hachure"},"geometry":{"type":"LineString","coordinates":[[78.45948,34.1688],[78.5799,34.30259]]}},{"type":"Feature","properties":{"kind":"mountain_hachure"},"geometry":{"type":"LineString","coordinates":[[78.75948,34.1688],[78.8799,34.30259]]}},{"type":"Feature","properties":{"kind":"mountain_hachure"},"geometry":{"type":"LineString","coordinates":[[79.05948,34.1688],[79.1799,34.30259]]}},{"type":"Feature","properties":{"kind":"mountain_hachure"},"geometry":{"type":"LineString","coordinates":[[79.35948,34.1688],[79.4799,34.30259]]}},{"type":"Feature","properties":{"kind":"mountain_hachure"},"geometry":{"type":"LineString","coordinates":[[79.65948,34.1688],[79.7799,34.30259]]}},{"type":"Feature","properties":{"kind":"mountain_hachure"},"geometry":{"type":"LineString","coordinates":[[76.65948,34.4688],[76.7799,34.60259]]}},{"type":"Feature","properties":{"kind":"mountain_hachure"},"geometry":{"type":"LineString","coordinates":[[76.95948,34.4688],[77.0799,34.60259]]}},{"type":"Feature","properties":{"kind":"mountain_hachure"},"geometry":{"type":"LineString","coordinates":[[77.25948,34.4688],[77.3799,34.60259]]}},{"type":"Feature","properties":{"kind":"mountain_hachure"},"geometry":{"type":"LineString","coordinates":[[77.55948,34.4688],[77.6799,34.60259]]}},{"type":"Feature","properties":{"kind":"mountain_hachure"},"geometry":{"type":"LineString","coordinates":[[77.85948,34.4688],[77.9799,34.60259]]}},{"type":"Feature","properties":{"kind":"mountain_hachure"},"geometry":{"type":"LineString","coordinates":[[78.15948,34.4688],[78.2799,34.60259]]}},{"type":"Feature","properties":{"kind":"mountain_hachure"},"geometry":{"type":"LineString","coordinates":[[78.45948,34.4688],[78.5799,34.60259]]}},{"type":"Feature","properties":{"kind":"mountain_hachure"},"geometry":{"type":"LineString","coordinates":[[78.75948,34.4688],[78.8799,34.60259]]}},{"type":"Feature","properties":{"kind":"mountain_hachure"},"geometry":{"type":"LineString","coordinates":[[79.05948,34.4688],[79.1799,34.60259]]}},{"type":"Feature","properties":{"kind":"mountain_hachure"},"geometry":{"type":"LineString","coordinates":[[79.35948,34.4688],[79.4799,34.60259]]}},{"type":"Feature","properties":{"kind":"mountain_hachure"},"geometry":{"type":"LineString","coordinates":[[79.65948,34.4688],[79.7799,34.60259]]}},{"type":"Feature","properties":{"kind":"mountain_hachure"},"geometry":{"type":"LineString","coordinates":[[76.35948,34.7688],[76.4799,34.90259]]}},{"type":"Feature","properties":{"kind":"mountain_hachure"},"geometry":{"type":"LineString","coordinates":[[76.65948,34.7688],[76.7799,34.90259]]}},{"type":"Feature","properties":{"kind":"mountain_hachure"},"geometry":{"type":"LineString","coordinates":[[76.95948,34.7688],[77.0799,34.90259]]}},{"type":"Feature","properties":{"kind":"mountain_hachure"},"geometry":{"type":"LineString","coordinates":[[77.25948,34.7688],[77.3799,34.90259]]}},{"type":"Feature","properties":{"kind":"mountain_hachure"},"geometry":{"type":"LineString","coordinates":[[77.55948,34.7688],[77.6799,34.90259]]}},{"type":"Feature","properties":{"kind":"mountain_hachure"},"geometry":{"type":"LineString","coordinates":[[77.85948,34.7688],[77.9799,34.90259]]}},{"type":"Feature","properties":{"kind":"mountain_hachure"},"geometry":{"type":"LineString","coordinates":[[78.15948,34.7688],[78.2799,34.90259]]}},{"type":"Feature","properties":{"kind":"mountain_hachure"},"geometry":{"type":"LineString","coordinates":[[78.45948,34.7688],[78.5799,34.90259]]}},{"type":"Feature","properties":{"kind":"mountain_hachure"},"geometry":{"type":"LineString","coordinates":[[78.75948,34.7688],[78.8799,34.90259]]}},{"type":"Feature","properties":{"kind":"mountain_hachure"},"geometry":{"type":"LineString","coordinates":[[79.05948,34.7688],[79.1799,34.90259]]}},{"type":"Feature","properties":{"kind":"mountain_hachure"},"geometry":{"type":"LineString","coordinates":[[79.35948,34.7688],[79.4799,34.90259]]}},{"type":"Feature","properties":{"kind":"mountain_hachure"},"geometry":{"type":"LineString","coordinates":[[76.05948,35.0688],[76.1799,35.20259]]}},{"type":"Feature","properties":{"kind":"mountain_hachure"},"geometry":{"type":"LineString","coordinates":[[76.35948,35.0688],[76.4799,35.20259]]}},{"type":"Feature","properties":{"kind":"mountain_hachure"},"geometry":{"type":"LineString","coordinates":[[76.65948,35.0688],[76.7799,35.20259]]}},{"type":"Feature","properties":{"kind":"mountain_hachure"},"geometry":{"type":"LineString","coordinates":[[76.95948,35.0688],[77.0799,35.20259]]}},{"type":"Feature","properties":{"kind":"mountain_hachure"},"geometry":{"type":"LineString","coordinates":[[77.25948,35.0688],[77.3799,35.20259]]}},{"type":"Feature","properties":{"kind":"mountain_hachure"},"geometry":{"type":"LineString","coordinates":[[77.55948,35.0688],[77.6799,35.20259]]}},{"type":"Feature","properties":{"kind":"mountain_hachure"},"geometry":{"type":"LineString","coordinates":[[77.85948,35.0688],[77.9799,35.20259]]}},{"type":"Feature","properties":{"kind":"mountain_hachure"},"geometry":{"type":"LineString","coordinates":[[78.15948,35.0688],[78.2799,35.20259]]}},{"type":"Feature","properties":{"kind":"mountain_hachure"},"geometry":{"type":"LineString","coordinates":[[78.45948,35.0688],[78.5799,35.20259]]}},{"type":"Feature","properties":{"kind":"mountain_hachure"},"geometry":{"type":"LineString","coordinates":[[78.75948,35.0688],[78.8799,35.20259]]}},{"type":"Feature","properties":{"kind":"mountain_hachure"},"geometry":{"type":"LineString","coordinates":[[79.05948,35.0688],[79.1799,35.20259]]}},{"type":"Feature","properties":{"kind":"mountain_hachure"},"geometry":{"type":"LineString","coordinates":[[79.35948,35.0688],[79.4799,35.20259]]}},{"type":"Feature","properties":{"kind":"mountain_hachure"},"geometry":{"type":"LineString","coordinates":[[76.05948,35.3688],[76.1799,35.50259]]}},{"type":"Feature","properties":{"kind":"mountain_hachure"},"geometry":{"type":"LineString","coordinates":[[76.35948,35.3688],[76.4799,35.50259]]}},{"type":"Feature","properties":{"kind":"mountain_hachure"},"geometry":{"type":"LineString","coordinates":[[76.65948,35.3688],[76.7799,35.50259]]}},{"type":"Feature","properties":{"kind":"mountain_hachure"},"geometry":{"type":"LineString","coordinates":[[76.95948,35.3688],[77.0799,35.50259]]}},{"type":"Feature","properties":{"kind":"mountain_hachure"},"geometry":{"type":"LineString","coordinates":[[77.25948,35.3688],[77.3799,35.50259]]}},{"type":"Feature","properties":{"kind":"mountain_hachure"},"geometry":{"type":"LineString","coordinates":[[77.55948,35.3688],[77.6799,35.50259]]}},{"type":"Feature","properties":{"kind":"mountain_hachure"},"geometry":{"type":"LineString","coordinates":[[77.85948,35.3688],[77.9799,35.50259]]}},{"type":"Feature","properties":{"kind":"mountain_hachure"},"geometry":{"type":"LineString","coordinates":[[78.15948,35.3688],[78.2799,35.50259]]}},{"type":"Feature","properties":{"kind":"mountain_hachure"},"geometry":{"type":"LineString","coordinates":[[78.45948,35.3688],[78.5799,35.50259]]}},{"type":"Feature","properties":{"kind":"mountain_hachure"},"geometry":{"type":"LineString","coordinates":[[78.75948,35.3688],[78.8799,35.50259]]}},{"type":"Feature","properties":{"kind":"mountain_hachure"},"geometry":{"type":"LineString","coordinates":[[79.05948,35.3688],[79.1799,35.50259]]}},{"type":"Feature","properties":{"kind":"mountain_hachure"},"geometry":{"type":"LineString","coordinates":[[79.35948,35.3688],[79.4799,35.50259]]}},{"type":"Feature","properties":{"kind":"mountain_hachure"},"geometry":{"type":"LineString","coordinates":[[75.75948,35.6688],[75.8799,35.80259]]}},{"type":"Feature","properties":{"kind":"mountain_hachure"},"geometry":{"type":"LineString","coordinates":[[76.05948,35.6688],[76.1799,35.80259]]}},{"type":"Feature","properties":{"kind":"mountain_hachure"},"geometry":{"type":"LineString","coordinates":[[76.35948,35.6688],[76.4799,35.80259]]}},{"type":"Feature","properties":{"kind":"mountain_hachure"},"geometry":{"type":"LineString","coordinates":[[76.65948,35.6688],[76.7799,35.80259]]}},{"type":"Feature","properties":{"kind":"mountain_hachure"},"geometry":{"type":"LineString","coordinates":[[76.95948,35.6688],[77.0799,35.80259]]}},{"type":"Feature","properties":{"kind":"mountain_hachure"},"geometry":{"type":"LineString","coordinates":[[77.25948,35.6688],[77.3799,35.80259]]}},{"type":"Feature","properties":{"kind":"mountain_hachure"},"geometry":{"type":"LineString","coordinates":[[77.55948,35.6688],[77.6799,35.80259]]}},{"type":"Feature","properties":{"kind":"mountain_hachure"},"geometry":{"type":"LineString","coordinates":[[77.85948,35.6688],[77.9799,35.80259]]}},{"type":"Feature","properties":{"kind":"mountain_hachure"},"geometry":{"type":"LineString","coordinates":[[78.15948,35.6688],[78.2799,35.80259]]}},{"type":"Feature","properties":{"kind":"mountain_hachure"},"geometry":{"type":"LineString","coordinates":[[78.45948,35.6688],[78.5799,35.80259]]}},{"type":"Feature","properties":{"kind":"mountain_hachure"},"geometry":{"type":"LineString","coordinates":[[78.75948,35.6688],[78.8799,35.80259]]}},{"type":"Feature","properties":{"kind":"mountain_hachure"},"geometry":{"type":"LineString","coordinates":[[79.05948,35.6688],[79.1799,35.80259]]}},{"type":"Feature","properties":{"kind":"mountain_hachure"},"geometry":{"type":"LineString","coordinates":[[75.75948,35.9688],[75.8799,36.10259]]}},{"type":"Feature","properties":{"kind":"mountain_hachure"},"geometry":{"type":"LineString","coordinates":[[76.05948,35.9688],[76.1799,36.10259]]}},{"type":"Feature","properties":{"kind":"mountain_hachure"},"geometry":{"type":"LineString","coordinates":[[76.35948,35.9688],[76.4799,36.10259]]}},{"type":"Feature","properties":{"kind":"mountain_hachure"},"geometry":{"type":"LineString","coordinates":[[76.65948,35.9688],[76.7799,36.10259]]}},{"type":"Feature","properties":{"kind":"mountain_hachure"},"geometry":{"type":"LineString","coordinates":[[76.95948,35.9688],[77.0799,36.10259]]}},{"type":"Feature","properties":{"kind":"mountain_hachure"},"geometry":{"type":"LineString","coordinates":[[77.25948,35.9688],[77.3799,36.10259]]}},{"type":"Feature","properties":{"kind":"mountain_hachure"},"geometry":{"type":"LineString","coordinates":[[77.55948,35.9688],[77.6799,36.10259]]}},{"type":"Feature","properties":{"kind":"mountain_hachure"},"geometry":{"type":"LineString","coordinates":[[77.85948,35.9688],[77.9799,36.10259]]}},{"type":"Feature","properties":{"kind":"mountain_hachure"},"geometry":{"type":"LineString","coordinates":[[78.15948,35.9688],[78.2799,36.10259]]}},{"type":"Feature","properties":{"kind":"mountain_hachure"},"geometry":{"type":"LineString","coordinates":[[78.45948,35.9688],[78.5799,36.10259]]}},{"type":"Feature","properties":{"kind":"mountain_hachure"},"geometry":{"type":"LineString","coordinates":[[75.75948,36.2688],[75.8799,36.40259]]}},{"type":"Feature","properties":{"kind":"mountain_hachure"},"geometry":{"type":"LineString","coordinates":[[76.05948,36.2688],[76.1799,36.40259]]}},{"type":"Feature","properties":{"kind":"mountain_hachure"},"geometry":{"type":"LineString","coordinates":[[76.35948,36.2688],[76.4799,36.40259]]}},{"type":"Feature","properties":{"kind":"mountain_hachure"},"geometry":{"type":"LineString","coordinates":[[76.65948,36.2688],[76.7799,36.40259]]}},{"type":"Feature","properties":{"kind":"mountain_hachure"},"geometry":{"type":"LineString","coordinates":[[76.95948,36.2688],[77.0799,36.40259]]}},{"type":"Feature","properties":{"kind":"mountain_hachure"},"geometry":{"type":"LineString","coordinates":[[77.25948,36.2688],[77.3799,36.40259]]}},{"type":"Feature","properties":{"kind":"mountain_hachure"},"geometry":{"type":"LineString","coordinates":[[77.55948,36.2688],[77.6799,36.40259]]}},{"type":"Feature","properties":{"kind":"mountain_hachure"},"geometry":{"type":"LineString","coordinates":[[77.85948,36.2688],[77.9799,36.40259]]}},{"type":"Feature","properties":{"kind":"mountain_hachure"},"geometry":{"type":"LineString","coordinates":[[75.45948,36.5688],[75.5799,36.70259]]}},{"type":"Feature","properties":{"kind":"mountain_hachure"},"geometry":{"type":"LineString","coordinates":[[75.75948,36.5688],[75.8799,36.70259]]}},{"type":"Feature","properties":{"kind":"mountain_hachure"},"geometry":{"type":"LineString","coordinates":[[76.05948,36.5688],[76.1799,36.70259]]}},{"type":"Feature","properties":{"kind":"mountain_hachure"},"geometry":{"type":"LineString","coordinates":[[76.35948,36.5688],[76.4799,36.70259]]}},{"type":"Feature","properties":{"kind":"mountain_hachure"},"geometry":{"type":"LineString","coordinates":[[76.65948,36.5688],[76.7799,36.70259]]}},{"type":"Feature","properties":{"kind":"mountain_hachure"},"geometry":{"type":"LineString","coordinates":[[76.95948,36.5688],[77.0799,36.70259]]}},{"type":"Feature","properties":{"kind":"mountain_hachure"},"geometry":{"type":"LineString","coordinates":[[77.25948,36.5688],[77.3799,36.70259]]}},{"type":"Feature","properties":{"kind":"mountain_hachure"},"geometry":{"type":"LineString","coordinates":[[77.55948,36.5688],[77.6799,36.70259]]}},{"type":"Feature","properties":{"kind":"mountain_hachure"},"geometry":{"type":"LineString","coordinates":[[75.15948,36.8688],[75.2799,37.00259]]}},{"type":"Feature","properties":{"kind":"mountain_hachure"},"geometry":{"type":"LineString","coordinates":[[75.45948,36.8688],[75.5799,37.00259]]}},{"type":"Feature","properties":{"kind":"mountain_hachure"},"geometry":{"type":"LineString","coordinates":[[75.75948,36.8688],[75.8799,37.00259]]}},{"type":"Feature","properties":{"kind":"mountain_hachure"},"geometry":{"type":"LineString","coordinates":[[76.05948,36.8688],[76.1799,37.00259]]}},{"type":"Feature","properties":{"kind":"mountain_hachure"},"geometry":{"type":"LineString","coordinates":[[76.35948,36.8688],[76.4799,37.00259]]}},{"type":"Feature","properties":{"kind":"mountain_hachure"},"geometry":{"type":"LineString","coordinates":[[76.65948,36.8688],[76.7799,37.00259]]}},{"type":"Feature","properties":{"kind":"mountain_hachure"},"geometry":{"type":"LineString","coordinates":[[76.95948,36.8688],[77.0799,37.00259]]}},{"type":"Feature","properties":{"kind":"mountain_hachure"},"geometry":{"type":"LineString","coordinates":[[77.25948,36.8688],[77.3799,37.00259]]}},{"type":"Feature","properties":{"kind":"mountain_hachure"},"geometry":{"type":"LineString","coordinates":[[75.15948,37.1688],[75.2799,37.30259]]}},{"type":"Feature","properties":{"kind":"mountain_hachure"},"geometry":{"type":"LineString","coordinates":[[75.45948,37.1688],[75.5799,37.30259]]}},{"type":"Feature","properties":{"kind":"mountain_hachure"},"geometry":{"type":"LineString","coordinates":[[75.75948,37.1688],[75.8799,37.30259]]}},{"type":"Feature","properties":{"kind":"mountain_hachure"},"geometry":{"type":"LineString","coordinates":[[76.05948,37.1688],[76.1799,37.30259]]}},{"type":"Feature","properties":{"kind":"mountain_hachure"},"geometry":{"type":"LineString","coordinates":[[76.35948,37.1688],[76.4799,37.30259]]}},{"type":"Feature","properties":{"kind":"mountain_hachure"},"geometry":{"type":"LineString","coordinates":[[76.65948,37.1688],[76.7799,37.30259]]}},{"type":"Feature","properties":{"kind":"mountain_hachure"},"geometry":{"type":"LineString","coordinates":[[76.95948,37.1688],[77.0799,37.30259]]}},{"type":"Feature","properties":{"kind":"mountain_hachure"},"geometry":{"type":"LineString","coordinates":[[75.45948,37.4688],[75.5799,37.60259]]}},{"type":"Feature","properties":{"kind":"mountain_hachure"},"geometry":{"type":"LineString","coordinates":[[75.75948,37.4688],[75.8799,37.60259]]}},{"type":"Feature","properties":{"kind":"mountain_hachure"},"geometry":{"type":"LineString","coordinates":[[76.05948,37.4688],[76.1799,37.60259]]}},{"type":"Feature","properties":{"kind":"mountain_hachure"},"geometry":{"type":"LineString","coordinates":[[76.35948,37.4688],[76.4799,37.60259]]}},{"type":"Feature","properties":{"kind":"mountain_hachure"},"geometry":{"type":"LineString","coordinates":[[76.65948,37.4688],[76.7799,37.60259]]}},{"type":"Feature","properties":{"kind":"mountain_hachure"},"geometry":{"type":"LineString","coordinates":[[76.05948,37.7688],[76.1799,37.90259]]}},{"type":"Feature","properties":{"kind":"mountain_hachure"},"geometry":{"type":"LineString","coordinates":[[76.35948,37.7688],[76.4799,37.90259]]}},{"type":"Feature","properties":{"kind":"mountain_axis","name":"喀喇昆仑山脉","source":"Natural Earth 10m"},"geometry":{"type":"LineString","coordinates":[[75.19206,37.62671],[79.46647,33.77957]]}},{"type":"Feature","properties":{"kind":"mountain_arrow"},"geometry":{"type":"LineString","coordinates":[[75.19206,37.62671],[74.84866,37.69361]]}},{"type":"Feature","properties":{"kind":"mountain_arrow"},"geometry":{"type":"LineString","coordinates":[[75.19206,37.62671],[75.08949,37.96119]]}},{"type":"Feature","properties":{"kind":"mountain_arrow"},"geometry":{"type":"LineString","coordinates":[[79.46647,33.77957],[79.56904,33.44509]]}},{"type":"Feature","properties":{"kind":"mountain_arrow"},"geometry":{"type":"LineString","coordinates":[[79.46647,33.77957],[79.80987,33.71267]]}},{"type":"Feature","properties":{"kind":"mountain_area","name":"喀喇昆仑山脉","source":"Natural Earth 10m"},"geometry":{"type":"Polygon","coordinates":[[[79.01795,33.35401],[78.89686,33.3357],[78.37452,33.35432],[78.23866,33.38911],[78.22438,33.39653],[78.11024,33.45588],[78.0294,33.52282],[77.07582,34.31238],[76.38649,34.70435],[76.26698,34.81794],[76.10511,35.05909],[75.74818,35.81019],[75.70729,35.94269],[75.68995,36.30152],[75.65809,36.40632],[75.61024,36.48749],[75.48372,36.63063],[75.25184,36.89295],[75.19899,36.95203],[75.17225,36.9925],[75.16971,36.99981],[75.16261,37.02027],[75.15919,37.06116],[75.14759,37.086],[74.92823,37.28461],[74.91969,37.30933],[74.92921,37.33466],[74.9607,37.3614],[75.98599,37.78837],[76.24769,37.89735],[76.35743,37.91352],[76.44447,37.90638],[76.4543,37.89993],[76.49977,37.87012],[76.61073,37.74042],[76.97267,37.48243],[77.80909,36.48432],[77.86109,36.44947],[77.99977,36.38764],[78.26148,36.19122],[78.35108,36.12397],[78.48085,36.07264],[78.81227,35.99598],[78.97185,35.91624],[79.01149,35.89643],[79.27442,35.66865],[79.48329,35.37794],[79.62086,35.05897],[79.70033,34.59711],[79.84486,34.35761],[79.85597,34.31354],[79.85585,34.26514],[79.84169,34.21137],[79.82484,34.17774],[79.50294,33.82892],[79.24501,33.6515],[79.22645,33.63105],[79.19606,33.57722],[79.14869,33.45417],[79.13331,33.42762],[79.11427,33.40522],[79.07057,33.37458],[79.01795,33.35401]]]}},{"type":"Feature","properties":{"kind":"mountain_label","name":"喀喇昆仑山脉","source":"Natural Earth 10m"},"geometry":{"type":"Point","coordinates":[77.48751,35.56071]}},{"type":"Feature","properties":{"kind":"mountain_peaks","name":"喀喇昆仑山脉","source":"Natural Earth 10m"},"geometry":{"type":"MultiPoint","coordinates":[[76.51667,35.88333],[77.75,34.86667],[76.3,35.65]]}},{"type":"Feature","properties":{"kind":"mountain_hachure"},"geometry":{"type":"LineString","coordinates":[[80.35748,35.29678],[80.36271,35.4767]]}},{"type":"Feature","properties":{"kind":"mountain_hachure"},"geometry":{"type":"LineString","coordinates":[[80.65748,35.29678],[80.66271,35.4767]]}},{"type":"Feature","properties":{"kind":"mountain_hachure"},"geometry":{"type":"LineString","coordinates":[[80.95748,35.29678],[80.96271,35.4767]]}},{"type":"Feature","properties":{"kind":"mountain_hachure"},"geometry":{"type":"LineString","coordinates":[[81.25748,35.29678],[81.26271,35.4767]]}},{"type":"Feature","properties":{"kind":"mountain_hachure"},"geometry":{"type":"LineString","coordinates":[[81.55748,35.29678],[81.56271,35.4767]]}},{"type":"Feature","properties":{"kind":"mountain_hachure"},"geometry":{"type":"LineString","coordinates":[[81.85748,35.29678],[81.86271,35.4767]]}},{"type":"Feature","properties":{"kind":"mountain_hachure"},"geometry":{"type":"LineString","coordinates":[[82.15748,35.29678],[82.16271,35.4767]]}},{"type":"Feature","properties":{"kind":"mountain_hachure"},"geometry":{"type":"LineString","coordinates":[[82.45748,35.29678],[82.46271,35.4767]]}},{"type":"Feature","properties":{"kind":"mountain_hachure"},"geometry":{"type":"LineString","coordinates":[[82.75748,35.29678],[82.76271,35.4767]]}},{"type":"Feature","properties":{"kind":"mountain_hachure"},"geometry":{"type":"LineString","coordinates":[[83.05748,35.29678],[83.06271,35.4767]]}},{"type":"Feature","properties":{"kind":"mountain_hachure"},"geometry":{"type":"LineString","coordinates":[[83.35748,35.29678],[83.36271,35.4767]]}},{"type":"Feature","properties":{"kind":"mountain_hachure"},"geometry":{"type":"LineString","coordinates":[[96.85748,35.29678],[96.86271,35.4767]]}},{"type":"Feature","properties":{"kind":"mountain_hachure"},"geometry":{"type":"LineString","coordinates":[[97.15748,35.29678],[97.16271,35.4767]]}},{"type":"Feature","properties":{"kind":"mountain_hachure"},"geometry":{"type":"LineString","coordinates":[[97.45748,35.29678],[97.46271,35.4767]]}},{"type":"Feature","properties":{"kind":"mountain_hachure"},"geometry":{"type":"LineString","coordinates":[[97.75748,35.29678],[97.76271,35.4767]]}},{"type":"Feature","properties":{"kind":"mountain_hachure"},"geometry":{"type":"LineString","coordinates":[[98.05748,35.29678],[98.06271,35.4767]]}},{"type":"Feature","properties":{"kind":"mountain_hachure"},"geometry":{"type":"LineString","coordinates":[[98.35748,35.29678],[98.36271,35.4767]]}},{"type":"Feature","properties":{"kind":"mountain_hachure"},"geometry":{"type":"LineString","coordinates":[[98.65748,35.29678],[98.66271,35.4767]]}},{"type":"Feature","properties":{"kind":"mountain_hachure"},"geometry":{"type":"LineString","coordinates":[[98.95748,35.29678],[98.96271,35.4767]]}},{"type":"Feature","properties":{"kind":"mountain_hachure"},"geometry":{"type":"LineString","coordinates":[[99.25748,35.29678],[99.26271,35.4767]]}},{"type":"Feature","properties":{"kind":"mountain_hachure"},"geometry":{"type":"LineString","coordinates":[[79.75748,35.59678],[79.76271,35.7767]]}},{"type":"Feature","properties":{"kind":"mountain_hachure"},"geometry":{"type":"LineString","coordinates":[[80.05748,35.59678],[80.06271,35.7767]]}},{"type":"Feature","properties":{"kind":"mountain_hachure"},"geometry":{"type":"LineString","coordinates":[[80.35748,35.59678],[80.36271,35.7767]]}},{"type":"Feature","properties":{"kind":"mountain_hachure"},"geometry":{"type":"LineString","coordinates":[[80.65748,35.59678],[80.66271,35.7767]]}},{"type":"Feature","properties":{"kind":"mountain_hachure"},"geometry":{"type":"LineString","coordinates":[[80.95748,35.59678],[80.96271,35.7767]]}},{"type":"Feature","properties":{"kind":"mountain_hachure"},"geometry":{"type":"LineString","coordinates":[[81.25748,35.59678],[81.26271,35.7767]]}},{"type":"Feature","properties":{"kind":"mountain_hachure"},"geometry":{"type":"LineString","coordinates":[[81.55748,35.59678],[81.56271,35.7767]]}},{"type":"Feature","properties":{"kind":"mountain_hachure"},"geometry":{"type":"LineString","coordinates":[[81.85748,35.59678],[81.86271,35.7767]]}},{"type":"Feature","properties":{"kind":"mountain_hachure"},"geometry":{"type":"LineString","coordinates":[[82.15748,35.59678],[82.16271,35.7767]]}},{"type":"Feature","properties":{"kind":"mountain_hachure"},"geometry":{"type":"LineString","coordinates":[[82.45748,35.59678],[82.46271,35.7767]]}},{"type":"Feature","properties":{"kind":"mountain_hachure"},"geometry":{"type":"LineString","coordinates":[[82.75748,35.59678],[82.76271,35.7767]]}},{"type":"Feature","properties":{"kind":"mountain_hachure"},"geometry":{"type":"LineString","coordinates":[[83.05748,35.59678],[83.06271,35.7767]]}},{"type":"Feature","properties":{"kind":"mountain_hachure"},"geometry":{"type":"LineString","coordinates":[[83.35748,35.59678],[83.36271,35.7767]]}},{"type":"Feature","properties":{"kind":"mountain_hachure"},"geometry":{"type":"LineString","coordinates":[[83.65748,35.59678],[83.66271,35.7767]]}},{"type":"Feature","properties":{"kind":"mountain_hachure"},"geometry":{"type":"LineString","coordinates":[[83.95748,35.59678],[83.96271,35.7767]]}},{"type":"Feature","properties":{"kind":"mountain_hachure"},"geometry":{"type":"LineString","coordinates":[[84.25748,35.59678],[84.26271,35.7767]]}},{"type":"Feature","properties":{"kind":"mountain_hachure"},"geometry":{"type":"LineString","coordinates":[[84.55748,35.59678],[84.56271,35.7767]]}},{"type":"Feature","properties":{"kind":"mountain_hachure"},"geometry":{"type":"LineString","coordinates":[[84.85748,35.59678],[84.86271,35.7767]]}},{"type":"Feature","properties":{"kind":"mountain_hachure"},"geometry":{"type":"LineString","coordinates":[[85.15748,35.59678],[85.16271,35.7767]]}},{"type":"Feature","properties":{"kind":"mountain_hachure"},"geometry":{"type":"LineString","coordinates":[[85.45748,35.59678],[85.46271,35.7767]]}},{"type":"Feature","properties":{"kind":"mountain_hachure"},"geometry":{"type":"LineString","coordinates":[[85.75748,35.59678],[85.76271,35.7767]]}},{"type":"Feature","properties":{"kind":"mountain_hachure"},"geometry":{"type":"LineString","coordinates":[[86.05748,35.59678],[86.06271,35.7767]]}},{"type":"Feature","properties":{"kind":"mountain_hachure"},"geometry":{"type":"LineString","coordinates":[[86.35748,35.59678],[86.36271,35.7767]]}},{"type":"Feature","properties":{"kind":"mountain_hachure"},"geometry":{"type":"LineString","coordinates":[[86.65748,35.59678],[86.66271,35.7767]]}},{"type":"Feature","properties":{"kind":"mountain_hachure"},"geometry":{"type":"LineString","coordinates":[[86.95748,35.59678],[86.96271,35.7767]]}},{"type":"Feature","properties":{"kind":"mountain_hachure"},"geometry":{"type":"LineString","coordinates":[[87.25748,35.59678],[87.26271,35.7767]]}},{"type":"Feature","properties":{"kind":"mountain_hachure"},"geometry":{"type":"LineString","coordinates":[[87.55748,35.59678],[87.56271,35.7767]]}},{"type":"Feature","properties":{"kind":"mountain_hachure"},"geometry":{"type":"LineString","coordinates":[[87.85748,35.59678],[87.86271,35.7767]]}},{"type":"Feature","properties":{"kind":"mountain_hachure"},"geometry":{"type":"LineString","coordinates":[[88.15748,35.59678],[88.16271,35.7767]]}},{"type":"Feature","properties":{"kind":"mountain_hachure"},"geometry":{"type":"LineString","coordinates":[[88.45748,35.59678],[88.46271,35.7767]]}},{"type":"Feature","properties":{"kind":"mountain_hachure"},"geometry":{"type":"LineString","coordinates":[[88.75748,35.59678],[88.76271,35.7767]]}},{"type":"Feature","properties":{"kind":"mountain_hachure"},"geometry":{"type":"LineString","coordinates":[[89.05748,35.59678],[89.06271,35.7767]]}},{"type":"Feature","properties":{"kind":"mountain_hachure"},"geometry":{"type":"LineString","coordinates":[[89.35748,35.59678],[89.36271,35.7767]]}},{"type":"Feature","properties":{"kind":"mountain_hachure"},"geometry":{"type":"LineString","coordinates":[[89.65748,35.59678],[89.66271,35.7767]]}},{"type":"Feature","properties":{"kind":"mountain_hachure"},"geometry":{"type":"LineString","coordinates":[[89.95748,35.59678],[89.96271,35.7767]]}},{"type":"Feature","properties":{"kind":"mountain_hachure"},"geometry":{"type":"LineString","coordinates":[[90.25748,35.59678],[90.26271,35.7767]]}},{"type":"Feature","properties":{"kind":"mountain_hachure"},"geometry":{"type":"LineString","coordinates":[[90.55748,35.59678],[90.56271,35.7767]]}},{"type":"Feature","properties":{"kind":"mountain_hachure"},"geometry":{"type":"LineString","coordinates":[[90.85748,35.59678],[90.86271,35.7767]]}},{"type":"Feature","properties":{"kind":"mountain_hachure"},"geometry":{"type":"LineString","coordinates":[[91.15748,35.59678],[91.16271,35.7767]]}},{"type":"Feature","properties":{"kind":"mountain_hachure"},"geometry":{"type":"LineString","coordinates":[[91.45748,35.59678],[91.46271,35.7767]]}},{"type":"Feature","properties":{"kind":"mountain_hachure"},"geometry":{"type":"LineString","coordinates":[[91.75748,35.59678],[91.76271,35.7767]]}},{"type":"Feature","properties":{"kind":"mountain_hachure"},"geometry":{"type":"LineString","coordinates":[[92.05748,35.59678],[92.06271,35.7767]]}},{"type":"Feature","properties":{"kind":"mountain_hachure"},"geometry":{"type":"LineString","coordinates":[[92.35748,35.59678],[92.36271,35.7767]]}},{"type":"Feature","properties":{"kind":"mountain_hachure"},"geometry":{"type":"LineString","coordinates":[[92.65748,35.59678],[92.66271,35.7767]]}},{"type":"Feature","properties":{"kind":"mountain_hachure"},"geometry":{"type":"LineString","coordinates":[[92.95748,35.59678],[92.96271,35.7767]]}},{"type":"Feature","properties":{"kind":"mountain_hachure"},"geometry":{"type":"LineString","coordinates":[[93.25748,35.59678],[93.26271,35.7767]]}},{"type":"Feature","properties":{"kind":"mountain_hachure"},"geometry":{"type":"LineString","coordinates":[[93.55748,35.59678],[93.56271,35.7767]]}},{"type":"Feature","properties":{"kind":"mountain_hachure"},"geometry":{"type":"LineString","coordinates":[[93.85748,35.59678],[93.86271,35.7767]]}},{"type":"Feature","properties":{"kind":"mountain_hachure"},"geometry":{"type":"LineString","coordinates":[[94.15748,35.59678],[94.16271,35.7767]]}},{"type":"Feature","properties":{"kind":"mountain_hachure"},"geometry":{"type":"LineString","coordinates":[[94.45748,35.59678],[94.46271,35.7767]]}},{"type":"Feature","properties":{"kind":"mountain_hachure"},"geometry":{"type":"LineString","coordinates":[[94.75748,35.59678],[94.76271,35.7767]]}},{"type":"Feature","properties":{"kind":"mountain_hachure"},"geometry":{"type":"LineString","coordinates":[[95.05748,35.59678],[95.06271,35.7767]]}},{"type":"Feature","properties":{"kind":"mountain_hachure"},"geometry":{"type":"LineString","coordinates":[[95.35748,35.59678],[95.36271,35.7767]]}},{"type":"Feature","properties":{"kind":"mountain_hachure"},"geometry":{"type":"LineString","coordinates":[[95.65748,35.59678],[95.66271,35.7767]]}},{"type":"Feature","properties":{"kind":"mountain_hachure"},"geometry":{"type":"LineString","coordinates":[[95.95748,35.59678],[95.96271,35.7767]]}},{"type":"Feature","properties":{"kind":"mountain_hachure"},"geometry":{"type":"LineString","coordinates":[[96.25748,35.59678],[96.26271,35.7767]]}},{"type":"Feature","properties":{"kind":"mountain_hachure"},"geometry":{"type":"LineString","coordinates":[[96.55748,35.59678],[96.56271,35.7767]]}},{"type":"Feature","properties":{"kind":"mountain_hachure"},"geometry":{"type":"LineString","coordinates":[[96.85748,35.59678],[96.86271,35.7767]]}},{"type":"Feature","properties":{"kind":"mountain_hachure"},"geometry":{"type":"LineString","coordinates":[[97.15748,35.59678],[97.16271,35.7767]]}},{"type":"Feature","properties":{"kind":"mountain_hachure"},"geometry":{"type":"LineString","coordinates":[[97.45748,35.59678],[97.46271,35.7767]]}},{"type":"Feature","properties":{"kind":"mountain_hachure"},"geometry":{"type":"LineString","coordinates":[[97.75748,35.59678],[97.76271,35.7767]]}},{"type":"Feature","properties":{"kind":"mountain_hachure"},"geometry":{"type":"LineString","coordinates":[[98.05748,35.59678],[98.06271,35.7767]]}},{"type":"Feature","properties":{"kind":"mountain_hachure"},"geometry":{"type":"LineString","coordinates":[[98.35748,35.59678],[98.36271,35.7767]]}},{"type":"Feature","properties":{"kind":"mountain_hachure"},"geometry":{"type":"LineString","coordinates":[[98.65748,35.59678],[98.66271,35.7767]]}},{"type":"Feature","properties":{"kind":"mountain_hachure"},"geometry":{"type":"LineString","coordinates":[[98.95748,35.59678],[98.96271,35.7767]]}},{"type":"Feature","properties":{"kind":"mountain_hachure"},"geometry":{"type":"LineString","coordinates":[[99.25748,35.59678],[99.26271,35.7767]]}},{"type":"Feature","properties":{"kind":"mountain_hachure"},"geometry":{"type":"LineString","coordinates":[[78.85748,35.89678],[78.86271,36.0767]]}},{"type":"Feature","properties":{"kind":"mountain_hachure"},"geometry":{"type":"LineString","coordinates":[[79.15748,35.89678],[79.16271,36.0767]]}},{"type":"Feature","properties":{"kind":"mountain_hachure"},"geometry":{"type":"LineString","coordinates":[[79.45748,35.89678],[79.46271,36.0767]]}},{"type":"Feature","properties":{"kind":"mountain_hachure"},"geometry":{"type":"LineString","coordinates":[[79.75748,35.89678],[79.76271,36.0767]]}},{"type":"Feature","properties":{"kind":"mountain_hachure"},"geometry":{"type":"LineString","coordinates":[[80.05748,35.89678],[80.06271,36.0767]]}},{"type":"Feature","properties":{"kind":"mountain_hachure"},"geometry":{"type":"LineString","coordinates":[[80.35748,35.89678],[80.36271,36.0767]]}},{"type":"Feature","properties":{"kind":"mountain_hachure"},"geometry":{"type":"LineString","coordinates":[[80.65748,35.89678],[80.66271,36.0767]]}},{"type":"Feature","properties":{"kind":"mountain_hachure"},"geometry":{"type":"LineString","coordinates":[[80.95748,35.89678],[80.96271,36.0767]]}},{"type":"Feature","properties":{"kind":"mountain_hachure"},"geometry":{"type":"LineString","coordinates":[[81.25748,35.89678],[81.26271,36.0767]]}},{"type":"Feature","properties":{"kind":"mountain_hachure"},"geometry":{"type":"LineString","coordinates":[[81.55748,35.89678],[81.56271,36.0767]]}},{"type":"Feature","properties":{"kind":"mountain_hachure"},"geometry":{"type":"LineString","coordinates":[[81.85748,35.89678],[81.86271,36.0767]]}},{"type":"Feature","properties":{"kind":"mountain_hachure"},"geometry":{"type":"LineString","coordinates":[[82.15748,35.89678],[82.16271,36.0767]]}},{"type":"Feature","properties":{"kind":"mountain_hachure"},"geometry":{"type":"LineString","coordinates":[[82.45748,35.89678],[82.46271,36.0767]]}},{"type":"Feature","properties":{"kind":"mountain_hachure"},"geometry":{"type":"LineString","coordinates":[[82.75748,35.89678],[82.76271,36.0767]]}},{"type":"Feature","properties":{"kind":"mountain_hachure"},"geometry":{"type":"LineString","coordinates":[[83.05748,35.89678],[83.06271,36.0767]]}},{"type":"Feature","properties":{"kind":"mountain_hachure"},"geometry":{"type":"LineString","coordinates":[[83.35748,35.89678],[83.36271,36.0767]]}},{"type":"Feature","properties":{"kind":"mountain_hachure"},"geometry":{"type":"LineString","coordinates":[[83.65748,35.89678],[83.66271,36.0767]]}},{"type":"Feature","properties":{"kind":"mountain_hachure"},"geometry":{"type":"LineString","coordinates":[[83.95748,35.89678],[83.96271,36.0767]]}},{"type":"Feature","properties":{"kind":"mountain_hachure"},"geometry":{"type":"LineString","coordinates":[[84.25748,35.89678],[84.26271,36.0767]]}},{"type":"Feature","properties":{"kind":"mountain_hachure"},"geometry":{"type":"LineString","coordinates":[[84.55748,35.89678],[84.56271,36.0767]]}},{"type":"Feature","properties":{"kind":"mountain_hachure"},"geometry":{"type":"LineString","coordinates":[[84.85748,35.89678],[84.86271,36.0767]]}},{"type":"Feature","properties":{"kind":"mountain_hachure"},"geometry":{"type":"LineString","coordinates":[[85.15748,35.89678],[85.16271,36.0767]]}},{"type":"Feature","properties":{"kind":"mountain_hachure"},"geometry":{"type":"LineString","coordinates":[[85.45748,35.89678],[85.46271,36.0767]]}},{"type":"Feature","properties":{"kind":"mountain_hachure"},"geometry":{"type":"LineString","coordinates":[[85.75748,35.89678],[85.76271,36.0767]]}},{"type":"Feature","properties":{"kind":"mountain_hachure"},"geometry":{"type":"LineString","coordinates":[[86.05748,35.89678],[86.06271,36.0767]]}},{"type":"Feature","properties":{"kind":"mountain_hachure"},"geometry":{"type":"LineString","coordinates":[[86.35748,35.89678],[86.36271,36.0767]]}},{"type":"Feature","properties":{"kind":"mountain_hachure"},"geometry":{"type":"LineString","coordinates":[[86.65748,35.89678],[86.66271,36.0767]]}},{"type":"Feature","properties":{"kind":"mountain_hachure"},"geometry":{"type":"LineString","coordinates":[[86.95748,35.89678],[86.96271,36.0767]]}},{"type":"Feature","properties":{"kind":"mountain_hachure"},"geometry":{"type":"LineString","coordinates":[[87.25748,35.89678],[87.26271,36.0767]]}},{"type":"Feature","properties":{"kind":"mountain_hachure"},"geometry":{"type":"LineString","coordinates":[[87.55748,35.89678],[87.56271,36.0767]]}},{"type":"Feature","properties":{"kind":"mountain_hachure"},"geometry":{"type":"LineString","coordinates":[[87.85748,35.89678],[87.86271,36.0767]]}},{"type":"Feature","properties":{"kind":"mountain_hachure"},"geometry":{"type":"LineString","coordinates":[[88.15748,35.89678],[88.16271,36.0767]]}},{"type":"Feature","properties":{"kind":"mountain_hachure"},"geometry":{"type":"LineString","coordinates":[[88.45748,35.89678],[88.46271,36.0767]]}},{"type":"Feature","properties":{"kind":"mountain_hachure"},"geometry":{"type":"LineString","coordinates":[[88.75748,35.89678],[88.76271,36.0767]]}},{"type":"Feature","properties":{"kind":"mountain_hachure"},"geometry":{"type":"LineString","coordinates":[[89.05748,35.89678],[89.06271,36.0767]]}},{"type":"Feature","properties":{"kind":"mountain_hachure"},"geometry":{"type":"LineString","coordinates":[[89.35748,35.89678],[89.36271,36.0767]]}},{"type":"Feature","properties":{"kind":"mountain_hachure"},"geometry":{"type":"LineString","coordinates":[[89.65748,35.89678],[89.66271,36.0767]]}},{"type":"Feature","properties":{"kind":"mountain_hachure"},"geometry":{"type":"LineString","coordinates":[[89.95748,35.89678],[89.96271,36.0767]]}},{"type":"Feature","properties":{"kind":"mountain_hachure"},"geometry":{"type":"LineString","coordinates":[[90.25748,35.89678],[90.26271,36.0767]]}},{"type":"Feature","properties":{"kind":"mountain_hachure"},"geometry":{"type":"LineString","coordinates":[[90.55748,35.89678],[90.56271,36.0767]]}},{"type":"Feature","properties":{"kind":"mountain_hachure"},"geometry":{"type":"LineString","coordinates":[[90.85748,35.89678],[90.86271,36.0767]]}},{"type":"Feature","properties":{"kind":"mountain_hachure"},"geometry":{"type":"LineString","coordinates":[[91.15748,35.89678],[91.16271,36.0767]]}},{"type":"Feature","properties":{"kind":"mountain_hachure"},"geometry":{"type":"LineString","coordinates":[[91.45748,35.89678],[91.46271,36.0767]]}},{"type":"Feature","properties":{"kind":"mountain_hachure"},"geometry":{"type":"LineString","coordinates":[[91.75748,35.89678],[91.76271,36.0767]]}},{"type":"Feature","properties":{"kind":"mountain_hachure"},"geometry":{"type":"LineString","coordinates":[[92.05748,35.89678],[92.06271,36.0767]]}},{"type":"Feature","properties":{"kind":"mountain_hachure"},"geometry":{"type":"LineString","coordinates":[[92.35748,35.89678],[92.36271,36.0767]]}},{"type":"Feature","properties":{"kind":"mountain_hachure"},"geometry":{"type":"LineString","coordinates":[[92.65748,35.89678],[92.66271,36.0767]]}},{"type":"Feature","properties":{"kind":"mountain_hachure"},"geometry":{"type":"LineString","coordinates":[[92.95748,35.89678],[92.96271,36.0767]]}},{"type":"Feature","properties":{"kind":"mountain_hachure"},"geometry":{"type":"LineString","coordinates":[[93.25748,35.89678],[93.26271,36.0767]]}},{"type":"Feature","properties":{"kind":"mountain_hachure"},"geometry":{"type":"LineString","coordinates":[[93.55748,35.89678],[93.56271,36.0767]]}},{"type":"Feature","properties":{"kind":"mountain_hachure"},"geometry":{"type":"LineString","coordinates":[[93.85748,35.89678],[93.86271,36.0767]]}},{"type":"Feature","properties":{"kind":"mountain_hachure"},"geometry":{"type":"LineString","coordinates":[[94.15748,35.89678],[94.16271,36.0767]]}},{"type":"Feature","properties":{"kind":"mountain_hachure"},"geometry":{"type":"LineString","coordinates":[[94.45748,35.89678],[94.46271,36.0767]]}},{"type":"Feature","properties":{"kind":"mountain_hachure"},"geometry":{"type":"LineString","coordinates":[[94.75748,35.89678],[94.76271,36.0767]]}},{"type":"Feature","properties":{"kind":"mountain_hachure"},"geometry":{"type":"LineString","coordinates":[[95.05748,35.89678],[95.06271,36.0767]]}},{"type":"Feature","properties":{"kind":"mountain_hachure"},"geometry":{"type":"LineString","coordinates":[[95.35748,35.89678],[95.36271,36.0767]]}},{"type":"Feature","properties":{"kind":"mountain_hachure"},"geometry":{"type":"LineString","coordinates":[[95.65748,35.89678],[95.66271,36.0767]]}},{"type":"Feature","properties":{"kind":"mountain_hachure"},"geometry":{"type":"LineString","coordinates":[[95.95748,35.89678],[95.96271,36.0767]]}},{"type":"Feature","properties":{"kind":"mountain_hachure"},"geometry":{"type":"LineString","coordinates":[[96.25748,35.89678],[96.26271,36.0767]]}},{"type":"Feature","properties":{"kind":"mountain_hachure"},"geometry":{"type":"LineString","coordinates":[[96.55748,35.89678],[96.56271,36.0767]]}},{"type":"Feature","properties":{"kind":"mountain_hachure"},"geometry":{"type":"LineString","coordinates":[[96.85748,35.89678],[96.86271,36.0767]]}},{"type":"Feature","properties":{"kind":"mountain_hachure"},"geometry":{"type":"LineString","coordinates":[[97.15748,35.89678],[97.16271,36.0767]]}},{"type":"Feature","properties":{"kind":"mountain_hachure"},"geometry":{"type":"LineString","coordinates":[[97.45748,35.89678],[97.46271,36.0767]]}},{"type":"Feature","properties":{"kind":"mountain_hachure"},"geometry":{"type":"LineString","coordinates":[[98.05748,35.89678],[98.06271,36.0767]]}},{"type":"Feature","properties":{"kind":"mountain_hachure"},"geometry":{"type":"LineString","coordinates":[[98.35748,35.89678],[98.36271,36.0767]]}},{"type":"Feature","properties":{"kind":"mountain_hachure"},"geometry":{"type":"LineString","coordinates":[[98.65748,35.89678],[98.66271,36.0767]]}},{"type":"Feature","properties":{"kind":"mountain_hachure"},"geometry":{"type":"LineString","coordinates":[[98.95748,35.89678],[98.96271,36.0767]]}},{"type":"Feature","properties":{"kind":"mountain_hachure"},"geometry":{"type":"LineString","coordinates":[[99.25748,35.89678],[99.26271,36.0767]]}},{"type":"Feature","properties":{"kind":"mountain_hachure"},"geometry":{"type":"LineString","coordinates":[[78.25748,36.19678],[78.26271,36.3767]]}},{"type":"Feature","properties":{"kind":"mountain_hachure"},"geometry":{"type":"LineString","coordinates":[[78.55748,36.19678],[78.56271,36.3767]]}},{"type":"Feature","properties":{"kind":"mountain_hachure"},"geometry":{"type":"LineString","coordinates":[[78.85748,36.19678],[78.86271,36.3767]]}},{"type":"Feature","properties":{"kind":"mountain_hachure"},"geometry":{"type":"LineString","coordinates":[[79.15748,36.19678],[79.16271,36.3767]]}},{"type":"Feature","properties":{"kind":"mountain_hachure"},"geometry":{"type":"LineString","coordinates":[[79.45748,36.19678],[79.46271,36.3767]]}},{"type":"Feature","properties":{"kind":"mountain_hachure"},"geometry":{"type":"LineString","coordinates":[[79.75748,36.19678],[79.76271,36.3767]]}},{"type":"Feature","properties":{"kind":"mountain_hachure"},"geometry":{"type":"LineString","coordinates":[[80.05748,36.19678],[80.06271,36.3767]]}},{"type":"Feature","properties":{"kind":"mountain_hachure"},"geometry":{"type":"LineString","coordinates":[[80.35748,36.19678],[80.36271,36.3767]]}},{"type":"Feature","properties":{"kind":"mountain_hachure"},"geometry":{"type":"LineString","coordinates":[[80.65748,36.19678],[80.66271,36.3767]]}},{"type":"Feature","properties":{"kind":"mountain_hachure"},"geometry":{"type":"LineString","coordinates":[[80.95748,36.19678],[80.96271,36.3767]]}},{"type":"Feature","properties":{"kind":"mountain_hachure"},"geometry":{"type":"LineString","coordinates":[[81.25748,36.19678],[81.26271,36.3767]]}},{"type":"Feature","properties":{"kind":"mountain_hachure"},"geometry":{"type":"LineString","coordinates":[[81.55748,36.19678],[81.56271,36.3767]]}},{"type":"Feature","properties":{"kind":"mountain_hachure"},"geometry":{"type":"LineString","coordinates":[[81.85748,36.19678],[81.86271,36.3767]]}},{"type":"Feature","properties":{"kind":"mountain_hachure"},"geometry":{"type":"LineString","coordinates":[[82.15748,36.19678],[82.16271,36.3767]]}},{"type":"Feature","properties":{"kind":"mountain_hachure"},"geometry":{"type":"LineString","coordinates":[[82.45748,36.19678],[82.46271,36.3767]]}},{"type":"Feature","properties":{"kind":"mountain_hachure"},"geometry":{"type":"LineString","coordinates":[[82.75748,36.19678],[82.76271,36.3767]]}},{"type":"Feature","properties":{"kind":"mountain_hachure"},"geometry":{"type":"LineString","coordinates":[[83.05748,36.19678],[83.06271,36.3767]]}},{"type":"Feature","properties":{"kind":"mountain_hachure"},"geometry":{"type":"LineString","coordinates":[[83.35748,36.19678],[83.36271,36.3767]]}},{"type":"Feature","properties":{"kind":"mountain_hachure"},"geometry":{"type":"LineString","coordinates":[[83.65748,36.19678],[83.66271,36.3767]]}},{"type":"Feature","properties":{"kind":"mountain_hachure"},"geometry":{"type":"LineString","coordinates":[[83.95748,36.19678],[83.96271,36.3767]]}},{"type":"Feature","properties":{"kind":"mountain_hachure"},"geometry":{"type":"LineString","coordinates":[[84.25748,36.19678],[84.26271,36.3767]]}},{"type":"Feature","properties":{"kind":"mountain_hachure"},"geometry":{"type":"LineString","coordinates":[[84.55748,36.19678],[84.56271,36.3767]]}},{"type":"Feature","properties":{"kind":"mountain_hachure"},"geometry":{"type":"LineString","coordinates":[[84.85748,36.19678],[84.86271,36.3767]]}},{"type":"Feature","properties":{"kind":"mountain_hachure"},"geometry":{"type":"LineString","coordinates":[[85.15748,36.19678],[85.16271,36.3767]]}},{"type":"Feature","properties":{"kind":"mountain_hachure"},"geometry":{"type":"LineString","coordinates":[[85.45748,36.19678],[85.46271,36.3767]]}},{"type":"Feature","properties":{"kind":"mountain_hachure"},"geometry":{"type":"LineString","coordinates":[[85.75748,36.19678],[85.76271,36.3767]]}},{"type":"Feature","properties":{"kind":"mountain_hachure"},"geometry":{"type":"LineString","coordinates":[[86.05748,36.19678],[86.06271,36.3767]]}},{"type":"Feature","properties":{"kind":"mountain_hachure"},"geometry":{"type":"LineString","coordinates":[[86.35748,36.19678],[86.36271,36.3767]]}},{"type":"Feature","properties":{"kind":"mountain_hachure"},"geometry":{"type":"LineString","coordinates":[[86.65748,36.19678],[86.66271,36.3767]]}},{"type":"Feature","properties":{"kind":"mountain_hachure"},"geometry":{"type":"LineString","coordinates":[[86.95748,36.19678],[86.96271,36.3767]]}},{"type":"Feature","properties":{"kind":"mountain_hachure"},"geometry":{"type":"LineString","coordinates":[[87.25748,36.19678],[87.26271,36.3767]]}},{"type":"Feature","properties":{"kind":"mountain_hachure"},"geometry":{"type":"LineString","coordinates":[[87.55748,36.19678],[87.56271,36.3767]]}},{"type":"Feature","properties":{"kind":"mountain_hachure"},"geometry":{"type":"LineString","coordinates":[[87.85748,36.19678],[87.86271,36.3767]]}},{"type":"Feature","properties":{"kind":"mountain_hachure"},"geometry":{"type":"LineString","coordinates":[[88.15748,36.19678],[88.16271,36.3767]]}},{"type":"Feature","properties":{"kind":"mountain_hachure"},"geometry":{"type":"LineString","coordinates":[[88.45748,36.19678],[88.46271,36.3767]]}},{"type":"Feature","properties":{"kind":"mountain_hachure"},"geometry":{"type":"LineString","coordinates":[[88.75748,36.19678],[88.76271,36.3767]]}},{"type":"Feature","properties":{"kind":"mountain_hachure"},"geometry":{"type":"LineString","coordinates":[[89.05748,36.19678],[89.06271,36.3767]]}},{"type":"Feature","properties":{"kind":"mountain_hachure"},"geometry":{"type":"LineString","coordinates":[[89.35748,36.19678],[89.36271,36.3767]]}},{"type":"Feature","properties":{"kind":"mountain_hachure"},"geometry":{"type":"LineString","coordinates":[[89.65748,36.19678],[89.66271,36.3767]]}},{"type":"Feature","properties":{"kind":"mountain_hachure"},"geometry":{"type":"LineString","coordinates":[[89.95748,36.19678],[89.96271,36.3767]]}},{"type":"Feature","properties":{"kind":"mountain_hachure"},"geometry":{"type":"LineString","coordinates":[[90.25748,36.19678],[90.26271,36.3767]]}},{"type":"Feature","properties":{"kind":"mountain_hachure"},"geometry":{"type":"LineString","coordinates":[[90.55748,36.19678],[90.56271,36.3767]]}},{"type":"Feature","properties":{"kind":"mountain_hachure"},"geometry":{"type":"LineString","coordinates":[[90.85748,36.19678],[90.86271,36.3767]]}},{"type":"Feature","properties":{"kind":"mountain_hachure"},"geometry":{"type":"LineString","coordinates":[[91.15748,36.19678],[91.16271,36.3767]]}},{"type":"Feature","properties":{"kind":"mountain_hachure"},"geometry":{"type":"LineString","coordinates":[[91.45748,36.19678],[91.46271,36.3767]]}},{"type":"Feature","properties":{"kind":"mountain_hachure"},"geometry":{"type":"LineString","coordinates":[[91.75748,36.19678],[91.76271,36.3767]]}},{"type":"Feature","properties":{"kind":"mountain_hachure"},"geometry":{"type":"LineString","coordinates":[[92.05748,36.19678],[92.06271,36.3767]]}},{"type":"Feature","properties":{"kind":"mountain_hachure"},"geometry":{"type":"LineString","coordinates":[[92.35748,36.19678],[92.36271,36.3767]]}},{"type":"Feature","properties":{"kind":"mountain_hachure"},"geometry":{"type":"LineString","coordinates":[[92.65748,36.19678],[92.66271,36.3767]]}},{"type":"Feature","properties":{"kind":"mountain_hachure"},"geometry":{"type":"LineString","coordinates":[[92.95748,36.19678],[92.96271,36.3767]]}},{"type":"Feature","properties":{"kind":"mountain_hachure"},"geometry":{"type":"LineString","coordinates":[[93.25748,36.19678],[93.26271,36.3767]]}},{"type":"Feature","properties":{"kind":"mountain_hachure"},"geometry":{"type":"LineString","coordinates":[[93.55748,36.19678],[93.56271,36.3767]]}},{"type":"Feature","properties":{"kind":"mountain_hachure"},"geometry":{"type":"LineString","coordinates":[[93.85748,36.19678],[93.86271,36.3767]]}},{"type":"Feature","properties":{"kind":"mountain_hachure"},"geometry":{"type":"LineString","coordinates":[[94.15748,36.19678],[94.16271,36.3767]]}},{"type":"Feature","properties":{"kind":"mountain_hachure"},"geometry":{"type":"LineString","coordinates":[[94.45748,36.19678],[94.46271,36.3767]]}},{"type":"Feature","properties":{"kind":"mountain_hachure"},"geometry":{"type":"LineString","coordinates":[[94.75748,36.19678],[94.76271,36.3767]]}},{"type":"Feature","properties":{"kind":"mountain_hachure"},"geometry":{"type":"LineString","coordinates":[[95.05748,36.19678],[95.06271,36.3767]]}},{"type":"Feature","properties":{"kind":"mountain_hachure"},"geometry":{"type":"LineString","coordinates":[[95.35748,36.19678],[95.36271,36.3767]]}},{"type":"Feature","properties":{"kind":"mountain_hachure"},"geometry":{"type":"LineString","coordinates":[[95.65748,36.19678],[95.66271,36.3767]]}},{"type":"Feature","properties":{"kind":"mountain_hachure"},"geometry":{"type":"LineString","coordinates":[[95.95748,36.19678],[95.96271,36.3767]]}},{"type":"Feature","properties":{"kind":"mountain_hachure"},"geometry":{"type":"LineString","coordinates":[[96.25748,36.19678],[96.26271,36.3767]]}},{"type":"Feature","properties":{"kind":"mountain_hachure"},"geometry":{"type":"LineString","coordinates":[[78.25748,36.49678],[78.26271,36.6767]]}},{"type":"Feature","properties":{"kind":"mountain_hachure"},"geometry":{"type":"LineString","coordinates":[[78.55748,36.49678],[78.56271,36.6767]]}},{"type":"Feature","properties":{"kind":"mountain_hachure"},"geometry":{"type":"LineString","coordinates":[[78.85748,36.49678],[78.86271,36.6767]]}},{"type":"Feature","properties":{"kind":"mountain_hachure"},"geometry":{"type":"LineString","coordinates":[[79.15748,36.49678],[79.16271,36.6767]]}},{"type":"Feature","properties":{"kind":"mountain_hachure"},"geometry":{"type":"LineString","coordinates":[[79.45748,36.49678],[79.46271,36.6767]]}},{"type":"Feature","properties":{"kind":"mountain_hachure"},"geometry":{"type":"LineString","coordinates":[[79.75748,36.49678],[79.76271,36.6767]]}},{"type":"Feature","properties":{"kind":"mountain_hachure"},"geometry":{"type":"LineString","coordinates":[[80.05748,36.49678],[80.06271,36.6767]]}},{"type":"Feature","properties":{"kind":"mountain_hachure"},"geometry":{"type":"LineString","coordinates":[[80.35748,36.49678],[80.36271,36.6767]]}},{"type":"Feature","properties":{"kind":"mountain_hachure"},"geometry":{"type":"LineString","coordinates":[[82.15748,36.49678],[82.16271,36.6767]]}},{"type":"Feature","properties":{"kind":"mountain_hachure"},"geometry":{"type":"LineString","coordinates":[[82.45748,36.49678],[82.46271,36.6767]]}},{"type":"Feature","properties":{"kind":"mountain_hachure"},"geometry":{"type":"LineString","coordinates":[[82.75748,36.49678],[82.76271,36.6767]]}},{"type":"Feature","properties":{"kind":"mountain_hachure"},"geometry":{"type":"LineString","coordinates":[[83.05748,36.49678],[83.06271,36.6767]]}},{"type":"Feature","properties":{"kind":"mountain_hachure"},"geometry":{"type":"LineString","coordinates":[[83.35748,36.49678],[83.36271,36.6767]]}},{"type":"Feature","properties":{"kind":"mountain_hachure"},"geometry":{"type":"LineString","coordinates":[[83.65748,36.49678],[83.66271,36.6767]]}},{"type":"Feature","properties":{"kind":"mountain_hachure"},"geometry":{"type":"LineString","coordinates":[[83.95748,36.49678],[83.96271,36.6767]]}},{"type":"Feature","properties":{"kind":"mountain_hachure"},"geometry":{"type":"LineString","coordinates":[[84.25748,36.49678],[84.26271,36.6767]]}},{"type":"Feature","properties":{"kind":"mountain_hachure"},"geometry":{"type":"LineString","coordinates":[[84.55748,36.49678],[84.56271,36.6767]]}},{"type":"Feature","properties":{"kind":"mountain_hachure"},"geometry":{"type":"LineString","coordinates":[[84.85748,36.49678],[84.86271,36.6767]]}},{"type":"Feature","properties":{"kind":"mountain_hachure"},"geometry":{"type":"LineString","coordinates":[[85.15748,36.49678],[85.16271,36.6767]]}},{"type":"Feature","properties":{"kind":"mountain_hachure"},"geometry":{"type":"LineString","coordinates":[[85.45748,36.49678],[85.46271,36.6767]]}},{"type":"Feature","properties":{"kind":"mountain_hachure"},"geometry":{"type":"LineString","coordinates":[[85.75748,36.49678],[85.76271,36.6767]]}},{"type":"Feature","properties":{"kind":"mountain_hachure"},"geometry":{"type":"LineString","coordinates":[[86.05748,36.49678],[86.06271,36.6767]]}},{"type":"Feature","properties":{"kind":"mountain_hachure"},"geometry":{"type":"LineString","coordinates":[[86.35748,36.49678],[86.36271,36.6767]]}},{"type":"Feature","properties":{"kind":"mountain_hachure"},"geometry":{"type":"LineString","coordinates":[[86.65748,36.49678],[86.66271,36.6767]]}},{"type":"Feature","properties":{"kind":"mountain_hachure"},"geometry":{"type":"LineString","coordinates":[[86.95748,36.49678],[86.96271,36.6767]]}},{"type":"Feature","properties":{"kind":"mountain_hachure"},"geometry":{"type":"LineString","coordinates":[[87.25748,36.49678],[87.26271,36.6767]]}},{"type":"Feature","properties":{"kind":"mountain_hachure"},"geometry":{"type":"LineString","coordinates":[[87.55748,36.49678],[87.56271,36.6767]]}},{"type":"Feature","properties":{"kind":"mountain_hachure"},"geometry":{"type":"LineString","coordinates":[[87.85748,36.49678],[87.86271,36.6767]]}},{"type":"Feature","properties":{"kind":"mountain_hachure"},"geometry":{"type":"LineString","coordinates":[[88.15748,36.49678],[88.16271,36.6767]]}},{"type":"Feature","properties":{"kind":"mountain_hachure"},"geometry":{"type":"LineString","coordinates":[[88.45748,36.49678],[88.46271,36.6767]]}},{"type":"Feature","properties":{"kind":"mountain_hachure"},"geometry":{"type":"LineString","coordinates":[[88.75748,36.49678],[88.76271,36.6767]]}},{"type":"Feature","properties":{"kind":"mountain_hachure"},"geometry":{"type":"LineString","coordinates":[[89.05748,36.49678],[89.06271,36.6767]]}},{"type":"Feature","properties":{"kind":"mountain_hachure"},"geometry":{"type":"LineString","coordinates":[[89.35748,36.49678],[89.36271,36.6767]]}},{"type":"Feature","properties":{"kind":"mountain_hachure"},"geometry":{"type":"LineString","coordinates":[[89.65748,36.49678],[89.66271,36.6767]]}},{"type":"Feature","properties":{"kind":"mountain_hachure"},"geometry":{"type":"LineString","coordinates":[[89.95748,36.49678],[89.96271,36.6767]]}},{"type":"Feature","properties":{"kind":"mountain_hachure"},"geometry":{"type":"LineString","coordinates":[[90.25748,36.49678],[90.26271,36.6767]]}},{"type":"Feature","properties":{"kind":"mountain_hachure"},"geometry":{"type":"LineString","coordinates":[[90.55748,36.49678],[90.56271,36.6767]]}},{"type":"Feature","properties":{"kind":"mountain_hachure"},"geometry":{"type":"LineString","coordinates":[[90.85748,36.49678],[90.86271,36.6767]]}},{"type":"Feature","properties":{"kind":"mountain_hachure"},"geometry":{"type":"LineString","coordinates":[[91.15748,36.49678],[91.16271,36.6767]]}},{"type":"Feature","properties":{"kind":"mountain_hachure"},"geometry":{"type":"LineString","coordinates":[[91.45748,36.49678],[91.46271,36.6767]]}},{"type":"Feature","properties":{"kind":"mountain_hachure"},"geometry":{"type":"LineString","coordinates":[[91.75748,36.49678],[91.76271,36.6767]]}},{"type":"Feature","properties":{"kind":"mountain_hachure"},"geometry":{"type":"LineString","coordinates":[[92.05748,36.49678],[92.06271,36.6767]]}},{"type":"Feature","properties":{"kind":"mountain_hachure"},"geometry":{"type":"LineString","coordinates":[[92.35748,36.49678],[92.36271,36.6767]]}},{"type":"Feature","properties":{"kind":"mountain_hachure"},"geometry":{"type":"LineString","coordinates":[[92.65748,36.49678],[92.66271,36.6767]]}},{"type":"Feature","properties":{"kind":"mountain_hachure"},"geometry":{"type":"LineString","coordinates":[[92.95748,36.49678],[92.96271,36.6767]]}},{"type":"Feature","properties":{"kind":"mountain_hachure"},"geometry":{"type":"LineString","coordinates":[[78.25748,36.79678],[78.26271,36.9767]]}},{"type":"Feature","properties":{"kind":"mountain_hachure"},"geometry":{"type":"LineString","coordinates":[[78.55748,36.79678],[78.56271,36.9767]]}},{"type":"Feature","properties":{"kind":"mountain_hachure"},"geometry":{"type":"LineString","coordinates":[[78.85748,36.79678],[78.86271,36.9767]]}},{"type":"Feature","properties":{"kind":"mountain_hachure"},"geometry":{"type":"LineString","coordinates":[[79.15748,36.79678],[79.16271,36.9767]]}},{"type":"Feature","properties":{"kind":"mountain_hachure"},"geometry":{"type":"LineString","coordinates":[[79.45748,36.79678],[79.46271,36.9767]]}},{"type":"Feature","properties":{"kind":"mountain_hachure"},"geometry":{"type":"LineString","coordinates":[[79.75748,36.79678],[79.76271,36.9767]]}},{"type":"Feature","properties":{"kind":"mountain_hachure"},"geometry":{"type":"LineString","coordinates":[[83.95748,36.79678],[83.96271,36.9767]]}},{"type":"Feature","properties":{"kind":"mountain_hachure"},"geometry":{"type":"LineString","coordinates":[[84.25748,36.79678],[84.26271,36.9767]]}},{"type":"Feature","properties":{"kind":"mountain_hachure"},"geometry":{"type":"LineString","coordinates":[[84.55748,36.79678],[84.56271,36.9767]]}},{"type":"Feature","properties":{"kind":"mountain_hachure"},"geometry":{"type":"LineString","coordinates":[[84.85748,36.79678],[84.86271,36.9767]]}},{"type":"Feature","properties":{"kind":"mountain_hachure"},"geometry":{"type":"LineString","coordinates":[[85.15748,36.79678],[85.16271,36.9767]]}},{"type":"Feature","properties":{"kind":"mountain_hachure"},"geometry":{"type":"LineString","coordinates":[[85.45748,36.79678],[85.46271,36.9767]]}},{"type":"Feature","properties":{"kind":"mountain_hachure"},"geometry":{"type":"LineString","coordinates":[[85.75748,36.79678],[85.76271,36.9767]]}},{"type":"Feature","properties":{"kind":"mountain_hachure"},"geometry":{"type":"LineString","coordinates":[[86.05748,36.79678],[86.06271,36.9767]]}},{"type":"Feature","properties":{"kind":"mountain_hachure"},"geometry":{"type":"LineString","coordinates":[[86.35748,36.79678],[86.36271,36.9767]]}},{"type":"Feature","properties":{"kind":"mountain_hachure"},"geometry":{"type":"LineString","coordinates":[[86.65748,36.79678],[86.66271,36.9767]]}},{"type":"Feature","properties":{"kind":"mountain_hachure"},"geometry":{"type":"LineString","coordinates":[[86.95748,36.79678],[86.96271,36.9767]]}},{"type":"Feature","properties":{"kind":"mountain_hachure"},"geometry":{"type":"LineString","coordinates":[[87.25748,36.79678],[87.26271,36.9767]]}},{"type":"Feature","properties":{"kind":"mountain_hachure"},"geometry":{"type":"LineString","coordinates":[[87.55748,36.79678],[87.56271,36.9767]]}},{"type":"Feature","properties":{"kind":"mountain_hachure"},"geometry":{"type":"LineString","coordinates":[[87.85748,36.79678],[87.86271,36.9767]]}},{"type":"Feature","properties":{"kind":"mountain_hachure"},"geometry":{"type":"LineString","coordinates":[[88.15748,36.79678],[88.16271,36.9767]]}},{"type":"Feature","properties":{"kind":"mountain_hachure"},"geometry":{"type":"LineString","coordinates":[[88.45748,36.79678],[88.46271,36.9767]]}},{"type":"Feature","properties":{"kind":"mountain_hachure"},"geometry":{"type":"LineString","coordinates":[[88.75748,36.79678],[88.76271,36.9767]]}},{"type":"Feature","properties":{"kind":"mountain_hachure"},"geometry":{"type":"LineString","coordinates":[[89.05748,36.79678],[89.06271,36.9767]]}},{"type":"Feature","properties":{"kind":"mountain_hachure"},"geometry":{"type":"LineString","coordinates":[[89.35748,36.79678],[89.36271,36.9767]]}},{"type":"Feature","properties":{"kind":"mountain_hachure"},"geometry":{"type":"LineString","coordinates":[[89.65748,36.79678],[89.66271,36.9767]]}},{"type":"Feature","properties":{"kind":"mountain_hachure"},"geometry":{"type":"LineString","coordinates":[[89.95748,36.79678],[89.96271,36.9767]]}},{"type":"Feature","properties":{"kind":"mountain_hachure"},"geometry":{"type":"LineString","coordinates":[[90.25748,36.79678],[90.26271,36.9767]]}},{"type":"Feature","properties":{"kind":"mountain_hachure"},"geometry":{"type":"LineString","coordinates":[[90.55748,36.79678],[90.56271,36.9767]]}},{"type":"Feature","properties":{"kind":"mountain_hachure"},"geometry":{"type":"LineString","coordinates":[[90.85748,36.79678],[90.86271,36.9767]]}},{"type":"Feature","properties":{"kind":"mountain_hachure"},"geometry":{"type":"LineString","coordinates":[[91.15748,36.79678],[91.16271,36.9767]]}},{"type":"Feature","properties":{"kind":"mountain_hachure"},"geometry":{"type":"LineString","coordinates":[[91.45748,36.79678],[91.46271,36.9767]]}},{"type":"Feature","properties":{"kind":"mountain_hachure"},"geometry":{"type":"LineString","coordinates":[[91.75748,36.79678],[91.76271,36.9767]]}},{"type":"Feature","properties":{"kind":"mountain_hachure"},"geometry":{"type":"LineString","coordinates":[[92.05748,36.79678],[92.06271,36.9767]]}},{"type":"Feature","properties":{"kind":"mountain_hachure"},"geometry":{"type":"LineString","coordinates":[[92.35748,36.79678],[92.36271,36.9767]]}},{"type":"Feature","properties":{"kind":"mountain_hachure"},"geometry":{"type":"LineString","coordinates":[[84.55748,37.09678],[84.56271,37.2767]]}},{"type":"Feature","properties":{"kind":"mountain_hachure"},"geometry":{"type":"LineString","coordinates":[[84.85748,37.09678],[84.86271,37.2767]]}},{"type":"Feature","properties":{"kind":"mountain_hachure"},"geometry":{"type":"LineString","coordinates":[[85.15748,37.09678],[85.16271,37.2767]]}},{"type":"Feature","properties":{"kind":"mountain_hachure"},"geometry":{"type":"LineString","coordinates":[[85.45748,37.09678],[85.46271,37.2767]]}},{"type":"Feature","properties":{"kind":"mountain_hachure"},"geometry":{"type":"LineString","coordinates":[[85.75748,37.09678],[85.76271,37.2767]]}},{"type":"Feature","properties":{"kind":"mountain_hachure"},"geometry":{"type":"LineString","coordinates":[[86.05748,37.09678],[86.06271,37.2767]]}},{"type":"Feature","properties":{"kind":"mountain_hachure"},"geometry":{"type":"LineString","coordinates":[[86.35748,37.09678],[86.36271,37.2767]]}},{"type":"Feature","properties":{"kind":"mountain_hachure"},"geometry":{"type":"LineString","coordinates":[[86.65748,37.09678],[86.66271,37.2767]]}},{"type":"Feature","properties":{"kind":"mountain_hachure"},"geometry":{"type":"LineString","coordinates":[[86.95748,37.09678],[86.96271,37.2767]]}},{"type":"Feature","properties":{"kind":"mountain_hachure"},"geometry":{"type":"LineString","coordinates":[[87.25748,37.09678],[87.26271,37.2767]]}},{"type":"Feature","properties":{"kind":"mountain_hachure"},"geometry":{"type":"LineString","coordinates":[[87.55748,37.09678],[87.56271,37.2767]]}},{"type":"Feature","properties":{"kind":"mountain_hachure"},"geometry":{"type":"LineString","coordinates":[[87.85748,37.09678],[87.86271,37.2767]]}},{"type":"Feature","properties":{"kind":"mountain_hachure"},"geometry":{"type":"LineString","coordinates":[[88.15748,37.09678],[88.16271,37.2767]]}},{"type":"Feature","properties":{"kind":"mountain_hachure"},"geometry":{"type":"LineString","coordinates":[[88.45748,37.09678],[88.46271,37.2767]]}},{"type":"Feature","properties":{"kind":"mountain_hachure"},"geometry":{"type":"LineString","coordinates":[[88.75748,37.09678],[88.76271,37.2767]]}},{"type":"Feature","properties":{"kind":"mountain_hachure"},"geometry":{"type":"LineString","coordinates":[[89.05748,37.09678],[89.06271,37.2767]]}},{"type":"Feature","properties":{"kind":"mountain_hachure"},"geometry":{"type":"LineString","coordinates":[[89.35748,37.09678],[89.36271,37.2767]]}},{"type":"Feature","properties":{"kind":"mountain_hachure"},"geometry":{"type":"LineString","coordinates":[[89.65748,37.09678],[89.66271,37.2767]]}},{"type":"Feature","properties":{"kind":"mountain_hachure"},"geometry":{"type":"LineString","coordinates":[[89.95748,37.09678],[89.96271,37.2767]]}},{"type":"Feature","properties":{"kind":"mountain_hachure"},"geometry":{"type":"LineString","coordinates":[[90.25748,37.09678],[90.26271,37.2767]]}},{"type":"Feature","properties":{"kind":"mountain_hachure"},"geometry":{"type":"LineString","coordinates":[[90.55748,37.09678],[90.56271,37.2767]]}},{"type":"Feature","properties":{"kind":"mountain_hachure"},"geometry":{"type":"LineString","coordinates":[[90.85748,37.09678],[90.86271,37.2767]]}},{"type":"Feature","properties":{"kind":"mountain_hachure"},"geometry":{"type":"LineString","coordinates":[[91.15748,37.09678],[91.16271,37.2767]]}},{"type":"Feature","properties":{"kind":"mountain_hachure"},"geometry":{"type":"LineString","coordinates":[[91.45748,37.09678],[91.46271,37.2767]]}},{"type":"Feature","properties":{"kind":"mountain_hachure"},"geometry":{"type":"LineString","coordinates":[[91.75748,37.09678],[91.76271,37.2767]]}},{"type":"Feature","properties":{"kind":"mountain_hachure"},"geometry":{"type":"LineString","coordinates":[[85.45748,37.39678],[85.46271,37.5767]]}},{"type":"Feature","properties":{"kind":"mountain_hachure"},"geometry":{"type":"LineString","coordinates":[[85.75748,37.39678],[85.76271,37.5767]]}},{"type":"Feature","properties":{"kind":"mountain_hachure"},"geometry":{"type":"LineString","coordinates":[[86.05748,37.39678],[86.06271,37.5767]]}},{"type":"Feature","properties":{"kind":"mountain_hachure"},"geometry":{"type":"LineString","coordinates":[[86.35748,37.39678],[86.36271,37.5767]]}},{"type":"Feature","properties":{"kind":"mountain_hachure"},"geometry":{"type":"LineString","coordinates":[[86.65748,37.39678],[86.66271,37.5767]]}},{"type":"Feature","properties":{"kind":"mountain_hachure"},"geometry":{"type":"LineString","coordinates":[[86.95748,37.39678],[86.96271,37.5767]]}},{"type":"Feature","properties":{"kind":"mountain_hachure"},"geometry":{"type":"LineString","coordinates":[[87.25748,37.39678],[87.26271,37.5767]]}},{"type":"Feature","properties":{"kind":"mountain_hachure"},"geometry":{"type":"LineString","coordinates":[[87.55748,37.39678],[87.56271,37.5767]]}},{"type":"Feature","properties":{"kind":"mountain_hachure"},"geometry":{"type":"LineString","coordinates":[[87.85748,37.39678],[87.86271,37.5767]]}},{"type":"Feature","properties":{"kind":"mountain_hachure"},"geometry":{"type":"LineString","coordinates":[[88.15748,37.39678],[88.16271,37.5767]]}},{"type":"Feature","properties":{"kind":"mountain_hachure"},"geometry":{"type":"LineString","coordinates":[[88.45748,37.39678],[88.46271,37.5767]]}},{"type":"Feature","properties":{"kind":"mountain_hachure"},"geometry":{"type":"LineString","coordinates":[[88.75748,37.39678],[88.76271,37.5767]]}},{"type":"Feature","properties":{"kind":"mountain_hachure"},"geometry":{"type":"LineString","coordinates":[[89.05748,37.39678],[89.06271,37.5767]]}},{"type":"Feature","properties":{"kind":"mountain_hachure"},"geometry":{"type":"LineString","coordinates":[[89.35748,37.39678],[89.36271,37.5767]]}},{"type":"Feature","properties":{"kind":"mountain_hachure"},"geometry":{"type":"LineString","coordinates":[[89.65748,37.39678],[89.66271,37.5767]]}},{"type":"Feature","properties":{"kind":"mountain_hachure"},"geometry":{"type":"LineString","coordinates":[[89.95748,37.39678],[89.96271,37.5767]]}},{"type":"Feature","properties":{"kind":"mountain_hachure"},"geometry":{"type":"LineString","coordinates":[[90.25748,37.39678],[90.26271,37.5767]]}},{"type":"Feature","properties":{"kind":"mountain_hachure"},"geometry":{"type":"LineString","coordinates":[[90.55748,37.39678],[90.56271,37.5767]]}},{"type":"Feature","properties":{"kind":"mountain_hachure"},"geometry":{"type":"LineString","coordinates":[[90.85748,37.39678],[90.86271,37.5767]]}},{"type":"Feature","properties":{"kind":"mountain_hachure"},"geometry":{"type":"LineString","coordinates":[[91.15748,37.39678],[91.16271,37.5767]]}},{"type":"Feature","properties":{"kind":"mountain_axis","name":"昆仑山脉","source":"Natural Earth 10m"},"geometry":{"type":"LineString","coordinates":[[77.95728,36.61831],[99.49126,35.99319]]}},{"type":"Feature","properties":{"kind":"mountain_arrow"},"geometry":{"type":"LineString","coordinates":[[77.95728,36.61831],[77.65218,36.44709]]}},{"type":"Feature","properties":{"kind":"mountain_arrow"},"geometry":{"type":"LineString","coordinates":[[77.95728,36.61831],[77.66263,36.80694]]}},{"type":"Feature","properties":{"kind":"mountain_arrow"},"geometry":{"type":"LineString","coordinates":[[99.49126,35.99319],[99.78591,35.80456]]}},{"type":"Feature","properties":{"kind":"mountain_arrow"},"geometry":{"type":"LineString","coordinates":[[99.49126,35.99319],[99.79636,36.16441]]}},{"type":"Feature","properties":{"kind":"mountain_area","name":"昆仑山脉","source":"Natural Earth 10m"},"geometry":{"type":"Polygon","coordinates":[[[86.80079,37.62501],[87.58741,37.50452],[89.21877,37.52669],[89.51339,37.53069],[91.19911,37.5536],[91.53089,37.46216],[92.67262,36.76166],[92.70914,36.74609],[92.85972,36.68187],[93.0138,36.61616],[94.18667,36.44252],[94.663,36.372],[94.99492,36.32286],[95.14591,36.30051],[95.15638,36.29896],[95.42613,36.37108],[95.65907,36.43336],[95.76161,36.43976],[95.92731,36.3967],[97.58326,35.96638],[97.78793,35.98875],[97.98492,36.01029],[97.98634,36.01044],[98.01806,36.02041],[98.13803,36.05813],[98.15138,36.06232],[98.49671,36.25275],[98.58924,36.27326],[98.79811,36.26758],[99.0099,36.21314],[99.18934,36.12641],[99.25843,36.06977],[99.31678,35.99836],[99.40382,35.82502],[99.45509,35.63422],[99.4756,35.45374],[99.47169,35.3639],[99.45228,35.28669],[99.41871,35.22199],[99.37208,35.16975],[99.31312,35.12983],[99.24317,35.10218],[99.16285,35.08674],[98.9087,35.09724],[97.59278,35.36024],[87.33644,35.68775],[86.73854,35.48774],[82.29066,35.3545],[81.85353,35.22925],[81.38526,35.16645],[80.82508,35.17756],[80.55445,35.22645],[79.29017,35.83112],[79.08583,35.89686],[78.97185,35.91624],[78.66798,35.9679],[78.47157,36.0362],[78.28102,36.16981],[78.26148,36.19122],[78.09986,36.36835],[78.02919,36.48151],[77.98048,36.59858],[77.96009,36.71516],[77.97462,36.82728],[78.04164,36.95496],[78.14381,37.04743],[78.27259,37.10975],[78.57472,37.16462],[79.15968,37.13196],[79.74073,36.98676],[80.52307,36.62994],[80.67384,36.56117],[80.71534,36.54224],[80.84284,36.50577],[81.16249,36.41434],[81.20802,36.40131],[81.34364,36.40992],[82.13502,36.67988],[83.40222,36.81688],[83.4944,36.82685],[83.67066,36.88803],[85.70828,37.59532],[86.04261,37.71137],[86.80079,37.62501]]]}},{"type":"Feature","properties":{"kind":"mountain_label","name":"昆仑山脉","source":"Natural Earth 10m"},"geometry":{"type":"Point","coordinates":[89.09904,36.29487]}},{"type":"Feature","properties":{"kind":"mountain_peaks","name":"昆仑山脉","source":"Natural Earth 10m"},"geometry":{"type":"MultiPoint","coordinates":[[80.90833,35.31667],[79.45833,36.01667],[81.20833,35.41667]]}},{"type":"Feature","properties":{"kind":"mountain_hachure"},"geometry":{"type":"LineString","coordinates":[[73.28312,39.87049],[73.27101,40.05008]]}},{"type":"Feature","properties":{"kind":"mountain_hachure"},"geometry":{"type":"LineString","coordinates":[[73.58312,39.87049],[73.57101,40.05008]]}},{"type":"Feature","properties":{"kind":"mountain_hachure"},"geometry":{"type":"LineString","coordinates":[[73.88312,39.87049],[73.87101,40.05008]]}},{"type":"Feature","properties":{"kind":"mountain_hachure"},"geometry":{"type":"LineString","coordinates":[[74.18312,39.87049],[74.17101,40.05008]]}},{"type":"Feature","properties":{"kind":"mountain_hachure"},"geometry":{"type":"LineString","coordinates":[[74.48312,39.87049],[74.47101,40.05008]]}},{"type":"Feature","properties":{"kind":"mountain_hachure"},"geometry":{"type":"LineString","coordinates":[[74.78312,39.87049],[74.77101,40.05008]]}},{"type":"Feature","properties":{"kind":"mountain_hachure"},"geometry":{"type":"LineString","coordinates":[[75.08312,39.87049],[75.07101,40.05008]]}},{"type":"Feature","properties":{"kind":"mountain_hachure"},"geometry":{"type":"LineString","coordinates":[[75.38312,39.87049],[75.37101,40.05008]]}},{"type":"Feature","properties":{"kind":"mountain_hachure"},"geometry":{"type":"LineString","coordinates":[[75.68312,39.87049],[75.67101,40.05008]]}},{"type":"Feature","properties":{"kind":"mountain_hachure"},"geometry":{"type":"LineString","coordinates":[[75.98312,39.87049],[75.97101,40.05008]]}},{"type":"Feature","properties":{"kind":"mountain_hachure"},"geometry":{"type":"LineString","coordinates":[[76.28312,39.87049],[76.27101,40.05008]]}},{"type":"Feature","properties":{"kind":"mountain_hachure"},"geometry":{"type":"LineString","coordinates":[[76.58312,39.87049],[76.57101,40.05008]]}},{"type":"Feature","properties":{"kind":"mountain_hachure"},"geometry":{"type":"LineString","coordinates":[[76.88312,39.87049],[76.87101,40.05008]]}},{"type":"Feature","properties":{"kind":"mountain_hachure"},"geometry":{"type":"LineString","coordinates":[[77.18312,39.87049],[77.17101,40.05008]]}},{"type":"Feature","properties":{"kind":"mountain_hachure"},"geometry":{"type":"LineString","coordinates":[[73.28312,40.17049],[73.27101,40.35008]]}},{"type":"Feature","properties":{"kind":"mountain_hachure"},"geometry":{"type":"LineString","coordinates":[[73.58312,40.17049],[73.57101,40.35008]]}},{"type":"Feature","properties":{"kind":"mountain_hachure"},"geometry":{"type":"LineString","coordinates":[[73.88312,40.17049],[73.87101,40.35008]]}},{"type":"Feature","properties":{"kind":"mountain_hachure"},"geometry":{"type":"LineString","coordinates":[[74.18312,40.17049],[74.17101,40.35008]]}},{"type":"Feature","properties":{"kind":"mountain_hachure"},"geometry":{"type":"LineString","coordinates":[[74.48312,40.17049],[74.47101,40.35008]]}},{"type":"Feature","properties":{"kind":"mountain_hachure"},"geometry":{"type":"LineString","coordinates":[[74.78312,40.17049],[74.77101,40.35008]]}},{"type":"Feature","properties":{"kind":"mountain_hachure"},"geometry":{"type":"LineString","coordinates":[[75.08312,40.17049],[75.07101,40.35008]]}},{"type":"Feature","properties":{"kind":"mountain_hachure"},"geometry":{"type":"LineString","coordinates":[[75.38312,40.17049],[75.37101,40.35008]]}},{"type":"Feature","properties":{"kind":"mountain_hachure"},"geometry":{"type":"LineString","coordinates":[[75.68312,40.17049],[75.67101,40.35008]]}},{"type":"Feature","properties":{"kind":"mountain_hachure"},"geometry":{"type":"LineString","coordinates":[[75.98312,40.17049],[75.97101,40.35008]]}},{"type":"Feature","properties":{"kind":"mountain_hachure"},"geometry":{"type":"LineString","coordinates":[[76.28312,40.17049],[76.27101,40.35008]]}},{"type":"Feature","properties":{"kind":"mountain_hachure"},"geometry":{"type":"LineString","coordinates":[[76.58312,40.17049],[76.57101,40.35008]]}},{"type":"Feature","properties":{"kind":"mountain_hachure"},"geometry":{"type":"LineString","coordinates":[[76.88312,40.17049],[76.87101,40.35008]]}},{"type":"Feature","properties":{"kind":"mountain_hachure"},"geometry":{"type":"LineString","coordinates":[[77.18312,40.17049],[77.17101,40.35008]]}},{"type":"Feature","properties":{"kind":"mountain_hachure"},"geometry":{"type":"LineString","coordinates":[[77.48312,40.17049],[77.47101,40.35008]]}},{"type":"Feature","properties":{"kind":"mountain_hachure"},"geometry":{"type":"LineString","coordinates":[[77.78312,40.17049],[77.77101,40.35008]]}},{"type":"Feature","properties":{"kind":"mountain_hachure"},"geometry":{"type":"LineString","coordinates":[[78.08312,40.17049],[78.07101,40.35008]]}},{"type":"Feature","properties":{"kind":"mountain_hachure"},"geometry":{"type":"LineString","coordinates":[[73.28312,40.47049],[73.27101,40.65008]]}},{"type":"Feature","properties":{"kind":"mountain_hachure"},"geometry":{"type":"LineString","coordinates":[[73.58312,40.47049],[73.57101,40.65008]]}},{"type":"Feature","properties":{"kind":"mountain_hachure"},"geometry":{"type":"LineString","coordinates":[[73.88312,40.47049],[73.87101,40.65008]]}},{"type":"Feature","properties":{"kind":"mountain_hachure"},"geometry":{"type":"LineString","coordinates":[[74.18312,40.47049],[74.17101,40.65008]]}},{"type":"Feature","properties":{"kind":"mountain_hachure"},"geometry":{"type":"LineString","coordinates":[[74.48312,40.47049],[74.47101,40.65008]]}},{"type":"Feature","properties":{"kind":"mountain_hachure"},"geometry":{"type":"LineString","coordinates":[[74.78312,40.47049],[74.77101,40.65008]]}},{"type":"Feature","properties":{"kind":"mountain_hachure"},"geometry":{"type":"LineString","coordinates":[[75.08312,40.47049],[75.07101,40.65008]]}},{"type":"Feature","properties":{"kind":"mountain_hachure"},"geometry":{"type":"LineString","coordinates":[[75.38312,40.47049],[75.37101,40.65008]]}},{"type":"Feature","properties":{"kind":"mountain_hachure"},"geometry":{"type":"LineString","coordinates":[[75.68312,40.47049],[75.67101,40.65008]]}},{"type":"Feature","properties":{"kind":"mountain_hachure"},"geometry":{"type":"LineString","coordinates":[[75.98312,40.47049],[75.97101,40.65008]]}},{"type":"Feature","properties":{"kind":"mountain_hachure"},"geometry":{"type":"LineString","coordinates":[[76.28312,40.47049],[76.27101,40.65008]]}},{"type":"Feature","properties":{"kind":"mountain_hachure"},"geometry":{"type":"LineString","coordinates":[[76.58312,40.47049],[76.57101,40.65008]]}},{"type":"Feature","properties":{"kind":"mountain_hachure"},"geometry":{"type":"LineString","coordinates":[[76.88312,40.47049],[76.87101,40.65008]]}},{"type":"Feature","properties":{"kind":"mountain_hachure"},"geometry":{"type":"LineString","coordinates":[[77.18312,40.47049],[77.17101,40.65008]]}},{"type":"Feature","properties":{"kind":"mountain_hachure"},"geometry":{"type":"LineString","coordinates":[[77.48312,40.47049],[77.47101,40.65008]]}},{"type":"Feature","properties":{"kind":"mountain_hachure"},"geometry":{"type":"LineString","coordinates":[[77.78312,40.47049],[77.77101,40.65008]]}},{"type":"Feature","properties":{"kind":"mountain_hachure"},"geometry":{"type":"LineString","coordinates":[[78.08312,40.47049],[78.07101,40.65008]]}},{"type":"Feature","properties":{"kind":"mountain_hachure"},"geometry":{"type":"LineString","coordinates":[[78.38312,40.47049],[78.37101,40.65008]]}},{"type":"Feature","properties":{"kind":"mountain_hachure"},"geometry":{"type":"LineString","coordinates":[[78.68312,40.47049],[78.67101,40.65008]]}},{"type":"Feature","properties":{"kind":"mountain_hachure"},"geometry":{"type":"LineString","coordinates":[[78.98312,40.47049],[78.97101,40.65008]]}},{"type":"Feature","properties":{"kind":"mountain_hachure"},"geometry":{"type":"LineString","coordinates":[[73.28312,40.77049],[73.27101,40.95008]]}},{"type":"Feature","properties":{"kind":"mountain_hachure"},"geometry":{"type":"LineString","coordinates":[[73.58312,40.77049],[73.57101,40.95008]]}},{"type":"Feature","properties":{"kind":"mountain_hachure"},"geometry":{"type":"LineString","coordinates":[[73.88312,40.77049],[73.87101,40.95008]]}},{"type":"Feature","properties":{"kind":"mountain_hachure"},"geometry":{"type":"LineString","coordinates":[[74.18312,40.77049],[74.17101,40.95008]]}},{"type":"Feature","properties":{"kind":"mountain_hachure"},"geometry":{"type":"LineString","coordinates":[[74.48312,40.77049],[74.47101,40.95008]]}},{"type":"Feature","properties":{"kind":"mountain_hachure"},"geometry":{"type":"LineString","coordinates":[[74.78312,40.77049],[74.77101,40.95008]]}},{"type":"Feature","properties":{"kind":"mountain_hachure"},"geometry":{"type":"LineString","coordinates":[[75.08312,40.77049],[75.07101,40.95008]]}},{"type":"Feature","properties":{"kind":"mountain_hachure"},"geometry":{"type":"LineString","coordinates":[[75.38312,40.77049],[75.37101,40.95008]]}},{"type":"Feature","properties":{"kind":"mountain_hachure"},"geometry":{"type":"LineString","coordinates":[[75.68312,40.77049],[75.67101,40.95008]]}},{"type":"Feature","properties":{"kind":"mountain_hachure"},"geometry":{"type":"LineString","coordinates":[[75.98312,40.77049],[75.97101,40.95008]]}},{"type":"Feature","properties":{"kind":"mountain_hachure"},"geometry":{"type":"LineString","coordinates":[[76.28312,40.77049],[76.27101,40.95008]]}},{"type":"Feature","properties":{"kind":"mountain_hachure"},"geometry":{"type":"LineString","coordinates":[[76.58312,40.77049],[76.57101,40.95008]]}},{"type":"Feature","properties":{"kind":"mountain_hachure"},"geometry":{"type":"LineString","coordinates":[[76.88312,40.77049],[76.87101,40.95008]]}},{"type":"Feature","properties":{"kind":"mountain_hachure"},"geometry":{"type":"LineString","coordinates":[[77.18312,40.77049],[77.17101,40.95008]]}},{"type":"Feature","properties":{"kind":"mountain_hachure"},"geometry":{"type":"LineString","coordinates":[[77.48312,40.77049],[77.47101,40.95008]]}},{"type":"Feature","properties":{"kind":"mountain_hachure"},"geometry":{"type":"LineString","coordinates":[[77.78312,40.77049],[77.77101,40.95008]]}},{"type":"Feature","properties":{"kind":"mountain_hachure"},"geometry":{"type":"LineString","coordinates":[[78.08312,40.77049],[78.07101,40.95008]]}},{"type":"Feature","properties":{"kind":"mountain_hachure"},"geometry":{"type":"LineString","coordinates":[[78.38312,40.77049],[78.37101,40.95008]]}},{"type":"Feature","properties":{"kind":"mountain_hachure"},"geometry":{"type":"LineString","coordinates":[[78.68312,40.77049],[78.67101,40.95008]]}},{"type":"Feature","properties":{"kind":"mountain_hachure"},"geometry":{"type":"LineString","coordinates":[[78.98312,40.77049],[78.97101,40.95008]]}},{"type":"Feature","properties":{"kind":"mountain_hachure"},"geometry":{"type":"LineString","coordinates":[[79.28312,40.77049],[79.27101,40.95008]]}},{"type":"Feature","properties":{"kind":"mountain_hachure"},"geometry":{"type":"LineString","coordinates":[[79.58312,40.77049],[79.57101,40.95008]]}},{"type":"Feature","properties":{"kind":"mountain_hachure"},"geometry":{"type":"LineString","coordinates":[[79.88312,40.77049],[79.87101,40.95008]]}},{"type":"Feature","properties":{"kind":"mountain_hachure"},"geometry":{"type":"LineString","coordinates":[[73.28312,41.07049],[73.27101,41.25008]]}},{"type":"Feature","properties":{"kind":"mountain_hachure"},"geometry":{"type":"LineString","coordinates":[[73.58312,41.07049],[73.57101,41.25008]]}},{"type":"Feature","properties":{"kind":"mountain_hachure"},"geometry":{"type":"LineString","coordinates":[[73.88312,41.07049],[73.87101,41.25008]]}},{"type":"Feature","properties":{"kind":"mountain_hachure"},"geometry":{"type":"LineString","coordinates":[[74.18312,41.07049],[74.17101,41.25008]]}},{"type":"Feature","properties":{"kind":"mountain_hachure"},"geometry":{"type":"LineString","coordinates":[[74.48312,41.07049],[74.47101,41.25008]]}},{"type":"Feature","properties":{"kind":"mountain_hachure"},"geometry":{"type":"LineString","coordinates":[[74.78312,41.07049],[74.77101,41.25008]]}},{"type":"Feature","properties":{"kind":"mountain_hachure"},"geometry":{"type":"LineString","coordinates":[[75.08312,41.07049],[75.07101,41.25008]]}},{"type":"Feature","properties":{"kind":"mountain_hachure"},"geometry":{"type":"LineString","coordinates":[[75.38312,41.07049],[75.37101,41.25008]]}},{"type":"Feature","properties":{"kind":"mountain_hachure"},"geometry":{"type":"LineString","coordinates":[[75.68312,41.07049],[75.67101,41.25008]]}},{"type":"Feature","properties":{"kind":"mountain_hachure"},"geometry":{"type":"LineString","coordinates":[[75.98312,41.07049],[75.97101,41.25008]]}},{"type":"Feature","properties":{"kind":"mountain_hachure"},"geometry":{"type":"LineString","coordinates":[[76.28312,41.07049],[76.27101,41.25008]]}},{"type":"Feature","properties":{"kind":"mountain_hachure"},"geometry":{"type":"LineString","coordinates":[[76.58312,41.07049],[76.57101,41.25008]]}},{"type":"Feature","properties":{"kind":"mountain_hachure"},"geometry":{"type":"LineString","coordinates":[[76.88312,41.07049],[76.87101,41.25008]]}},{"type":"Feature","properties":{"kind":"mountain_hachure"},"geometry":{"type":"LineString","coordinates":[[77.18312,41.07049],[77.17101,41.25008]]}},{"type":"Feature","properties":{"kind":"mountain_hachure"},"geometry":{"type":"LineString","coordinates":[[77.48312,41.07049],[77.47101,41.25008]]}},{"type":"Feature","properties":{"kind":"mountain_hachure"},"geometry":{"type":"LineString","coordinates":[[77.78312,41.07049],[77.77101,41.25008]]}},{"type":"Feature","properties":{"kind":"mountain_hachure"},"geometry":{"type":"LineString","coordinates":[[78.08312,41.07049],[78.07101,41.25008]]}},{"type":"Feature","properties":{"kind":"mountain_hachure"},"geometry":{"type":"LineString","coordinates":[[78.38312,41.07049],[78.37101,41.25008]]}},{"type":"Feature","properties":{"kind":"mountain_hachure"},"geometry":{"type":"LineString","coordinates":[[78.68312,41.07049],[78.67101,41.25008]]}},{"type":"Feature","properties":{"kind":"mountain_hachure"},"geometry":{"type":"LineString","coordinates":[[78.98312,41.07049],[78.97101,41.25008]]}},{"type":"Feature","properties":{"kind":"mountain_hachure"},"geometry":{"type":"LineString","coordinates":[[79.28312,41.07049],[79.27101,41.25008]]}},{"type":"Feature","properties":{"kind":"mountain_hachure"},"geometry":{"type":"LineString","coordinates":[[79.58312,41.07049],[79.57101,41.25008]]}},{"type":"Feature","properties":{"kind":"mountain_hachure"},"geometry":{"type":"LineString","coordinates":[[79.88312,41.07049],[79.87101,41.25008]]}},{"type":"Feature","properties":{"kind":"mountain_hachure"},"geometry":{"type":"LineString","coordinates":[[80.18312,41.07049],[80.17101,41.25008]]}},{"type":"Feature","properties":{"kind":"mountain_hachure"},"geometry":{"type":"LineString","coordinates":[[80.48312,41.07049],[80.47101,41.25008]]}},{"type":"Feature","properties":{"kind":"mountain_hachure"},"geometry":{"type":"LineString","coordinates":[[73.58312,41.37049],[73.57101,41.55008]]}},{"type":"Feature","properties":{"kind":"mountain_hachure"},"geometry":{"type":"LineString","coordinates":[[73.88312,41.37049],[73.87101,41.55008]]}},{"type":"Feature","properties":{"kind":"mountain_hachure"},"geometry":{"type":"LineString","coordinates":[[74.18312,41.37049],[74.17101,41.55008]]}},{"type":"Feature","properties":{"kind":"mountain_hachure"},"geometry":{"type":"LineString","coordinates":[[74.48312,41.37049],[74.47101,41.55008]]}},{"type":"Feature","properties":{"kind":"mountain_hachure"},"geometry":{"type":"LineString","coordinates":[[74.78312,41.37049],[74.77101,41.55008]]}},{"type":"Feature","properties":{"kind":"mountain_hachure"},"geometry":{"type":"LineString","coordinates":[[75.08312,41.37049],[75.07101,41.55008]]}},{"type":"Feature","properties":{"kind":"mountain_hachure"},"geometry":{"type":"LineString","coordinates":[[75.38312,41.37049],[75.37101,41.55008]]}},{"type":"Feature","properties":{"kind":"mountain_hachure"},"geometry":{"type":"LineString","coordinates":[[75.68312,41.37049],[75.67101,41.55008]]}},{"type":"Feature","properties":{"kind":"mountain_hachure"},"geometry":{"type":"LineString","coordinates":[[75.98312,41.37049],[75.97101,41.55008]]}},{"type":"Feature","properties":{"kind":"mountain_hachure"},"geometry":{"type":"LineString","coordinates":[[76.28312,41.37049],[76.27101,41.55008]]}},{"type":"Feature","properties":{"kind":"mountain_hachure"},"geometry":{"type":"LineString","coordinates":[[76.58312,41.37049],[76.57101,41.55008]]}},{"type":"Feature","properties":{"kind":"mountain_hachure"},"geometry":{"type":"LineString","coordinates":[[76.88312,41.37049],[76.87101,41.55008]]}},{"type":"Feature","properties":{"kind":"mountain_hachure"},"geometry":{"type":"LineString","coordinates":[[77.18312,41.37049],[77.17101,41.55008]]}},{"type":"Feature","properties":{"kind":"mountain_hachure"},"geometry":{"type":"LineString","coordinates":[[77.48312,41.37049],[77.47101,41.55008]]}},{"type":"Feature","properties":{"kind":"mountain_hachure"},"geometry":{"type":"LineString","coordinates":[[77.78312,41.37049],[77.77101,41.55008]]}},{"type":"Feature","properties":{"kind":"mountain_hachure"},"geometry":{"type":"LineString","coordinates":[[78.08312,41.37049],[78.07101,41.55008]]}},{"type":"Feature","properties":{"kind":"mountain_hachure"},"geometry":{"type":"LineString","coordinates":[[78.38312,41.37049],[78.37101,41.55008]]}},{"type":"Feature","properties":{"kind":"mountain_hachure"},"geometry":{"type":"LineString","coordinates":[[78.68312,41.37049],[78.67101,41.55008]]}},{"type":"Feature","properties":{"kind":"mountain_hachure"},"geometry":{"type":"LineString","coordinates":[[78.98312,41.37049],[78.97101,41.55008]]}},{"type":"Feature","properties":{"kind":"mountain_hachure"},"geometry":{"type":"LineString","coordinates":[[79.28312,41.37049],[79.27101,41.55008]]}},{"type":"Feature","properties":{"kind":"mountain_hachure"},"geometry":{"type":"LineString","coordinates":[[79.58312,41.37049],[79.57101,41.55008]]}},{"type":"Feature","properties":{"kind":"mountain_hachure"},"geometry":{"type":"LineString","coordinates":[[79.88312,41.37049],[79.87101,41.55008]]}},{"type":"Feature","properties":{"kind":"mountain_hachure"},"geometry":{"type":"LineString","coordinates":[[80.18312,41.37049],[80.17101,41.55008]]}},{"type":"Feature","properties":{"kind":"mountain_hachure"},"geometry":{"type":"LineString","coordinates":[[80.48312,41.37049],[80.47101,41.55008]]}},{"type":"Feature","properties":{"kind":"mountain_hachure"},"geometry":{"type":"LineString","coordinates":[[80.78312,41.37049],[80.77101,41.55008]]}},{"type":"Feature","properties":{"kind":"mountain_hachure"},"geometry":{"type":"LineString","coordinates":[[81.08312,41.37049],[81.07101,41.55008]]}},{"type":"Feature","properties":{"kind":"mountain_hachure"},"geometry":{"type":"LineString","coordinates":[[81.38312,41.37049],[81.37101,41.55008]]}},{"type":"Feature","properties":{"kind":"mountain_hachure"},"geometry":{"type":"LineString","coordinates":[[73.58312,41.67049],[73.57101,41.85008]]}},{"type":"Feature","properties":{"kind":"mountain_hachure"},"geometry":{"type":"LineString","coordinates":[[73.88312,41.67049],[73.87101,41.85008]]}},{"type":"Feature","properties":{"kind":"mountain_hachure"},"geometry":{"type":"LineString","coordinates":[[74.18312,41.67049],[74.17101,41.85008]]}},{"type":"Feature","properties":{"kind":"mountain_hachure"},"geometry":{"type":"LineString","coordinates":[[74.48312,41.67049],[74.47101,41.85008]]}},{"type":"Feature","properties":{"kind":"mountain_hachure"},"geometry":{"type":"LineString","coordinates":[[74.78312,41.67049],[74.77101,41.85008]]}},{"type":"Feature","properties":{"kind":"mountain_hachure"},"geometry":{"type":"LineString","coordinates":[[75.08312,41.67049],[75.07101,41.85008]]}},{"type":"Feature","properties":{"kind":"mountain_hachure"},"geometry":{"type":"LineString","coordinates":[[75.38312,41.67049],[75.37101,41.85008]]}},{"type":"Feature","properties":{"kind":"mountain_hachure"},"geometry":{"type":"LineString","coordinates":[[75.68312,41.67049],[75.67101,41.85008]]}},{"type":"Feature","properties":{"kind":"mountain_hachure"},"geometry":{"type":"LineString","coordinates":[[75.98312,41.67049],[75.97101,41.85008]]}},{"type":"Feature","properties":{"kind":"mountain_hachure"},"geometry":{"type":"LineString","coordinates":[[76.28312,41.67049],[76.27101,41.85008]]}},{"type":"Feature","properties":{"kind":"mountain_hachure"},"geometry":{"type":"LineString","coordinates":[[76.58312,41.67049],[76.57101,41.85008]]}},{"type":"Feature","properties":{"kind":"mountain_hachure"},"geometry":{"type":"LineString","coordinates":[[76.88312,41.67049],[76.87101,41.85008]]}},{"type":"Feature","properties":{"kind":"mountain_hachure"},"geometry":{"type":"LineString","coordinates":[[77.18312,41.67049],[77.17101,41.85008]]}},{"type":"Feature","properties":{"kind":"mountain_hachure"},"geometry":{"type":"LineString","coordinates":[[77.48312,41.67049],[77.47101,41.85008]]}},{"type":"Feature","properties":{"kind":"mountain_hachure"},"geometry":{"type":"LineString","coordinates":[[77.78312,41.67049],[77.77101,41.85008]]}},{"type":"Feature","properties":{"kind":"mountain_hachure"},"geometry":{"type":"LineString","coordinates":[[78.08312,41.67049],[78.07101,41.85008]]}},{"type":"Feature","properties":{"kind":"mountain_hachure"},"geometry":{"type":"LineString","coordinates":[[78.38312,41.67049],[78.37101,41.85008]]}},{"type":"Feature","properties":{"kind":"mountain_hachure"},"geometry":{"type":"LineString","coordinates":[[78.68312,41.67049],[78.67101,41.85008]]}},{"type":"Feature","properties":{"kind":"mountain_hachure"},"geometry":{"type":"LineString","coordinates":[[78.98312,41.67049],[78.97101,41.85008]]}},{"type":"Feature","properties":{"kind":"mountain_hachure"},"geometry":{"type":"LineString","coordinates":[[79.28312,41.67049],[79.27101,41.85008]]}},{"type":"Feature","properties":{"kind":"mountain_hachure"},"geometry":{"type":"LineString","coordinates":[[79.58312,41.67049],[79.57101,41.85008]]}},{"type":"Feature","properties":{"kind":"mountain_hachure"},"geometry":{"type":"LineString","coordinates":[[79.88312,41.67049],[79.87101,41.85008]]}},{"type":"Feature","properties":{"kind":"mountain_hachure"},"geometry":{"type":"LineString","coordinates":[[80.18312,41.67049],[80.17101,41.85008]]}},{"type":"Feature","properties":{"kind":"mountain_hachure"},"geometry":{"type":"LineString","coordinates":[[80.48312,41.67049],[80.47101,41.85008]]}},{"type":"Feature","properties":{"kind":"mountain_hachure"},"geometry":{"type":"LineString","coordinates":[[80.78312,41.67049],[80.77101,41.85008]]}},{"type":"Feature","properties":{"kind":"mountain_hachure"},"geometry":{"type":"LineString","coordinates":[[81.08312,41.67049],[81.07101,41.85008]]}},{"type":"Feature","properties":{"kind":"mountain_hachure"},"geometry":{"type":"LineString","coordinates":[[81.38312,41.67049],[81.37101,41.85008]]}},{"type":"Feature","properties":{"kind":"mountain_hachure"},"geometry":{"type":"LineString","coordinates":[[81.68312,41.67049],[81.67101,41.85008]]}},{"type":"Feature","properties":{"kind":"mountain_hachure"},"geometry":{"type":"LineString","coordinates":[[81.98312,41.67049],[81.97101,41.85008]]}},{"type":"Feature","properties":{"kind":"mountain_hachure"},"geometry":{"type":"LineString","coordinates":[[82.28312,41.67049],[82.27101,41.85008]]}},{"type":"Feature","properties":{"kind":"mountain_hachure"},"geometry":{"type":"LineString","coordinates":[[82.58312,41.67049],[82.57101,41.85008]]}},{"type":"Feature","properties":{"kind":"mountain_hachure"},"geometry":{"type":"LineString","coordinates":[[86.48312,41.67049],[86.47101,41.85008]]}},{"type":"Feature","properties":{"kind":"mountain_hachure"},"geometry":{"type":"LineString","coordinates":[[86.78312,41.67049],[86.77101,41.85008]]}},{"type":"Feature","properties":{"kind":"mountain_hachure"},"geometry":{"type":"LineString","coordinates":[[73.58312,41.97049],[73.57101,42.15008]]}},{"type":"Feature","properties":{"kind":"mountain_hachure"},"geometry":{"type":"LineString","coordinates":[[73.88312,41.97049],[73.87101,42.15008]]}},{"type":"Feature","properties":{"kind":"mountain_hachure"},"geometry":{"type":"LineString","coordinates":[[74.18312,41.97049],[74.17101,42.15008]]}},{"type":"Feature","properties":{"kind":"mountain_hachure"},"geometry":{"type":"LineString","coordinates":[[74.48312,41.97049],[74.47101,42.15008]]}},{"type":"Feature","properties":{"kind":"mountain_hachure"},"geometry":{"type":"LineString","coordinates":[[74.78312,41.97049],[74.77101,42.15008]]}},{"type":"Feature","properties":{"kind":"mountain_hachure"},"geometry":{"type":"LineString","coordinates":[[75.08312,41.97049],[75.07101,42.15008]]}},{"type":"Feature","properties":{"kind":"mountain_hachure"},"geometry":{"type":"LineString","coordinates":[[75.38312,41.97049],[75.37101,42.15008]]}},{"type":"Feature","properties":{"kind":"mountain_hachure"},"geometry":{"type":"LineString","coordinates":[[75.68312,41.97049],[75.67101,42.15008]]}},{"type":"Feature","properties":{"kind":"mountain_hachure"},"geometry":{"type":"LineString","coordinates":[[75.98312,41.97049],[75.97101,42.15008]]}},{"type":"Feature","properties":{"kind":"mountain_hachure"},"geometry":{"type":"LineString","coordinates":[[76.28312,41.97049],[76.27101,42.15008]]}},{"type":"Feature","properties":{"kind":"mountain_hachure"},"geometry":{"type":"LineString","coordinates":[[76.58312,41.97049],[76.57101,42.15008]]}},{"type":"Feature","properties":{"kind":"mountain_hachure"},"geometry":{"type":"LineString","coordinates":[[76.88312,41.97049],[76.87101,42.15008]]}},{"type":"Feature","properties":{"kind":"mountain_hachure"},"geometry":{"type":"LineString","coordinates":[[77.18312,41.97049],[77.17101,42.15008]]}},{"type":"Feature","properties":{"kind":"mountain_hachure"},"geometry":{"type":"LineString","coordinates":[[77.48312,41.97049],[77.47101,42.15008]]}},{"type":"Feature","properties":{"kind":"mountain_hachure"},"geometry":{"type":"LineString","coordinates":[[77.78312,41.97049],[77.77101,42.15008]]}},{"type":"Feature","properties":{"kind":"mountain_hachure"},"geometry":{"type":"LineString","coordinates":[[78.08312,41.97049],[78.07101,42.15008]]}},{"type":"Feature","properties":{"kind":"mountain_hachure"},"geometry":{"type":"LineString","coordinates":[[78.38312,41.97049],[78.37101,42.15008]]}},{"type":"Feature","properties":{"kind":"mountain_hachure"},"geometry":{"type":"LineString","coordinates":[[78.68312,41.97049],[78.67101,42.15008]]}},{"type":"Feature","properties":{"kind":"mountain_hachure"},"geometry":{"type":"LineString","coordinates":[[78.98312,41.97049],[78.97101,42.15008]]}},{"type":"Feature","properties":{"kind":"mountain_hachure"},"geometry":{"type":"LineString","coordinates":[[79.28312,41.97049],[79.27101,42.15008]]}},{"type":"Feature","properties":{"kind":"mountain_hachure"},"geometry":{"type":"LineString","coordinates":[[79.58312,41.97049],[79.57101,42.15008]]}},{"type":"Feature","properties":{"kind":"mountain_hachure"},"geometry":{"type":"LineString","coordinates":[[79.88312,41.97049],[79.87101,42.15008]]}},{"type":"Feature","properties":{"kind":"mountain_hachure"},"geometry":{"type":"LineString","coordinates":[[80.18312,41.97049],[80.17101,42.15008]]}},{"type":"Feature","properties":{"kind":"mountain_hachure"},"geometry":{"type":"LineString","coordinates":[[80.48312,41.97049],[80.47101,42.15008]]}},{"type":"Feature","properties":{"kind":"mountain_hachure"},"geometry":{"type":"LineString","coordinates":[[80.78312,41.97049],[80.77101,42.15008]]}},{"type":"Feature","properties":{"kind":"mountain_hachure"},"geometry":{"type":"LineString","coordinates":[[81.08312,41.97049],[81.07101,42.15008]]}},{"type":"Feature","properties":{"kind":"mountain_hachure"},"geometry":{"type":"LineString","coordinates":[[81.38312,41.97049],[81.37101,42.15008]]}},{"type":"Feature","properties":{"kind":"mountain_hachure"},"geometry":{"type":"LineString","coordinates":[[81.68312,41.97049],[81.67101,42.15008]]}},{"type":"Feature","properties":{"kind":"mountain_hachure"},"geometry":{"type":"LineString","coordinates":[[81.98312,41.97049],[81.97101,42.15008]]}},{"type":"Feature","properties":{"kind":"mountain_hachure"},"geometry":{"type":"LineString","coordinates":[[82.28312,41.97049],[82.27101,42.15008]]}},{"type":"Feature","properties":{"kind":"mountain_hachure"},"geometry":{"type":"LineString","coordinates":[[82.58312,41.97049],[82.57101,42.15008]]}},{"type":"Feature","properties":{"kind":"mountain_hachure"},"geometry":{"type":"LineString","coordinates":[[82.88312,41.97049],[82.87101,42.15008]]}},{"type":"Feature","properties":{"kind":"mountain_hachure"},"geometry":{"type":"LineString","coordinates":[[83.18312,41.97049],[83.17101,42.15008]]}},{"type":"Feature","properties":{"kind":"mountain_hachure"},"geometry":{"type":"LineString","coordinates":[[83.48312,41.97049],[83.47101,42.15008]]}},{"type":"Feature","properties":{"kind":"mountain_hachure"},"geometry":{"type":"LineString","coordinates":[[83.78312,41.97049],[83.77101,42.15008]]}},{"type":"Feature","properties":{"kind":"mountain_hachure"},"geometry":{"type":"LineString","coordinates":[[84.08312,41.97049],[84.07101,42.15008]]}},{"type":"Feature","properties":{"kind":"mountain_hachure"},"geometry":{"type":"LineString","coordinates":[[84.38312,41.97049],[84.37101,42.15008]]}},{"type":"Feature","properties":{"kind":"mountain_hachure"},"geometry":{"type":"LineString","coordinates":[[84.68312,41.97049],[84.67101,42.15008]]}},{"type":"Feature","properties":{"kind":"mountain_hachure"},"geometry":{"type":"LineString","coordinates":[[84.98312,41.97049],[84.97101,42.15008]]}},{"type":"Feature","properties":{"kind":"mountain_hachure"},"geometry":{"type":"LineString","coordinates":[[85.28312,41.97049],[85.27101,42.15008]]}},{"type":"Feature","properties":{"kind":"mountain_hachure"},"geometry":{"type":"LineString","coordinates":[[85.58312,41.97049],[85.57101,42.15008]]}},{"type":"Feature","properties":{"kind":"mountain_hachure"},"geometry":{"type":"LineString","coordinates":[[85.88312,41.97049],[85.87101,42.15008]]}},{"type":"Feature","properties":{"kind":"mountain_hachure"},"geometry":{"type":"LineString","coordinates":[[86.18312,41.97049],[86.17101,42.15008]]}},{"type":"Feature","properties":{"kind":"mountain_hachure"},"geometry":{"type":"LineString","coordinates":[[86.48312,41.97049],[86.47101,42.15008]]}},{"type":"Feature","properties":{"kind":"mountain_hachure"},"geometry":{"type":"LineString","coordinates":[[86.78312,41.97049],[86.77101,42.15008]]}},{"type":"Feature","properties":{"kind":"mountain_hachure"},"geometry":{"type":"LineString","coordinates":[[87.08312,41.97049],[87.07101,42.15008]]}},{"type":"Feature","properties":{"kind":"mountain_hachure"},"geometry":{"type":"LineString","coordinates":[[87.38312,41.97049],[87.37101,42.15008]]}},{"type":"Feature","properties":{"kind":"mountain_hachure"},"geometry":{"type":"LineString","coordinates":[[73.28312,42.27049],[73.27101,42.45008]]}},{"type":"Feature","properties":{"kind":"mountain_hachure"},"geometry":{"type":"LineString","coordinates":[[73.58312,42.27049],[73.57101,42.45008]]}},{"type":"Feature","properties":{"kind":"mountain_hachure"},"geometry":{"type":"LineString","coordinates":[[73.88312,42.27049],[73.87101,42.45008]]}},{"type":"Feature","properties":{"kind":"mountain_hachure"},"geometry":{"type":"LineString","coordinates":[[74.18312,42.27049],[74.17101,42.45008]]}},{"type":"Feature","properties":{"kind":"mountain_hachure"},"geometry":{"type":"LineString","coordinates":[[74.48312,42.27049],[74.47101,42.45008]]}},{"type":"Feature","properties":{"kind":"mountain_hachure"},"geometry":{"type":"LineString","coordinates":[[74.78312,42.27049],[74.77101,42.45008]]}},{"type":"Feature","properties":{"kind":"mountain_hachure"},"geometry":{"type":"LineString","coordinates":[[75.08312,42.27049],[75.07101,42.45008]]}},{"type":"Feature","properties":{"kind":"mountain_hachure"},"geometry":{"type":"LineString","coordinates":[[75.38312,42.27049],[75.37101,42.45008]]}},{"type":"Feature","properties":{"kind":"mountain_hachure"},"geometry":{"type":"LineString","coordinates":[[75.68312,42.27049],[75.67101,42.45008]]}},{"type":"Feature","properties":{"kind":"mountain_hachure"},"geometry":{"type":"LineString","coordinates":[[75.98312,42.27049],[75.97101,42.45008]]}},{"type":"Feature","properties":{"kind":"mountain_hachure"},"geometry":{"type":"LineString","coordinates":[[76.28312,42.27049],[76.27101,42.45008]]}},{"type":"Feature","properties":{"kind":"mountain_hachure"},"geometry":{"type":"LineString","coordinates":[[76.58312,42.27049],[76.57101,42.45008]]}},{"type":"Feature","properties":{"kind":"mountain_hachure"},"geometry":{"type":"LineString","coordinates":[[76.88312,42.27049],[76.87101,42.45008]]}},{"type":"Feature","properties":{"kind":"mountain_hachure"},"geometry":{"type":"LineString","coordinates":[[77.18312,42.27049],[77.17101,42.45008]]}},{"type":"Feature","properties":{"kind":"mountain_hachure"},"geometry":{"type":"LineString","coordinates":[[77.48312,42.27049],[77.47101,42.45008]]}},{"type":"Feature","properties":{"kind":"mountain_hachure"},"geometry":{"type":"LineString","coordinates":[[77.78312,42.27049],[77.77101,42.45008]]}},{"type":"Feature","properties":{"kind":"mountain_hachure"},"geometry":{"type":"LineString","coordinates":[[78.08312,42.27049],[78.07101,42.45008]]}},{"type":"Feature","properties":{"kind":"mountain_hachure"},"geometry":{"type":"LineString","coordinates":[[78.38312,42.27049],[78.37101,42.45008]]}},{"type":"Feature","properties":{"kind":"mountain_hachure"},"geometry":{"type":"LineString","coordinates":[[78.68312,42.27049],[78.67101,42.45008]]}},{"type":"Feature","properties":{"kind":"mountain_hachure"},"geometry":{"type":"LineString","coordinates":[[78.98312,42.27049],[78.97101,42.45008]]}},{"type":"Feature","properties":{"kind":"mountain_hachure"},"geometry":{"type":"LineString","coordinates":[[79.28312,42.27049],[79.27101,42.45008]]}},{"type":"Feature","properties":{"kind":"mountain_hachure"},"geometry":{"type":"LineString","coordinates":[[79.58312,42.27049],[79.57101,42.45008]]}},{"type":"Feature","properties":{"kind":"mountain_hachure"},"geometry":{"type":"LineString","coordinates":[[79.88312,42.27049],[79.87101,42.45008]]}},{"type":"Feature","properties":{"kind":"mountain_hachure"},"geometry":{"type":"LineString","coordinates":[[80.18312,42.27049],[80.17101,42.45008]]}},{"type":"Feature","properties":{"kind":"mountain_hachure"},"geometry":{"type":"LineString","coordinates":[[80.48312,42.27049],[80.47101,42.45008]]}},{"type":"Feature","properties":{"kind":"mountain_hachure"},"geometry":{"type":"LineString","coordinates":[[80.78312,42.27049],[80.77101,42.45008]]}},{"type":"Feature","properties":{"kind":"mountain_hachure"},"geometry":{"type":"LineString","coordinates":[[81.08312,42.27049],[81.07101,42.45008]]}},{"type":"Feature","properties":{"kind":"mountain_hachure"},"geometry":{"type":"LineString","coordinates":[[81.38312,42.27049],[81.37101,42.45008]]}},{"type":"Feature","properties":{"kind":"mountain_hachure"},"geometry":{"type":"LineString","coordinates":[[81.68312,42.27049],[81.67101,42.45008]]}},{"type":"Feature","properties":{"kind":"mountain_hachure"},"geometry":{"type":"LineString","coordinates":[[81.98312,42.27049],[81.97101,42.45008]]}},{"type":"Feature","properties":{"kind":"mountain_hachure"},"geometry":{"type":"LineString","coordinates":[[82.28312,42.27049],[82.27101,42.45008]]}},{"type":"Feature","properties":{"kind":"mountain_hachure"},"geometry":{"type":"LineString","coordinates":[[82.58312,42.27049],[82.57101,42.45008]]}},{"type":"Feature","properties":{"kind":"mountain_hachure"},"geometry":{"type":"LineString","coordinates":[[82.88312,42.27049],[82.87101,42.45008]]}},{"type":"Feature","properties":{"kind":"mountain_hachure"},"geometry":{"type":"LineString","coordinates":[[83.18312,42.27049],[83.17101,42.45008]]}},{"type":"Feature","properties":{"kind":"mountain_hachure"},"geometry":{"type":"LineString","coordinates":[[83.48312,42.27049],[83.47101,42.45008]]}},{"type":"Feature","properties":{"kind":"mountain_hachure"},"geometry":{"type":"LineString","coordinates":[[83.78312,42.27049],[83.77101,42.45008]]}},{"type":"Feature","properties":{"kind":"mountain_hachure"},"geometry":{"type":"LineString","coordinates":[[84.08312,42.27049],[84.07101,42.45008]]}},{"type":"Feature","properties":{"kind":"mountain_hachure"},"geometry":{"type":"LineString","coordinates":[[84.38312,42.27049],[84.37101,42.45008]]}},{"type":"Feature","properties":{"kind":"mountain_hachure"},"geometry":{"type":"LineString","coordinates":[[84.68312,42.27049],[84.67101,42.45008]]}},{"type":"Feature","properties":{"kind":"mountain_hachure"},"geometry":{"type":"LineString","coordinates":[[84.98312,42.27049],[84.97101,42.45008]]}},{"type":"Feature","properties":{"kind":"mountain_hachure"},"geometry":{"type":"LineString","coordinates":[[85.28312,42.27049],[85.27101,42.45008]]}},{"type":"Feature","properties":{"kind":"mountain_hachure"},"geometry":{"type":"LineString","coordinates":[[85.58312,42.27049],[85.57101,42.45008]]}},{"type":"Feature","properties":{"kind":"mountain_hachure"},"geometry":{"type":"LineString","coordinates":[[85.88312,42.27049],[85.87101,42.45008]]}},{"type":"Feature","properties":{"kind":"mountain_hachure"},"geometry":{"type":"LineString","coordinates":[[86.18312,42.27049],[86.17101,42.45008]]}},{"type":"Feature","properties":{"kind":"mountain_hachure"},"geometry":{"type":"LineString","coordinates":[[86.48312,42.27049],[86.47101,42.45008]]}},{"type":"Feature","properties":{"kind":"mountain_hachure"},"geometry":{"type":"LineString","coordinates":[[86.78312,42.27049],[86.77101,42.45008]]}},{"type":"Feature","properties":{"kind":"mountain_hachure"},"geometry":{"type":"LineString","coordinates":[[87.08312,42.27049],[87.07101,42.45008]]}},{"type":"Feature","properties":{"kind":"mountain_hachure"},"geometry":{"type":"LineString","coordinates":[[87.38312,42.27049],[87.37101,42.45008]]}},{"type":"Feature","properties":{"kind":"mountain_hachure"},"geometry":{"type":"LineString","coordinates":[[87.68312,42.27049],[87.67101,42.45008]]}},{"type":"Feature","properties":{"kind":"mountain_hachure"},"geometry":{"type":"LineString","coordinates":[[87.98312,42.27049],[87.97101,42.45008]]}},{"type":"Feature","properties":{"kind":"mountain_hachure"},"geometry":{"type":"LineString","coordinates":[[73.28312,42.57049],[73.27101,42.75008]]}},{"type":"Feature","properties":{"kind":"mountain_hachure"},"geometry":{"type":"LineString","coordinates":[[73.58312,42.57049],[73.57101,42.75008]]}},{"type":"Feature","properties":{"kind":"mountain_hachure"},"geometry":{"type":"LineString","coordinates":[[73.88312,42.57049],[73.87101,42.75008]]}},{"type":"Feature","properties":{"kind":"mountain_hachure"},"geometry":{"type":"LineString","coordinates":[[74.18312,42.57049],[74.17101,42.75008]]}},{"type":"Feature","properties":{"kind":"mountain_hachure"},"geometry":{"type":"LineString","coordinates":[[74.48312,42.57049],[74.47101,42.75008]]}},{"type":"Feature","properties":{"kind":"mountain_hachure"},"geometry":{"type":"LineString","coordinates":[[74.78312,42.57049],[74.77101,42.75008]]}},{"type":"Feature","properties":{"kind":"mountain_hachure"},"geometry":{"type":"LineString","coordinates":[[75.08312,42.57049],[75.07101,42.75008]]}},{"type":"Feature","properties":{"kind":"mountain_hachure"},"geometry":{"type":"LineString","coordinates":[[75.38312,42.57049],[75.37101,42.75008]]}},{"type":"Feature","properties":{"kind":"mountain_hachure"},"geometry":{"type":"LineString","coordinates":[[75.68312,42.57049],[75.67101,42.75008]]}},{"type":"Feature","properties":{"kind":"mountain_hachure"},"geometry":{"type":"LineString","coordinates":[[75.98312,42.57049],[75.97101,42.75008]]}},{"type":"Feature","properties":{"kind":"mountain_hachure"},"geometry":{"type":"LineString","coordinates":[[76.28312,42.57049],[76.27101,42.75008]]}},{"type":"Feature","properties":{"kind":"mountain_hachure"},"geometry":{"type":"LineString","coordinates":[[76.58312,42.57049],[76.57101,42.75008]]}},{"type":"Feature","properties":{"kind":"mountain_hachure"},"geometry":{"type":"LineString","coordinates":[[76.88312,42.57049],[76.87101,42.75008]]}},{"type":"Feature","properties":{"kind":"mountain_hachure"},"geometry":{"type":"LineString","coordinates":[[77.18312,42.57049],[77.17101,42.75008]]}},{"type":"Feature","properties":{"kind":"mountain_hachure"},"geometry":{"type":"LineString","coordinates":[[77.48312,42.57049],[77.47101,42.75008]]}},{"type":"Feature","properties":{"kind":"mountain_hachure"},"geometry":{"type":"LineString","coordinates":[[77.78312,42.57049],[77.77101,42.75008]]}},{"type":"Feature","properties":{"kind":"mountain_hachure"},"geometry":{"type":"LineString","coordinates":[[78.08312,42.57049],[78.07101,42.75008]]}},{"type":"Feature","properties":{"kind":"mountain_hachure"},"geometry":{"type":"LineString","coordinates":[[78.38312,42.57049],[78.37101,42.75008]]}},{"type":"Feature","properties":{"kind":"mountain_hachure"},"geometry":{"type":"LineString","coordinates":[[78.68312,42.57049],[78.67101,42.75008]]}},{"type":"Feature","properties":{"kind":"mountain_hachure"},"geometry":{"type":"LineString","coordinates":[[78.98312,42.57049],[78.97101,42.75008]]}},{"type":"Feature","properties":{"kind":"mountain_hachure"},"geometry":{"type":"LineString","coordinates":[[79.28312,42.57049],[79.27101,42.75008]]}},{"type":"Feature","properties":{"kind":"mountain_hachure"},"geometry":{"type":"LineString","coordinates":[[79.58312,42.57049],[79.57101,42.75008]]}},{"type":"Feature","properties":{"kind":"mountain_hachure"},"geometry":{"type":"LineString","coordinates":[[79.88312,42.57049],[79.87101,42.75008]]}},{"type":"Feature","properties":{"kind":"mountain_hachure"},"geometry":{"type":"LineString","coordinates":[[80.18312,42.57049],[80.17101,42.75008]]}},{"type":"Feature","properties":{"kind":"mountain_hachure"},"geometry":{"type":"LineString","coordinates":[[80.48312,42.57049],[80.47101,42.75008]]}},{"type":"Feature","properties":{"kind":"mountain_hachure"},"geometry":{"type":"LineString","coordinates":[[80.78312,42.57049],[80.77101,42.75008]]}},{"type":"Feature","properties":{"kind":"mountain_hachure"},"geometry":{"type":"LineString","coordinates":[[81.08312,42.57049],[81.07101,42.75008]]}},{"type":"Feature","properties":{"kind":"mountain_hachure"},"geometry":{"type":"LineString","coordinates":[[81.38312,42.57049],[81.37101,42.75008]]}},{"type":"Feature","properties":{"kind":"mountain_hachure"},"geometry":{"type":"LineString","coordinates":[[81.68312,42.57049],[81.67101,42.75008]]}},{"type":"Feature","properties":{"kind":"mountain_hachure"},"geometry":{"type":"LineString","coordinates":[[81.98312,42.57049],[81.97101,42.75008]]}},{"type":"Feature","properties":{"kind":"mountain_hachure"},"geometry":{"type":"LineString","coordinates":[[82.28312,42.57049],[82.27101,42.75008]]}},{"type":"Feature","properties":{"kind":"mountain_hachure"},"geometry":{"type":"LineString","coordinates":[[82.58312,42.57049],[82.57101,42.75008]]}},{"type":"Feature","properties":{"kind":"mountain_hachure"},"geometry":{"type":"LineString","coordinates":[[82.88312,42.57049],[82.87101,42.75008]]}},{"type":"Feature","properties":{"kind":"mountain_hachure"},"geometry":{"type":"LineString","coordinates":[[83.18312,42.57049],[83.17101,42.75008]]}},{"type":"Feature","properties":{"kind":"mountain_hachure"},"geometry":{"type":"LineString","coordinates":[[83.48312,42.57049],[83.47101,42.75008]]}},{"type":"Feature","properties":{"kind":"mountain_hachure"},"geometry":{"type":"LineString","coordinates":[[83.78312,42.57049],[83.77101,42.75008]]}},{"type":"Feature","properties":{"kind":"mountain_hachure"},"geometry":{"type":"LineString","coordinates":[[84.08312,42.57049],[84.07101,42.75008]]}},{"type":"Feature","properties":{"kind":"mountain_hachure"},"geometry":{"type":"LineString","coordinates":[[84.38312,42.57049],[84.37101,42.75008]]}},{"type":"Feature","properties":{"kind":"mountain_hachure"},"geometry":{"type":"LineString","coordinates":[[84.68312,42.57049],[84.67101,42.75008]]}},{"type":"Feature","properties":{"kind":"mountain_hachure"},"geometry":{"type":"LineString","coordinates":[[84.98312,42.57049],[84.97101,42.75008]]}},{"type":"Feature","properties":{"kind":"mountain_hachure"},"geometry":{"type":"LineString","coordinates":[[85.28312,42.57049],[85.27101,42.75008]]}},{"type":"Feature","properties":{"kind":"mountain_hachure"},"geometry":{"type":"LineString","coordinates":[[85.58312,42.57049],[85.57101,42.75008]]}},{"type":"Feature","properties":{"kind":"mountain_hachure"},"geometry":{"type":"LineString","coordinates":[[85.88312,42.57049],[85.87101,42.75008]]}},{"type":"Feature","properties":{"kind":"mountain_hachure"},"geometry":{"type":"LineString","coordinates":[[86.18312,42.57049],[86.17101,42.75008]]}},{"type":"Feature","properties":{"kind":"mountain_hachure"},"geometry":{"type":"LineString","coordinates":[[86.48312,42.57049],[86.47101,42.75008]]}},{"type":"Feature","properties":{"kind":"mountain_hachure"},"geometry":{"type":"LineString","coordinates":[[86.78312,42.57049],[86.77101,42.75008]]}},{"type":"Feature","properties":{"kind":"mountain_hachure"},"geometry":{"type":"LineString","coordinates":[[87.08312,42.57049],[87.07101,42.75008]]}},{"type":"Feature","properties":{"kind":"mountain_hachure"},"geometry":{"type":"LineString","coordinates":[[87.38312,42.57049],[87.37101,42.75008]]}},{"type":"Feature","properties":{"kind":"mountain_hachure"},"geometry":{"type":"LineString","coordinates":[[87.68312,42.57049],[87.67101,42.75008]]}},{"type":"Feature","properties":{"kind":"mountain_hachure"},"geometry":{"type":"LineString","coordinates":[[87.98312,42.57049],[87.97101,42.75008]]}},{"type":"Feature","properties":{"kind":"mountain_hachure"},"geometry":{"type":"LineString","coordinates":[[88.28312,42.57049],[88.27101,42.75008]]}},{"type":"Feature","properties":{"kind":"mountain_hachure"},"geometry":{"type":"LineString","coordinates":[[93.68312,42.57049],[93.67101,42.75008]]}},{"type":"Feature","properties":{"kind":"mountain_hachure"},"geometry":{"type":"LineString","coordinates":[[93.98312,42.57049],[93.97101,42.75008]]}},{"type":"Feature","properties":{"kind":"mountain_hachure"},"geometry":{"type":"LineString","coordinates":[[94.28312,42.57049],[94.27101,42.75008]]}},{"type":"Feature","properties":{"kind":"mountain_hachure"},"geometry":{"type":"LineString","coordinates":[[94.58312,42.57049],[94.57101,42.75008]]}},{"type":"Feature","properties":{"kind":"mountain_hachure"},"geometry":{"type":"LineString","coordinates":[[75.98312,42.87049],[75.97101,43.05008]]}},{"type":"Feature","properties":{"kind":"mountain_hachure"},"geometry":{"type":"LineString","coordinates":[[76.28312,42.87049],[76.27101,43.05008]]}},{"type":"Feature","properties":{"kind":"mountain_hachure"},"geometry":{"type":"LineString","coordinates":[[76.58312,42.87049],[76.57101,43.05008]]}},{"type":"Feature","properties":{"kind":"mountain_hachure"},"geometry":{"type":"LineString","coordinates":[[76.88312,42.87049],[76.87101,43.05008]]}},{"type":"Feature","properties":{"kind":"mountain_hachure"},"geometry":{"type":"LineString","coordinates":[[77.18312,42.87049],[77.17101,43.05008]]}},{"type":"Feature","properties":{"kind":"mountain_hachure"},"geometry":{"type":"LineString","coordinates":[[77.48312,42.87049],[77.47101,43.05008]]}},{"type":"Feature","properties":{"kind":"mountain_hachure"},"geometry":{"type":"LineString","coordinates":[[77.78312,42.87049],[77.77101,43.05008]]}},{"type":"Feature","properties":{"kind":"mountain_hachure"},"geometry":{"type":"LineString","coordinates":[[78.08312,42.87049],[78.07101,43.05008]]}},{"type":"Feature","properties":{"kind":"mountain_hachure"},"geometry":{"type":"LineString","coordinates":[[78.38312,42.87049],[78.37101,43.05008]]}},{"type":"Feature","properties":{"kind":"mountain_hachure"},"geometry":{"type":"LineString","coordinates":[[78.68312,42.87049],[78.67101,43.05008]]}},{"type":"Feature","properties":{"kind":"mountain_hachure"},"geometry":{"type":"LineString","coordinates":[[78.98312,42.87049],[78.97101,43.05008]]}},{"type":"Feature","properties":{"kind":"mountain_hachure"},"geometry":{"type":"LineString","coordinates":[[79.28312,42.87049],[79.27101,43.05008]]}},{"type":"Feature","properties":{"kind":"mountain_hachure"},"geometry":{"type":"LineString","coordinates":[[79.58312,42.87049],[79.57101,43.05008]]}},{"type":"Feature","properties":{"kind":"mountain_hachure"},"geometry":{"type":"LineString","coordinates":[[79.88312,42.87049],[79.87101,43.05008]]}},{"type":"Feature","properties":{"kind":"mountain_hachure"},"geometry":{"type":"LineString","coordinates":[[80.18312,42.87049],[80.17101,43.05008]]}},{"type":"Feature","properties":{"kind":"mountain_hachure"},"geometry":{"type":"LineString","coordinates":[[80.48312,42.87049],[80.47101,43.05008]]}},{"type":"Feature","properties":{"kind":"mountain_hachure"},"geometry":{"type":"LineString","coordinates":[[80.78312,42.87049],[80.77101,43.05008]]}},{"type":"Feature","properties":{"kind":"mountain_hachure"},"geometry":{"type":"LineString","coordinates":[[81.08312,42.87049],[81.07101,43.05008]]}},{"type":"Feature","properties":{"kind":"mountain_hachure"},"geometry":{"type":"LineString","coordinates":[[81.38312,42.87049],[81.37101,43.05008]]}},{"type":"Feature","properties":{"kind":"mountain_hachure"},"geometry":{"type":"LineString","coordinates":[[81.68312,42.87049],[81.67101,43.05008]]}},{"type":"Feature","properties":{"kind":"mountain_hachure"},"geometry":{"type":"LineString","coordinates":[[81.98312,42.87049],[81.97101,43.05008]]}},{"type":"Feature","properties":{"kind":"mountain_hachure"},"geometry":{"type":"LineString","coordinates":[[82.28312,42.87049],[82.27101,43.05008]]}},{"type":"Feature","properties":{"kind":"mountain_hachure"},"geometry":{"type":"LineString","coordinates":[[82.58312,42.87049],[82.57101,43.05008]]}},{"type":"Feature","properties":{"kind":"mountain_hachure"},"geometry":{"type":"LineString","coordinates":[[82.88312,42.87049],[82.87101,43.05008]]}},{"type":"Feature","properties":{"kind":"mountain_hachure"},"geometry":{"type":"LineString","coordinates":[[83.18312,42.87049],[83.17101,43.05008]]}},{"type":"Feature","properties":{"kind":"mountain_hachure"},"geometry":{"type":"LineString","coordinates":[[83.48312,42.87049],[83.47101,43.05008]]}},{"type":"Feature","properties":{"kind":"mountain_hachure"},"geometry":{"type":"LineString","coordinates":[[83.78312,42.87049],[83.77101,43.05008]]}},{"type":"Feature","properties":{"kind":"mountain_hachure"},"geometry":{"type":"LineString","coordinates":[[84.08312,42.87049],[84.07101,43.05008]]}},{"type":"Feature","properties":{"kind":"mountain_hachure"},"geometry":{"type":"LineString","coordinates":[[84.38312,42.87049],[84.37101,43.05008]]}},{"type":"Feature","properties":{"kind":"mountain_hachure"},"geometry":{"type":"LineString","coordinates":[[84.68312,42.87049],[84.67101,43.05008]]}},{"type":"Feature","properties":{"kind":"mountain_hachure"},"geometry":{"type":"LineString","coordinates":[[84.98312,42.87049],[84.97101,43.05008]]}},{"type":"Feature","properties":{"kind":"mountain_hachure"},"geometry":{"type":"LineString","coordinates":[[85.28312,42.87049],[85.27101,43.05008]]}},{"type":"Feature","properties":{"kind":"mountain_hachure"},"geometry":{"type":"LineString","coordinates":[[85.58312,42.87049],[85.57101,43.05008]]}},{"type":"Feature","properties":{"kind":"mountain_hachure"},"geometry":{"type":"LineString","coordinates":[[85.88312,42.87049],[85.87101,43.05008]]}},{"type":"Feature","properties":{"kind":"mountain_hachure"},"geometry":{"type":"LineString","coordinates":[[86.18312,42.87049],[86.17101,43.05008]]}},{"type":"Feature","properties":{"kind":"mountain_hachure"},"geometry":{"type":"LineString","coordinates":[[86.48312,42.87049],[86.47101,43.05008]]}},{"type":"Feature","properties":{"kind":"mountain_hachure"},"geometry":{"type":"LineString","coordinates":[[86.78312,42.87049],[86.77101,43.05008]]}},{"type":"Feature","properties":{"kind":"mountain_hachure"},"geometry":{"type":"LineString","coordinates":[[87.08312,42.87049],[87.07101,43.05008]]}},{"type":"Feature","properties":{"kind":"mountain_hachure"},"geometry":{"type":"LineString","coordinates":[[87.38312,42.87049],[87.37101,43.05008]]}},{"type":"Feature","properties":{"kind":"mountain_hachure"},"geometry":{"type":"LineString","coordinates":[[87.68312,42.87049],[87.67101,43.05008]]}},{"type":"Feature","properties":{"kind":"mountain_hachure"},"geometry":{"type":"LineString","coordinates":[[87.98312,42.87049],[87.97101,43.05008]]}},{"type":"Feature","properties":{"kind":"mountain_hachure"},"geometry":{"type":"LineString","coordinates":[[88.28312,42.87049],[88.27101,43.05008]]}},{"type":"Feature","properties":{"kind":"mountain_hachure"},"geometry":{"type":"LineString","coordinates":[[88.58312,42.87049],[88.57101,43.05008]]}},{"type":"Feature","properties":{"kind":"mountain_hachure"},"geometry":{"type":"LineString","coordinates":[[88.88312,42.87049],[88.87101,43.05008]]}},{"type":"Feature","properties":{"kind":"mountain_hachure"},"geometry":{"type":"LineString","coordinates":[[89.18312,42.87049],[89.17101,43.05008]]}},{"type":"Feature","properties":{"kind":"mountain_hachure"},"geometry":{"type":"LineString","coordinates":[[89.48312,42.87049],[89.47101,43.05008]]}},{"type":"Feature","properties":{"kind":"mountain_hachure"},"geometry":{"type":"LineString","coordinates":[[89.78312,42.87049],[89.77101,43.05008]]}},{"type":"Feature","properties":{"kind":"mountain_hachure"},"geometry":{"type":"LineString","coordinates":[[90.08312,42.87049],[90.07101,43.05008]]}},{"type":"Feature","properties":{"kind":"mountain_hachure"},"geometry":{"type":"LineString","coordinates":[[90.38312,42.87049],[90.37101,43.05008]]}},{"type":"Feature","properties":{"kind":"mountain_hachure"},"geometry":{"type":"LineString","coordinates":[[93.38312,42.87049],[93.37101,43.05008]]}},{"type":"Feature","properties":{"kind":"mountain_hachure"},"geometry":{"type":"LineString","coordinates":[[93.68312,42.87049],[93.67101,43.05008]]}},{"type":"Feature","properties":{"kind":"mountain_hachure"},"geometry":{"type":"LineString","coordinates":[[93.98312,42.87049],[93.97101,43.05008]]}},{"type":"Feature","properties":{"kind":"mountain_hachure"},"geometry":{"type":"LineString","coordinates":[[94.28312,42.87049],[94.27101,43.05008]]}},{"type":"Feature","properties":{"kind":"mountain_hachure"},"geometry":{"type":"LineString","coordinates":[[94.58312,42.87049],[94.57101,43.05008]]}},{"type":"Feature","properties":{"kind":"mountain_hachure"},"geometry":{"type":"LineString","coordinates":[[94.88312,42.87049],[94.87101,43.05008]]}},{"type":"Feature","properties":{"kind":"mountain_hachure"},"geometry":{"type":"LineString","coordinates":[[77.48312,43.17049],[77.47101,43.35008]]}},{"type":"Feature","properties":{"kind":"mountain_hachure"},"geometry":{"type":"LineString","coordinates":[[77.78312,43.17049],[77.77101,43.35008]]}},{"type":"Feature","properties":{"kind":"mountain_hachure"},"geometry":{"type":"LineString","coordinates":[[78.08312,43.17049],[78.07101,43.35008]]}},{"type":"Feature","properties":{"kind":"mountain_hachure"},"geometry":{"type":"LineString","coordinates":[[78.38312,43.17049],[78.37101,43.35008]]}},{"type":"Feature","properties":{"kind":"mountain_hachure"},"geometry":{"type":"LineString","coordinates":[[78.68312,43.17049],[78.67101,43.35008]]}},{"type":"Feature","properties":{"kind":"mountain_hachure"},"geometry":{"type":"LineString","coordinates":[[78.98312,43.17049],[78.97101,43.35008]]}},{"type":"Feature","properties":{"kind":"mountain_hachure"},"geometry":{"type":"LineString","coordinates":[[79.28312,43.17049],[79.27101,43.35008]]}},{"type":"Feature","properties":{"kind":"mountain_hachure"},"geometry":{"type":"LineString","coordinates":[[79.58312,43.17049],[79.57101,43.35008]]}},{"type":"Feature","properties":{"kind":"mountain_hachure"},"geometry":{"type":"LineString","coordinates":[[79.88312,43.17049],[79.87101,43.35008]]}},{"type":"Feature","properties":{"kind":"mountain_hachure"},"geometry":{"type":"LineString","coordinates":[[80.18312,43.17049],[80.17101,43.35008]]}},{"type":"Feature","properties":{"kind":"mountain_hachure"},"geometry":{"type":"LineString","coordinates":[[80.48312,43.17049],[80.47101,43.35008]]}},{"type":"Feature","properties":{"kind":"mountain_hachure"},"geometry":{"type":"LineString","coordinates":[[80.78312,43.17049],[80.77101,43.35008]]}},{"type":"Feature","properties":{"kind":"mountain_hachure"},"geometry":{"type":"LineString","coordinates":[[81.08312,43.17049],[81.07101,43.35008]]}},{"type":"Feature","properties":{"kind":"mountain_hachure"},"geometry":{"type":"LineString","coordinates":[[81.38312,43.17049],[81.37101,43.35008]]}},{"type":"Feature","properties":{"kind":"mountain_hachure"},"geometry":{"type":"LineString","coordinates":[[81.68312,43.17049],[81.67101,43.35008]]}},{"type":"Feature","properties":{"kind":"mountain_hachure"},"geometry":{"type":"LineString","coordinates":[[81.98312,43.17049],[81.97101,43.35008]]}},{"type":"Feature","properties":{"kind":"mountain_hachure"},"geometry":{"type":"LineString","coordinates":[[82.28312,43.17049],[82.27101,43.35008]]}},{"type":"Feature","properties":{"kind":"mountain_hachure"},"geometry":{"type":"LineString","coordinates":[[82.58312,43.17049],[82.57101,43.35008]]}},{"type":"Feature","properties":{"kind":"mountain_hachure"},"geometry":{"type":"LineString","coordinates":[[82.88312,43.17049],[82.87101,43.35008]]}},{"type":"Feature","properties":{"kind":"mountain_hachure"},"geometry":{"type":"LineString","coordinates":[[83.18312,43.17049],[83.17101,43.35008]]}},{"type":"Feature","properties":{"kind":"mountain_hachure"},"geometry":{"type":"LineString","coordinates":[[83.48312,43.17049],[83.47101,43.35008]]}},{"type":"Feature","properties":{"kind":"mountain_hachure"},"geometry":{"type":"LineString","coordinates":[[83.78312,43.17049],[83.77101,43.35008]]}},{"type":"Feature","properties":{"kind":"mountain_hachure"},"geometry":{"type":"LineString","coordinates":[[84.08312,43.17049],[84.07101,43.35008]]}},{"type":"Feature","properties":{"kind":"mountain_hachure"},"geometry":{"type":"LineString","coordinates":[[84.38312,43.17049],[84.37101,43.35008]]}},{"type":"Feature","properties":{"kind":"mountain_hachure"},"geometry":{"type":"LineString","coordinates":[[84.68312,43.17049],[84.67101,43.35008]]}},{"type":"Feature","properties":{"kind":"mountain_hachure"},"geometry":{"type":"LineString","coordinates":[[84.98312,43.17049],[84.97101,43.35008]]}},{"type":"Feature","properties":{"kind":"mountain_hachure"},"geometry":{"type":"LineString","coordinates":[[85.28312,43.17049],[85.27101,43.35008]]}},{"type":"Feature","properties":{"kind":"mountain_hachure"},"geometry":{"type":"LineString","coordinates":[[85.58312,43.17049],[85.57101,43.35008]]}},{"type":"Feature","properties":{"kind":"mountain_hachure"},"geometry":{"type":"LineString","coordinates":[[85.88312,43.17049],[85.87101,43.35008]]}},{"type":"Feature","properties":{"kind":"mountain_hachure"},"geometry":{"type":"LineString","coordinates":[[86.18312,43.17049],[86.17101,43.35008]]}},{"type":"Feature","properties":{"kind":"mountain_hachure"},"geometry":{"type":"LineString","coordinates":[[86.48312,43.17049],[86.47101,43.35008]]}},{"type":"Feature","properties":{"kind":"mountain_hachure"},"geometry":{"type":"LineString","coordinates":[[86.78312,43.17049],[86.77101,43.35008]]}},{"type":"Feature","properties":{"kind":"mountain_hachure"},"geometry":{"type":"LineString","coordinates":[[87.08312,43.17049],[87.07101,43.35008]]}},{"type":"Feature","properties":{"kind":"mountain_hachure"},"geometry":{"type":"LineString","coordinates":[[87.38312,43.17049],[87.37101,43.35008]]}},{"type":"Feature","properties":{"kind":"mountain_hachure"},"geometry":{"type":"LineString","coordinates":[[87.68312,43.17049],[87.67101,43.35008]]}},{"type":"Feature","properties":{"kind":"mountain_hachure"},"geometry":{"type":"LineString","coordinates":[[87.98312,43.17049],[87.97101,43.35008]]}},{"type":"Feature","properties":{"kind":"mountain_hachure"},"geometry":{"type":"LineString","coordinates":[[88.28312,43.17049],[88.27101,43.35008]]}},{"type":"Feature","properties":{"kind":"mountain_hachure"},"geometry":{"type":"LineString","coordinates":[[88.58312,43.17049],[88.57101,43.35008]]}},{"type":"Feature","properties":{"kind":"mountain_hachure"},"geometry":{"type":"LineString","coordinates":[[88.88312,43.17049],[88.87101,43.35008]]}},{"type":"Feature","properties":{"kind":"mountain_hachure"},"geometry":{"type":"LineString","coordinates":[[89.18312,43.17049],[89.17101,43.35008]]}},{"type":"Feature","properties":{"kind":"mountain_hachure"},"geometry":{"type":"LineString","coordinates":[[89.48312,43.17049],[89.47101,43.35008]]}},{"type":"Feature","properties":{"kind":"mountain_hachure"},"geometry":{"type":"LineString","coordinates":[[89.78312,43.17049],[89.77101,43.35008]]}},{"type":"Feature","properties":{"kind":"mountain_hachure"},"geometry":{"type":"LineString","coordinates":[[90.08312,43.17049],[90.07101,43.35008]]}},{"type":"Feature","properties":{"kind":"mountain_hachure"},"geometry":{"type":"LineString","coordinates":[[90.38312,43.17049],[90.37101,43.35008]]}},{"type":"Feature","properties":{"kind":"mountain_hachure"},"geometry":{"type":"LineString","coordinates":[[90.68312,43.17049],[90.67101,43.35008]]}},{"type":"Feature","properties":{"kind":"mountain_hachure"},"geometry":{"type":"LineString","coordinates":[[90.98312,43.17049],[90.97101,43.35008]]}},{"type":"Feature","properties":{"kind":"mountain_hachure"},"geometry":{"type":"LineString","coordinates":[[91.28312,43.17049],[91.27101,43.35008]]}},{"type":"Feature","properties":{"kind":"mountain_hachure"},"geometry":{"type":"LineString","coordinates":[[91.58312,43.17049],[91.57101,43.35008]]}},{"type":"Feature","properties":{"kind":"mountain_hachure"},"geometry":{"type":"LineString","coordinates":[[91.88312,43.17049],[91.87101,43.35008]]}},{"type":"Feature","properties":{"kind":"mountain_hachure"},"geometry":{"type":"LineString","coordinates":[[92.18312,43.17049],[92.17101,43.35008]]}},{"type":"Feature","properties":{"kind":"mountain_hachure"},"geometry":{"type":"LineString","coordinates":[[92.48312,43.17049],[92.47101,43.35008]]}},{"type":"Feature","properties":{"kind":"mountain_hachure"},"geometry":{"type":"LineString","coordinates":[[92.78312,43.17049],[92.77101,43.35008]]}},{"type":"Feature","properties":{"kind":"mountain_hachure"},"geometry":{"type":"LineString","coordinates":[[93.08312,43.17049],[93.07101,43.35008]]}},{"type":"Feature","properties":{"kind":"mountain_hachure"},"geometry":{"type":"LineString","coordinates":[[93.38312,43.17049],[93.37101,43.35008]]}},{"type":"Feature","properties":{"kind":"mountain_hachure"},"geometry":{"type":"LineString","coordinates":[[93.68312,43.17049],[93.67101,43.35008]]}},{"type":"Feature","properties":{"kind":"mountain_hachure"},"geometry":{"type":"LineString","coordinates":[[93.98312,43.17049],[93.97101,43.35008]]}},{"type":"Feature","properties":{"kind":"mountain_hachure"},"geometry":{"type":"LineString","coordinates":[[94.28312,43.17049],[94.27101,43.35008]]}},{"type":"Feature","properties":{"kind":"mountain_hachure"},"geometry":{"type":"LineString","coordinates":[[94.58312,43.17049],[94.57101,43.35008]]}},{"type":"Feature","properties":{"kind":"mountain_hachure"},"geometry":{"type":"LineString","coordinates":[[94.88312,43.17049],[94.87101,43.35008]]}},{"type":"Feature","properties":{"kind":"mountain_hachure"},"geometry":{"type":"LineString","coordinates":[[95.18312,43.17049],[95.17101,43.35008]]}},{"type":"Feature","properties":{"kind":"mountain_hachure"},"geometry":{"type":"LineString","coordinates":[[83.48312,43.47049],[83.47101,43.65008]]}},{"type":"Feature","properties":{"kind":"mountain_hachure"},"geometry":{"type":"LineString","coordinates":[[83.78312,43.47049],[83.77101,43.65008]]}},{"type":"Feature","properties":{"kind":"mountain_hachure"},"geometry":{"type":"LineString","coordinates":[[84.08312,43.47049],[84.07101,43.65008]]}},{"type":"Feature","properties":{"kind":"mountain_hachure"},"geometry":{"type":"LineString","coordinates":[[84.38312,43.47049],[84.37101,43.65008]]}},{"type":"Feature","properties":{"kind":"mountain_hachure"},"geometry":{"type":"LineString","coordinates":[[84.68312,43.47049],[84.67101,43.65008]]}},{"type":"Feature","properties":{"kind":"mountain_hachure"},"geometry":{"type":"LineString","coordinates":[[84.98312,43.47049],[84.97101,43.65008]]}},{"type":"Feature","properties":{"kind":"mountain_hachure"},"geometry":{"type":"LineString","coordinates":[[85.28312,43.47049],[85.27101,43.65008]]}},{"type":"Feature","properties":{"kind":"mountain_hachure"},"geometry":{"type":"LineString","coordinates":[[85.58312,43.47049],[85.57101,43.65008]]}},{"type":"Feature","properties":{"kind":"mountain_hachure"},"geometry":{"type":"LineString","coordinates":[[85.88312,43.47049],[85.87101,43.65008]]}},{"type":"Feature","properties":{"kind":"mountain_hachure"},"geometry":{"type":"LineString","coordinates":[[86.18312,43.47049],[86.17101,43.65008]]}},{"type":"Feature","properties":{"kind":"mountain_hachure"},"geometry":{"type":"LineString","coordinates":[[86.48312,43.47049],[86.47101,43.65008]]}},{"type":"Feature","properties":{"kind":"mountain_hachure"},"geometry":{"type":"LineString","coordinates":[[86.78312,43.47049],[86.77101,43.65008]]}},{"type":"Feature","properties":{"kind":"mountain_hachure"},"geometry":{"type":"LineString","coordinates":[[87.08312,43.47049],[87.07101,43.65008]]}},{"type":"Feature","properties":{"kind":"mountain_hachure"},"geometry":{"type":"LineString","coordinates":[[87.38312,43.47049],[87.37101,43.65008]]}},{"type":"Feature","properties":{"kind":"mountain_hachure"},"geometry":{"type":"LineString","coordinates":[[87.68312,43.47049],[87.67101,43.65008]]}},{"type":"Feature","properties":{"kind":"mountain_hachure"},"geometry":{"type":"LineString","coordinates":[[87.98312,43.47049],[87.97101,43.65008]]}},{"type":"Feature","properties":{"kind":"mountain_hachure"},"geometry":{"type":"LineString","coordinates":[[88.28312,43.47049],[88.27101,43.65008]]}},{"type":"Feature","properties":{"kind":"mountain_hachure"},"geometry":{"type":"LineString","coordinates":[[88.58312,43.47049],[88.57101,43.65008]]}},{"type":"Feature","properties":{"kind":"mountain_hachure"},"geometry":{"type":"LineString","coordinates":[[88.88312,43.47049],[88.87101,43.65008]]}},{"type":"Feature","properties":{"kind":"mountain_hachure"},"geometry":{"type":"LineString","coordinates":[[89.18312,43.47049],[89.17101,43.65008]]}},{"type":"Feature","properties":{"kind":"mountain_hachure"},"geometry":{"type":"LineString","coordinates":[[89.48312,43.47049],[89.47101,43.65008]]}},{"type":"Feature","properties":{"kind":"mountain_hachure"},"geometry":{"type":"LineString","coordinates":[[89.78312,43.47049],[89.77101,43.65008]]}},{"type":"Feature","properties":{"kind":"mountain_hachure"},"geometry":{"type":"LineString","coordinates":[[90.08312,43.47049],[90.07101,43.65008]]}},{"type":"Feature","properties":{"kind":"mountain_hachure"},"geometry":{"type":"LineString","coordinates":[[90.38312,43.47049],[90.37101,43.65008]]}},{"type":"Feature","properties":{"kind":"mountain_hachure"},"geometry":{"type":"LineString","coordinates":[[90.68312,43.47049],[90.67101,43.65008]]}},{"type":"Feature","properties":{"kind":"mountain_hachure"},"geometry":{"type":"LineString","coordinates":[[90.98312,43.47049],[90.97101,43.65008]]}},{"type":"Feature","properties":{"kind":"mountain_hachure"},"geometry":{"type":"LineString","coordinates":[[91.28312,43.47049],[91.27101,43.65008]]}},{"type":"Feature","properties":{"kind":"mountain_hachure"},"geometry":{"type":"LineString","coordinates":[[91.58312,43.47049],[91.57101,43.65008]]}},{"type":"Feature","properties":{"kind":"mountain_hachure"},"geometry":{"type":"LineString","coordinates":[[91.88312,43.47049],[91.87101,43.65008]]}},{"type":"Feature","properties":{"kind":"mountain_hachure"},"geometry":{"type":"LineString","coordinates":[[92.18312,43.47049],[92.17101,43.65008]]}},{"type":"Feature","properties":{"kind":"mountain_hachure"},"geometry":{"type":"LineString","coordinates":[[92.48312,43.47049],[92.47101,43.65008]]}},{"type":"Feature","properties":{"kind":"mountain_hachure"},"geometry":{"type":"LineString","coordinates":[[92.78312,43.47049],[92.77101,43.65008]]}},{"type":"Feature","properties":{"kind":"mountain_hachure"},"geometry":{"type":"LineString","coordinates":[[93.08312,43.47049],[93.07101,43.65008]]}},{"type":"Feature","properties":{"kind":"mountain_hachure"},"geometry":{"type":"LineString","coordinates":[[93.38312,43.47049],[93.37101,43.65008]]}},{"type":"Feature","properties":{"kind":"mountain_hachure"},"geometry":{"type":"LineString","coordinates":[[93.68312,43.47049],[93.67101,43.65008]]}},{"type":"Feature","properties":{"kind":"mountain_hachure"},"geometry":{"type":"LineString","coordinates":[[93.98312,43.47049],[93.97101,43.65008]]}},{"type":"Feature","properties":{"kind":"mountain_hachure"},"geometry":{"type":"LineString","coordinates":[[94.28312,43.47049],[94.27101,43.65008]]}},{"type":"Feature","properties":{"kind":"mountain_hachure"},"geometry":{"type":"LineString","coordinates":[[94.58312,43.47049],[94.57101,43.65008]]}},{"type":"Feature","properties":{"kind":"mountain_hachure"},"geometry":{"type":"LineString","coordinates":[[94.88312,43.47049],[94.87101,43.65008]]}},{"type":"Feature","properties":{"kind":"mountain_hachure"},"geometry":{"type":"LineString","coordinates":[[95.18312,43.47049],[95.17101,43.65008]]}},{"type":"Feature","properties":{"kind":"mountain_hachure"},"geometry":{"type":"LineString","coordinates":[[84.38312,43.77049],[84.37101,43.95008]]}},{"type":"Feature","properties":{"kind":"mountain_hachure"},"geometry":{"type":"LineString","coordinates":[[84.68312,43.77049],[84.67101,43.95008]]}},{"type":"Feature","properties":{"kind":"mountain_hachure"},"geometry":{"type":"LineString","coordinates":[[84.98312,43.77049],[84.97101,43.95008]]}},{"type":"Feature","properties":{"kind":"mountain_hachure"},"geometry":{"type":"LineString","coordinates":[[85.28312,43.77049],[85.27101,43.95008]]}},{"type":"Feature","properties":{"kind":"mountain_hachure"},"geometry":{"type":"LineString","coordinates":[[85.58312,43.77049],[85.57101,43.95008]]}},{"type":"Feature","properties":{"kind":"mountain_hachure"},"geometry":{"type":"LineString","coordinates":[[85.88312,43.77049],[85.87101,43.95008]]}},{"type":"Feature","properties":{"kind":"mountain_hachure"},"geometry":{"type":"LineString","coordinates":[[86.18312,43.77049],[86.17101,43.95008]]}},{"type":"Feature","properties":{"kind":"mountain_hachure"},"geometry":{"type":"LineString","coordinates":[[86.48312,43.77049],[86.47101,43.95008]]}},{"type":"Feature","properties":{"kind":"mountain_hachure"},"geometry":{"type":"LineString","coordinates":[[86.78312,43.77049],[86.77101,43.95008]]}},{"type":"Feature","properties":{"kind":"mountain_hachure"},"geometry":{"type":"LineString","coordinates":[[87.08312,43.77049],[87.07101,43.95008]]}},{"type":"Feature","properties":{"kind":"mountain_hachure"},"geometry":{"type":"LineString","coordinates":[[87.38312,43.77049],[87.37101,43.95008]]}},{"type":"Feature","properties":{"kind":"mountain_hachure"},"geometry":{"type":"LineString","coordinates":[[87.68312,43.77049],[87.67101,43.95008]]}},{"type":"Feature","properties":{"kind":"mountain_hachure"},"geometry":{"type":"LineString","coordinates":[[87.98312,43.77049],[87.97101,43.95008]]}},{"type":"Feature","properties":{"kind":"mountain_hachure"},"geometry":{"type":"LineString","coordinates":[[88.28312,43.77049],[88.27101,43.95008]]}},{"type":"Feature","properties":{"kind":"mountain_hachure"},"geometry":{"type":"LineString","coordinates":[[88.58312,43.77049],[88.57101,43.95008]]}},{"type":"Feature","properties":{"kind":"mountain_hachure"},"geometry":{"type":"LineString","coordinates":[[88.88312,43.77049],[88.87101,43.95008]]}},{"type":"Feature","properties":{"kind":"mountain_hachure"},"geometry":{"type":"LineString","coordinates":[[89.18312,43.77049],[89.17101,43.95008]]}},{"type":"Feature","properties":{"kind":"mountain_hachure"},"geometry":{"type":"LineString","coordinates":[[89.48312,43.77049],[89.47101,43.95008]]}},{"type":"Feature","properties":{"kind":"mountain_hachure"},"geometry":{"type":"LineString","coordinates":[[89.78312,43.77049],[89.77101,43.95008]]}},{"type":"Feature","properties":{"kind":"mountain_hachure"},"geometry":{"type":"LineString","coordinates":[[90.08312,43.77049],[90.07101,43.95008]]}},{"type":"Feature","properties":{"kind":"mountain_hachure"},"geometry":{"type":"LineString","coordinates":[[90.38312,43.77049],[90.37101,43.95008]]}},{"type":"Feature","properties":{"kind":"mountain_hachure"},"geometry":{"type":"LineString","coordinates":[[90.68312,43.77049],[90.67101,43.95008]]}},{"type":"Feature","properties":{"kind":"mountain_hachure"},"geometry":{"type":"LineString","coordinates":[[90.98312,43.77049],[90.97101,43.95008]]}},{"type":"Feature","properties":{"kind":"mountain_hachure"},"geometry":{"type":"LineString","coordinates":[[91.28312,43.77049],[91.27101,43.95008]]}},{"type":"Feature","properties":{"kind":"mountain_hachure"},"geometry":{"type":"LineString","coordinates":[[91.58312,43.77049],[91.57101,43.95008]]}},{"type":"Feature","properties":{"kind":"mountain_hachure"},"geometry":{"type":"LineString","coordinates":[[91.88312,43.77049],[91.87101,43.95008]]}},{"type":"Feature","properties":{"kind":"mountain_hachure"},"geometry":{"type":"LineString","coordinates":[[92.18312,43.77049],[92.17101,43.95008]]}},{"type":"Feature","properties":{"kind":"mountain_hachure"},"geometry":{"type":"LineString","coordinates":[[92.48312,43.77049],[92.47101,43.95008]]}},{"type":"Feature","properties":{"kind":"mountain_hachure"},"geometry":{"type":"LineString","coordinates":[[92.78312,43.77049],[92.77101,43.95008]]}},{"type":"Feature","properties":{"kind":"mountain_hachure"},"geometry":{"type":"LineString","coordinates":[[93.08312,43.77049],[93.07101,43.95008]]}},{"type":"Feature","properties":{"kind":"mountain_hachure"},"geometry":{"type":"LineString","coordinates":[[93.38312,43.77049],[93.37101,43.95008]]}},{"type":"Feature","properties":{"kind":"mountain_hachure"},"geometry":{"type":"LineString","coordinates":[[93.68312,43.77049],[93.67101,43.95008]]}},{"type":"Feature","properties":{"kind":"mountain_hachure"},"geometry":{"type":"LineString","coordinates":[[93.98312,43.77049],[93.97101,43.95008]]}},{"type":"Feature","properties":{"kind":"mountain_hachure"},"geometry":{"type":"LineString","coordinates":[[94.28312,43.77049],[94.27101,43.95008]]}},{"type":"Feature","properties":{"kind":"mountain_hachure"},"geometry":{"type":"LineString","coordinates":[[94.58312,43.77049],[94.57101,43.95008]]}},{"type":"Feature","properties":{"kind":"mountain_hachure"},"geometry":{"type":"LineString","coordinates":[[94.88312,43.77049],[94.87101,43.95008]]}},{"type":"Feature","properties":{"kind":"mountain_hachure"},"geometry":{"type":"LineString","coordinates":[[92.18312,44.07049],[92.17101,44.25008]]}},{"type":"Feature","properties":{"kind":"mountain_axis","name":"天山山脉","source":"Natural Earth 10m"},"geometry":{"type":"LineString","coordinates":[[72.84438,41.82072],[95.22536,43.33006]]}},{"type":"Feature","properties":{"kind":"mountain_arrow"},"geometry":{"type":"LineString","coordinates":[[72.84438,41.82072],[72.55717,41.62094]]}},{"type":"Feature","properties":{"kind":"mountain_arrow"},"geometry":{"type":"LineString","coordinates":[[72.84438,41.82072],[72.53295,41.98013]]}},{"type":"Feature","properties":{"kind":"mountain_arrow"},"geometry":{"type":"LineString","coordinates":[[95.22536,43.33006],[95.53679,43.17065]]}},{"type":"Feature","properties":{"kind":"mountain_arrow"},"geometry":{"type":"LineString","coordinates":[[95.22536,43.33006],[95.51257,43.52984]]}},{"type":"Feature","properties":{"kind":"mountain_area","name":"天山山脉","source":"Natural Earth 10m"},"geometry":{"type":"MultiPolygon","coordinates":[[[[74.73428,42.68308],[74.59937,42.69071],[74.39183,42.7053],[74.7068,42.68915],[74.73428,42.68308]]],[[[74.39183,42.7053],[73.85194,42.73298],[74.59937,42.69071],[74.74659,42.68037],[74.73428,42.68308],[75.09108,42.66291],[75.41578,42.71766],[76.3235,43.2132],[83.41261,43.55506],[83.57951,43.59919],[83.65358,43.61878],[84.39186,43.9629],[85.67561,44.06067],[86.70301,44.13892],[87.99122,43.90546],[90.29713,43.87794],[92.10755,44.17487],[94.92872,43.89545],[95.011,43.87409],[95.0807,43.83716],[95.13734,43.77924],[95.18019,43.69477],[95.20863,43.57813],[95.22145,43.29523],[95.1681,43.06293],[95.05763,42.87788],[94.89869,42.73664],[94.69984,42.63618],[94.46998,42.573],[93.95167,42.5456],[93.81544,42.56306],[93.69972,42.59608],[93.50917,42.69953],[93.13966,42.98951],[92.93641,43.0926],[92.72608,43.14081],[90.95741,43.15864],[90.72059,43.09486],[90.56715,42.98408],[90.5287,42.81544],[90.02882,42.68561],[89.78053,42.66077],[89.65004,42.67231],[88.85878,42.95234],[88.72572,42.95734],[88.60243,42.92304],[88.49366,42.83863],[88.46852,42.80323],[88.45253,42.7663],[88.42396,42.61512],[88.41163,42.57935],[88.39149,42.5456],[88.3578,42.51038],[87.28041,41.8487],[86.87672,41.72956],[86.59889,41.71253],[84.48829,41.9972],[82.16554,41.6626],[77.17469,39.88569],[74.85316,39.66028],[73.05665,39.75428],[73.01124,39.76887],[72.98597,39.79969],[72.97706,39.85334],[72.99012,40.02021],[73.21095,40.67371],[73.35426,41.79536],[73.34046,41.91553],[73.12379,42.42261],[73.1244,42.50654],[73.19837,42.64912],[73.33082,42.73188],[73.50831,42.7674],[74.39183,42.7053]]]]}},{"type":"Feature","properties":{"kind":"mountain_label","name":"天山山脉","source":"Natural Earth 10m"},"geometry":{"type":"Point","coordinates":[84.38525,42.59902]}},{"type":"Feature","properties":{"kind":"mountain_peaks","name":"天山山脉","source":"Natural Earth 10m"},"geometry":{"type":"MultiPoint","coordinates":[[80.08333,42.05],[80.83333,42.25833],[80.45833,42.21667]]}},{"type":"Feature","properties":{"kind":"mountain_hachure"},"geometry":{"type":"LineString","coordinates":[[86.30564,27.07128],[86.33808,27.24833]]}},{"type":"Feature","properties":{"kind":"mountain_hachure"},"geometry":{"type":"LineString","coordinates":[[86.60564,27.07128],[86.63808,27.24833]]}},{"type":"Feature","properties":{"kind":"mountain_hachure"},"geometry":{"type":"LineString","coordinates":[[86.90564,27.07128],[86.93808,27.24833]]}},{"type":"Feature","properties":{"kind":"mountain_hachure"},"geometry":{"type":"LineString","coordinates":[[87.20564,27.07128],[87.23808,27.24833]]}},{"type":"Feature","properties":{"kind":"mountain_hachure"},"geometry":{"type":"LineString","coordinates":[[87.50564,27.07128],[87.53808,27.24833]]}},{"type":"Feature","properties":{"kind":"mountain_hachure"},"geometry":{"type":"LineString","coordinates":[[87.80564,27.07128],[87.83808,27.24833]]}},{"type":"Feature","properties":{"kind":"mountain_hachure"},"geometry":{"type":"LineString","coordinates":[[88.10564,27.07128],[88.13808,27.24833]]}},{"type":"Feature","properties":{"kind":"mountain_hachure"},"geometry":{"type":"LineString","coordinates":[[88.40564,27.07128],[88.43808,27.24833]]}},{"type":"Feature","properties":{"kind":"mountain_hachure"},"geometry":{"type":"LineString","coordinates":[[88.70564,27.07128],[88.73808,27.24833]]}},{"type":"Feature","properties":{"kind":"mountain_hachure"},"geometry":{"type":"LineString","coordinates":[[89.00564,27.07128],[89.03808,27.24833]]}},{"type":"Feature","properties":{"kind":"mountain_hachure"},"geometry":{"type":"LineString","coordinates":[[89.30564,27.07128],[89.33808,27.24833]]}},{"type":"Feature","properties":{"kind":"mountain_hachure"},"geometry":{"type":"LineString","coordinates":[[89.60564,27.07128],[89.63808,27.24833]]}},{"type":"Feature","properties":{"kind":"mountain_hachure"},"geometry":{"type":"LineString","coordinates":[[89.90564,27.07128],[89.93808,27.24833]]}},{"type":"Feature","properties":{"kind":"mountain_hachure"},"geometry":{"type":"LineString","coordinates":[[90.20564,27.07128],[90.23808,27.24833]]}},{"type":"Feature","properties":{"kind":"mountain_hachure"},"geometry":{"type":"LineString","coordinates":[[90.50564,27.07128],[90.53808,27.24833]]}},{"type":"Feature","properties":{"kind":"mountain_hachure"},"geometry":{"type":"LineString","coordinates":[[90.80564,27.07128],[90.83808,27.24833]]}},{"type":"Feature","properties":{"kind":"mountain_hachure"},"geometry":{"type":"LineString","coordinates":[[91.10564,27.07128],[91.13808,27.24833]]}},{"type":"Feature","properties":{"kind":"mountain_hachure"},"geometry":{"type":"LineString","coordinates":[[91.40564,27.07128],[91.43808,27.24833]]}},{"type":"Feature","properties":{"kind":"mountain_hachure"},"geometry":{"type":"LineString","coordinates":[[91.70564,27.07128],[91.73808,27.24833]]}},{"type":"Feature","properties":{"kind":"mountain_hachure"},"geometry":{"type":"LineString","coordinates":[[92.00564,27.07128],[92.03808,27.24833]]}},{"type":"Feature","properties":{"kind":"mountain_hachure"},"geometry":{"type":"LineString","coordinates":[[92.30564,27.07128],[92.33808,27.24833]]}},{"type":"Feature","properties":{"kind":"mountain_hachure"},"geometry":{"type":"LineString","coordinates":[[92.60564,27.07128],[92.63808,27.24833]]}},{"type":"Feature","properties":{"kind":"mountain_hachure"},"geometry":{"type":"LineString","coordinates":[[92.90564,27.07128],[92.93808,27.24833]]}},{"type":"Feature","properties":{"kind":"mountain_hachure"},"geometry":{"type":"LineString","coordinates":[[93.20564,27.07128],[93.23808,27.24833]]}},{"type":"Feature","properties":{"kind":"mountain_hachure"},"geometry":{"type":"LineString","coordinates":[[93.50564,27.07128],[93.53808,27.24833]]}},{"type":"Feature","properties":{"kind":"mountain_hachure"},"geometry":{"type":"LineString","coordinates":[[93.80564,27.07128],[93.83808,27.24833]]}},{"type":"Feature","properties":{"kind":"mountain_hachure"},"geometry":{"type":"LineString","coordinates":[[85.10564,27.37128],[85.13808,27.54833]]}},{"type":"Feature","properties":{"kind":"mountain_hachure"},"geometry":{"type":"LineString","coordinates":[[85.40564,27.37128],[85.43808,27.54833]]}},{"type":"Feature","properties":{"kind":"mountain_hachure"},"geometry":{"type":"LineString","coordinates":[[85.70564,27.37128],[85.73808,27.54833]]}},{"type":"Feature","properties":{"kind":"mountain_hachure"},"geometry":{"type":"LineString","coordinates":[[86.00564,27.37128],[86.03808,27.54833]]}},{"type":"Feature","properties":{"kind":"mountain_hachure"},"geometry":{"type":"LineString","coordinates":[[86.30564,27.37128],[86.33808,27.54833]]}},{"type":"Feature","properties":{"kind":"mountain_hachure"},"geometry":{"type":"LineString","coordinates":[[86.60564,27.37128],[86.63808,27.54833]]}},{"type":"Feature","properties":{"kind":"mountain_hachure"},"geometry":{"type":"LineString","coordinates":[[86.90564,27.37128],[86.93808,27.54833]]}},{"type":"Feature","properties":{"kind":"mountain_hachure"},"geometry":{"type":"LineString","coordinates":[[87.20564,27.37128],[87.23808,27.54833]]}},{"type":"Feature","properties":{"kind":"mountain_hachure"},"geometry":{"type":"LineString","coordinates":[[87.50564,27.37128],[87.53808,27.54833]]}},{"type":"Feature","properties":{"kind":"mountain_hachure"},"geometry":{"type":"LineString","coordinates":[[87.80564,27.37128],[87.83808,27.54833]]}},{"type":"Feature","properties":{"kind":"mountain_hachure"},"geometry":{"type":"LineString","coordinates":[[88.10564,27.37128],[88.13808,27.54833]]}},{"type":"Feature","properties":{"kind":"mountain_hachure"},"geometry":{"type":"LineString","coordinates":[[88.40564,27.37128],[88.43808,27.54833]]}},{"type":"Feature","properties":{"kind":"mountain_hachure"},"geometry":{"type":"LineString","coordinates":[[88.70564,27.37128],[88.73808,27.54833]]}},{"type":"Feature","properties":{"kind":"mountain_hachure"},"geometry":{"type":"LineString","coordinates":[[89.00564,27.37128],[89.03808,27.54833]]}},{"type":"Feature","properties":{"kind":"mountain_hachure"},"geometry":{"type":"LineString","coordinates":[[89.30564,27.37128],[89.33808,27.54833]]}},{"type":"Feature","properties":{"kind":"mountain_hachure"},"geometry":{"type":"LineString","coordinates":[[89.60564,27.37128],[89.63808,27.54833]]}},{"type":"Feature","properties":{"kind":"mountain_hachure"},"geometry":{"type":"LineString","coordinates":[[89.90564,27.37128],[89.93808,27.54833]]}},{"type":"Feature","properties":{"kind":"mountain_hachure"},"geometry":{"type":"LineString","coordinates":[[90.20564,27.37128],[90.23808,27.54833]]}},{"type":"Feature","properties":{"kind":"mountain_hachure"},"geometry":{"type":"LineString","coordinates":[[90.50564,27.37128],[90.53808,27.54833]]}},{"type":"Feature","properties":{"kind":"mountain_hachure"},"geometry":{"type":"LineString","coordinates":[[90.80564,27.37128],[90.83808,27.54833]]}},{"type":"Feature","properties":{"kind":"mountain_hachure"},"geometry":{"type":"LineString","coordinates":[[91.10564,27.37128],[91.13808,27.54833]]}},{"type":"Feature","properties":{"kind":"mountain_hachure"},"geometry":{"type":"LineString","coordinates":[[91.40564,27.37128],[91.43808,27.54833]]}},{"type":"Feature","properties":{"kind":"mountain_hachure"},"geometry":{"type":"LineString","coordinates":[[91.70564,27.37128],[91.73808,27.54833]]}},{"type":"Feature","properties":{"kind":"mountain_hachure"},"geometry":{"type":"LineString","coordinates":[[92.00564,27.37128],[92.03808,27.54833]]}},{"type":"Feature","properties":{"kind":"mountain_hachure"},"geometry":{"type":"LineString","coordinates":[[92.30564,27.37128],[92.33808,27.54833]]}},{"type":"Feature","properties":{"kind":"mountain_hachure"},"geometry":{"type":"LineString","coordinates":[[92.60564,27.37128],[92.63808,27.54833]]}},{"type":"Feature","properties":{"kind":"mountain_hachure"},"geometry":{"type":"LineString","coordinates":[[92.90564,27.37128],[92.93808,27.54833]]}},{"type":"Feature","properties":{"kind":"mountain_hachure"},"geometry":{"type":"LineString","coordinates":[[93.20564,27.37128],[93.23808,27.54833]]}},{"type":"Feature","properties":{"kind":"mountain_hachure"},"geometry":{"type":"LineString","coordinates":[[93.50564,27.37128],[93.53808,27.54833]]}},{"type":"Feature","properties":{"kind":"mountain_hachure"},"geometry":{"type":"LineString","coordinates":[[93.80564,27.37128],[93.83808,27.54833]]}},{"type":"Feature","properties":{"kind":"mountain_hachure"},"geometry":{"type":"LineString","coordinates":[[94.10564,27.37128],[94.13808,27.54833]]}},{"type":"Feature","properties":{"kind":"mountain_hachure"},"geometry":{"type":"LineString","coordinates":[[94.40564,27.37128],[94.43808,27.54833]]}},{"type":"Feature","properties":{"kind":"mountain_hachure"},"geometry":{"type":"LineString","coordinates":[[83.90564,27.67128],[83.93808,27.84833]]}},{"type":"Feature","properties":{"kind":"mountain_hachure"},"geometry":{"type":"LineString","coordinates":[[84.20564,27.67128],[84.23808,27.84833]]}},{"type":"Feature","properties":{"kind":"mountain_hachure"},"geometry":{"type":"LineString","coordinates":[[84.50564,27.67128],[84.53808,27.84833]]}},{"type":"Feature","properties":{"kind":"mountain_hachure"},"geometry":{"type":"LineString","coordinates":[[84.80564,27.67128],[84.83808,27.84833]]}},{"type":"Feature","properties":{"kind":"mountain_hachure"},"geometry":{"type":"LineString","coordinates":[[85.10564,27.67128],[85.13808,27.84833]]}},{"type":"Feature","properties":{"kind":"mountain_hachure"},"geometry":{"type":"LineString","coordinates":[[85.40564,27.67128],[85.43808,27.84833]]}},{"type":"Feature","properties":{"kind":"mountain_hachure"},"geometry":{"type":"LineString","coordinates":[[85.70564,27.67128],[85.73808,27.84833]]}},{"type":"Feature","properties":{"kind":"mountain_hachure"},"geometry":{"type":"LineString","coordinates":[[86.00564,27.67128],[86.03808,27.84833]]}},{"type":"Feature","properties":{"kind":"mountain_hachure"},"geometry":{"type":"LineString","coordinates":[[86.30564,27.67128],[86.33808,27.84833]]}},{"type":"Feature","properties":{"kind":"mountain_hachure"},"geometry":{"type":"LineString","coordinates":[[86.60564,27.67128],[86.63808,27.84833]]}},{"type":"Feature","properties":{"kind":"mountain_hachure"},"geometry":{"type":"LineString","coordinates":[[86.90564,27.67128],[86.93808,27.84833]]}},{"type":"Feature","properties":{"kind":"mountain_hachure"},"geometry":{"type":"LineString","coordinates":[[87.20564,27.67128],[87.23808,27.84833]]}},{"type":"Feature","properties":{"kind":"mountain_hachure"},"geometry":{"type":"LineString","coordinates":[[87.50564,27.67128],[87.53808,27.84833]]}},{"type":"Feature","properties":{"kind":"mountain_hachure"},"geometry":{"type":"LineString","coordinates":[[87.80564,27.67128],[87.83808,27.84833]]}},{"type":"Feature","properties":{"kind":"mountain_hachure"},"geometry":{"type":"LineString","coordinates":[[88.10564,27.67128],[88.13808,27.84833]]}},{"type":"Feature","properties":{"kind":"mountain_hachure"},"geometry":{"type":"LineString","coordinates":[[88.40564,27.67128],[88.43808,27.84833]]}},{"type":"Feature","properties":{"kind":"mountain_hachure"},"geometry":{"type":"LineString","coordinates":[[88.70564,27.67128],[88.73808,27.84833]]}},{"type":"Feature","properties":{"kind":"mountain_hachure"},"geometry":{"type":"LineString","coordinates":[[89.00564,27.67128],[89.03808,27.84833]]}},{"type":"Feature","properties":{"kind":"mountain_hachure"},"geometry":{"type":"LineString","coordinates":[[89.30564,27.67128],[89.33808,27.84833]]}},{"type":"Feature","properties":{"kind":"mountain_hachure"},"geometry":{"type":"LineString","coordinates":[[89.60564,27.67128],[89.63808,27.84833]]}},{"type":"Feature","properties":{"kind":"mountain_hachure"},"geometry":{"type":"LineString","coordinates":[[89.90564,27.67128],[89.93808,27.84833]]}},{"type":"Feature","properties":{"kind":"mountain_hachure"},"geometry":{"type":"LineString","coordinates":[[90.20564,27.67128],[90.23808,27.84833]]}},{"type":"Feature","properties":{"kind":"mountain_hachure"},"geometry":{"type":"LineString","coordinates":[[90.50564,27.67128],[90.53808,27.84833]]}},{"type":"Feature","properties":{"kind":"mountain_hachure"},"geometry":{"type":"LineString","coordinates":[[90.80564,27.67128],[90.83808,27.84833]]}},{"type":"Feature","properties":{"kind":"mountain_hachure"},"geometry":{"type":"LineString","coordinates":[[91.10564,27.67128],[91.13808,27.84833]]}},{"type":"Feature","properties":{"kind":"mountain_hachure"},"geometry":{"type":"LineString","coordinates":[[91.40564,27.67128],[91.43808,27.84833]]}},{"type":"Feature","properties":{"kind":"mountain_hachure"},"geometry":{"type":"LineString","coordinates":[[91.70564,27.67128],[91.73808,27.84833]]}},{"type":"Feature","properties":{"kind":"mountain_hachure"},"geometry":{"type":"LineString","coordinates":[[92.00564,27.67128],[92.03808,27.84833]]}},{"type":"Feature","properties":{"kind":"mountain_hachure"},"geometry":{"type":"LineString","coordinates":[[92.30564,27.67128],[92.33808,27.84833]]}},{"type":"Feature","properties":{"kind":"mountain_hachure"},"geometry":{"type":"LineString","coordinates":[[92.60564,27.67128],[92.63808,27.84833]]}},{"type":"Feature","properties":{"kind":"mountain_hachure"},"geometry":{"type":"LineString","coordinates":[[92.90564,27.67128],[92.93808,27.84833]]}},{"type":"Feature","properties":{"kind":"mountain_hachure"},"geometry":{"type":"LineString","coordinates":[[93.20564,27.67128],[93.23808,27.84833]]}},{"type":"Feature","properties":{"kind":"mountain_hachure"},"geometry":{"type":"LineString","coordinates":[[93.50564,27.67128],[93.53808,27.84833]]}},{"type":"Feature","properties":{"kind":"mountain_hachure"},"geometry":{"type":"LineString","coordinates":[[93.80564,27.67128],[93.83808,27.84833]]}},{"type":"Feature","properties":{"kind":"mountain_hachure"},"geometry":{"type":"LineString","coordinates":[[94.10564,27.67128],[94.13808,27.84833]]}},{"type":"Feature","properties":{"kind":"mountain_hachure"},"geometry":{"type":"LineString","coordinates":[[94.40564,27.67128],[94.43808,27.84833]]}},{"type":"Feature","properties":{"kind":"mountain_hachure"},"geometry":{"type":"LineString","coordinates":[[94.70564,27.67128],[94.73808,27.84833]]}},{"type":"Feature","properties":{"kind":"mountain_hachure"},"geometry":{"type":"LineString","coordinates":[[82.40564,27.97128],[82.43808,28.14833]]}},{"type":"Feature","properties":{"kind":"mountain_hachure"},"geometry":{"type":"LineString","coordinates":[[82.70564,27.97128],[82.73808,28.14833]]}},{"type":"Feature","properties":{"kind":"mountain_hachure"},"geometry":{"type":"LineString","coordinates":[[83.00564,27.97128],[83.03808,28.14833]]}},{"type":"Feature","properties":{"kind":"mountain_hachure"},"geometry":{"type":"LineString","coordinates":[[83.30564,27.97128],[83.33808,28.14833]]}},{"type":"Feature","properties":{"kind":"mountain_hachure"},"geometry":{"type":"LineString","coordinates":[[83.60564,27.97128],[83.63808,28.14833]]}},{"type":"Feature","properties":{"kind":"mountain_hachure"},"geometry":{"type":"LineString","coordinates":[[83.90564,27.97128],[83.93808,28.14833]]}},{"type":"Feature","properties":{"kind":"mountain_hachure"},"geometry":{"type":"LineString","coordinates":[[84.20564,27.97128],[84.23808,28.14833]]}},{"type":"Feature","properties":{"kind":"mountain_hachure"},"geometry":{"type":"LineString","coordinates":[[84.50564,27.97128],[84.53808,28.14833]]}},{"type":"Feature","properties":{"kind":"mountain_hachure"},"geometry":{"type":"LineString","coordinates":[[84.80564,27.97128],[84.83808,28.14833]]}},{"type":"Feature","properties":{"kind":"mountain_hachure"},"geometry":{"type":"LineString","coordinates":[[85.10564,27.97128],[85.13808,28.14833]]}},{"type":"Feature","properties":{"kind":"mountain_hachure"},"geometry":{"type":"LineString","coordinates":[[85.40564,27.97128],[85.43808,28.14833]]}},{"type":"Feature","properties":{"kind":"mountain_hachure"},"geometry":{"type":"LineString","coordinates":[[85.70564,27.97128],[85.73808,28.14833]]}},{"type":"Feature","properties":{"kind":"mountain_hachure"},"geometry":{"type":"LineString","coordinates":[[86.00564,27.97128],[86.03808,28.14833]]}},{"type":"Feature","properties":{"kind":"mountain_hachure"},"geometry":{"type":"LineString","coordinates":[[86.30564,27.97128],[86.33808,28.14833]]}},{"type":"Feature","properties":{"kind":"mountain_hachure"},"geometry":{"type":"LineString","coordinates":[[86.60564,27.97128],[86.63808,28.14833]]}},{"type":"Feature","properties":{"kind":"mountain_hachure"},"geometry":{"type":"LineString","coordinates":[[86.90564,27.97128],[86.93808,28.14833]]}},{"type":"Feature","properties":{"kind":"mountain_hachure"},"geometry":{"type":"LineString","coordinates":[[87.20564,27.97128],[87.23808,28.14833]]}},{"type":"Feature","properties":{"kind":"mountain_hachure"},"geometry":{"type":"LineString","coordinates":[[87.50564,27.97128],[87.53808,28.14833]]}},{"type":"Feature","properties":{"kind":"mountain_hachure"},"geometry":{"type":"LineString","coordinates":[[87.80564,27.97128],[87.83808,28.14833]]}},{"type":"Feature","properties":{"kind":"mountain_hachure"},"geometry":{"type":"LineString","coordinates":[[88.10564,27.97128],[88.13808,28.14833]]}},{"type":"Feature","properties":{"kind":"mountain_hachure"},"geometry":{"type":"LineString","coordinates":[[88.40564,27.97128],[88.43808,28.14833]]}},{"type":"Feature","properties":{"kind":"mountain_hachure"},"geometry":{"type":"LineString","coordinates":[[88.70564,27.97128],[88.73808,28.14833]]}},{"type":"Feature","properties":{"kind":"mountain_hachure"},"geometry":{"type":"LineString","coordinates":[[89.00564,27.97128],[89.03808,28.14833]]}},{"type":"Feature","properties":{"kind":"mountain_hachure"},"geometry":{"type":"LineString","coordinates":[[89.30564,27.97128],[89.33808,28.14833]]}},{"type":"Feature","properties":{"kind":"mountain_hachure"},"geometry":{"type":"LineString","coordinates":[[89.60564,27.97128],[89.63808,28.14833]]}},{"type":"Feature","properties":{"kind":"mountain_hachure"},"geometry":{"type":"LineString","coordinates":[[89.90564,27.97128],[89.93808,28.14833]]}},{"type":"Feature","properties":{"kind":"mountain_hachure"},"geometry":{"type":"LineString","coordinates":[[90.20564,27.97128],[90.23808,28.14833]]}},{"type":"Feature","properties":{"kind":"mountain_hachure"},"geometry":{"type":"LineString","coordinates":[[90.50564,27.97128],[90.53808,28.14833]]}},{"type":"Feature","properties":{"kind":"mountain_hachure"},"geometry":{"type":"LineString","coordinates":[[90.80564,27.97128],[90.83808,28.14833]]}},{"type":"Feature","properties":{"kind":"mountain_hachure"},"geometry":{"type":"LineString","coordinates":[[91.10564,27.97128],[91.13808,28.14833]]}},{"type":"Feature","properties":{"kind":"mountain_hachure"},"geometry":{"type":"LineString","coordinates":[[91.40564,27.97128],[91.43808,28.14833]]}},{"type":"Feature","properties":{"kind":"mountain_hachure"},"geometry":{"type":"LineString","coordinates":[[91.70564,27.97128],[91.73808,28.14833]]}},{"type":"Feature","properties":{"kind":"mountain_hachure"},"geometry":{"type":"LineString","coordinates":[[92.00564,27.97128],[92.03808,28.14833]]}},{"type":"Feature","properties":{"kind":"mountain_hachure"},"geometry":{"type":"LineString","coordinates":[[92.30564,27.97128],[92.33808,28.14833]]}},{"type":"Feature","properties":{"kind":"mountain_hachure"},"geometry":{"type":"LineString","coordinates":[[92.60564,27.97128],[92.63808,28.14833]]}},{"type":"Feature","properties":{"kind":"mountain_hachure"},"geometry":{"type":"LineString","coordinates":[[92.90564,27.97128],[92.93808,28.14833]]}},{"type":"Feature","properties":{"kind":"mountain_hachure"},"geometry":{"type":"LineString","coordinates":[[93.20564,27.97128],[93.23808,28.14833]]}},{"type":"Feature","properties":{"kind":"mountain_hachure"},"geometry":{"type":"LineString","coordinates":[[93.50564,27.97128],[93.53808,28.14833]]}},{"type":"Feature","properties":{"kind":"mountain_hachure"},"geometry":{"type":"LineString","coordinates":[[93.80564,27.97128],[93.83808,28.14833]]}},{"type":"Feature","properties":{"kind":"mountain_hachure"},"geometry":{"type":"LineString","coordinates":[[94.10564,27.97128],[94.13808,28.14833]]}},{"type":"Feature","properties":{"kind":"mountain_hachure"},"geometry":{"type":"LineString","coordinates":[[94.40564,27.97128],[94.43808,28.14833]]}},{"type":"Feature","properties":{"kind":"mountain_hachure"},"geometry":{"type":"LineString","coordinates":[[94.70564,27.97128],[94.73808,28.14833]]}},{"type":"Feature","properties":{"kind":"mountain_hachure"},"geometry":{"type":"LineString","coordinates":[[95.00564,27.97128],[95.03808,28.14833]]}},{"type":"Feature","properties":{"kind":"mountain_hachure"},"geometry":{"type":"LineString","coordinates":[[82.10564,28.27128],[82.13808,28.44833]]}},{"type":"Feature","properties":{"kind":"mountain_hachure"},"geometry":{"type":"LineString","coordinates":[[82.40564,28.27128],[82.43808,28.44833]]}},{"type":"Feature","properties":{"kind":"mountain_hachure"},"geometry":{"type":"LineString","coordinates":[[82.70564,28.27128],[82.73808,28.44833]]}},{"type":"Feature","properties":{"kind":"mountain_hachure"},"geometry":{"type":"LineString","coordinates":[[83.00564,28.27128],[83.03808,28.44833]]}},{"type":"Feature","properties":{"kind":"mountain_hachure"},"geometry":{"type":"LineString","coordinates":[[83.30564,28.27128],[83.33808,28.44833]]}},{"type":"Feature","properties":{"kind":"mountain_hachure"},"geometry":{"type":"LineString","coordinates":[[83.60564,28.27128],[83.63808,28.44833]]}},{"type":"Feature","properties":{"kind":"mountain_hachure"},"geometry":{"type":"LineString","coordinates":[[83.90564,28.27128],[83.93808,28.44833]]}},{"type":"Feature","properties":{"kind":"mountain_hachure"},"geometry":{"type":"LineString","coordinates":[[84.20564,28.27128],[84.23808,28.44833]]}},{"type":"Feature","properties":{"kind":"mountain_hachure"},"geometry":{"type":"LineString","coordinates":[[84.50564,28.27128],[84.53808,28.44833]]}},{"type":"Feature","properties":{"kind":"mountain_hachure"},"geometry":{"type":"LineString","coordinates":[[84.80564,28.27128],[84.83808,28.44833]]}},{"type":"Feature","properties":{"kind":"mountain_hachure"},"geometry":{"type":"LineString","coordinates":[[85.10564,28.27128],[85.13808,28.44833]]}},{"type":"Feature","properties":{"kind":"mountain_hachure"},"geometry":{"type":"LineString","coordinates":[[85.40564,28.27128],[85.43808,28.44833]]}},{"type":"Feature","properties":{"kind":"mountain_hachure"},"geometry":{"type":"LineString","coordinates":[[85.70564,28.27128],[85.73808,28.44833]]}},{"type":"Feature","properties":{"kind":"mountain_hachure"},"geometry":{"type":"LineString","coordinates":[[86.00564,28.27128],[86.03808,28.44833]]}},{"type":"Feature","properties":{"kind":"mountain_hachure"},"geometry":{"type":"LineString","coordinates":[[86.30564,28.27128],[86.33808,28.44833]]}},{"type":"Feature","properties":{"kind":"mountain_hachure"},"geometry":{"type":"LineString","coordinates":[[86.60564,28.27128],[86.63808,28.44833]]}},{"type":"Feature","properties":{"kind":"mountain_hachure"},"geometry":{"type":"LineString","coordinates":[[86.90564,28.27128],[86.93808,28.44833]]}},{"type":"Feature","properties":{"kind":"mountain_hachure"},"geometry":{"type":"LineString","coordinates":[[87.20564,28.27128],[87.23808,28.44833]]}},{"type":"Feature","properties":{"kind":"mountain_hachure"},"geometry":{"type":"LineString","coordinates":[[87.50564,28.27128],[87.53808,28.44833]]}},{"type":"Feature","properties":{"kind":"mountain_hachure"},"geometry":{"type":"LineString","coordinates":[[87.80564,28.27128],[87.83808,28.44833]]}},{"type":"Feature","properties":{"kind":"mountain_hachure"},"geometry":{"type":"LineString","coordinates":[[88.10564,28.27128],[88.13808,28.44833]]}},{"type":"Feature","properties":{"kind":"mountain_hachure"},"geometry":{"type":"LineString","coordinates":[[88.40564,28.27128],[88.43808,28.44833]]}},{"type":"Feature","properties":{"kind":"mountain_hachure"},"geometry":{"type":"LineString","coordinates":[[88.70564,28.27128],[88.73808,28.44833]]}},{"type":"Feature","properties":{"kind":"mountain_hachure"},"geometry":{"type":"LineString","coordinates":[[89.00564,28.27128],[89.03808,28.44833]]}},{"type":"Feature","properties":{"kind":"mountain_hachure"},"geometry":{"type":"LineString","coordinates":[[89.30564,28.27128],[89.33808,28.44833]]}},{"type":"Feature","properties":{"kind":"mountain_hachure"},"geometry":{"type":"LineString","coordinates":[[89.60564,28.27128],[89.63808,28.44833]]}},{"type":"Feature","properties":{"kind":"mountain_hachure"},"geometry":{"type":"LineString","coordinates":[[89.90564,28.27128],[89.93808,28.44833]]}},{"type":"Feature","properties":{"kind":"mountain_hachure"},"geometry":{"type":"LineString","coordinates":[[90.20564,28.27128],[90.23808,28.44833]]}},{"type":"Feature","properties":{"kind":"mountain_hachure"},"geometry":{"type":"LineString","coordinates":[[90.50564,28.27128],[90.53808,28.44833]]}},{"type":"Feature","properties":{"kind":"mountain_hachure"},"geometry":{"type":"LineString","coordinates":[[90.80564,28.27128],[90.83808,28.44833]]}},{"type":"Feature","properties":{"kind":"mountain_hachure"},"geometry":{"type":"LineString","coordinates":[[91.10564,28.27128],[91.13808,28.44833]]}},{"type":"Feature","properties":{"kind":"mountain_hachure"},"geometry":{"type":"LineString","coordinates":[[91.40564,28.27128],[91.43808,28.44833]]}},{"type":"Feature","properties":{"kind":"mountain_hachure"},"geometry":{"type":"LineString","coordinates":[[91.70564,28.27128],[91.73808,28.44833]]}},{"type":"Feature","properties":{"kind":"mountain_hachure"},"geometry":{"type":"LineString","coordinates":[[92.00564,28.27128],[92.03808,28.44833]]}},{"type":"Feature","properties":{"kind":"mountain_hachure"},"geometry":{"type":"LineString","coordinates":[[92.30564,28.27128],[92.33808,28.44833]]}},{"type":"Feature","properties":{"kind":"mountain_hachure"},"geometry":{"type":"LineString","coordinates":[[92.60564,28.27128],[92.63808,28.44833]]}},{"type":"Feature","properties":{"kind":"mountain_hachure"},"geometry":{"type":"LineString","coordinates":[[92.90564,28.27128],[92.93808,28.44833]]}},{"type":"Feature","properties":{"kind":"mountain_hachure"},"geometry":{"type":"LineString","coordinates":[[93.20564,28.27128],[93.23808,28.44833]]}},{"type":"Feature","properties":{"kind":"mountain_hachure"},"geometry":{"type":"LineString","coordinates":[[93.50564,28.27128],[93.53808,28.44833]]}},{"type":"Feature","properties":{"kind":"mountain_hachure"},"geometry":{"type":"LineString","coordinates":[[93.80564,28.27128],[93.83808,28.44833]]}},{"type":"Feature","properties":{"kind":"mountain_hachure"},"geometry":{"type":"LineString","coordinates":[[94.10564,28.27128],[94.13808,28.44833]]}},{"type":"Feature","properties":{"kind":"mountain_hachure"},"geometry":{"type":"LineString","coordinates":[[94.40564,28.27128],[94.43808,28.44833]]}},{"type":"Feature","properties":{"kind":"mountain_hachure"},"geometry":{"type":"LineString","coordinates":[[94.70564,28.27128],[94.73808,28.44833]]}},{"type":"Feature","properties":{"kind":"mountain_hachure"},"geometry":{"type":"LineString","coordinates":[[95.00564,28.27128],[95.03808,28.44833]]}},{"type":"Feature","properties":{"kind":"mountain_hachure"},"geometry":{"type":"LineString","coordinates":[[81.50564,28.57128],[81.53808,28.74833]]}},{"type":"Feature","properties":{"kind":"mountain_hachure"},"geometry":{"type":"LineString","coordinates":[[81.80564,28.57128],[81.83808,28.74833]]}},{"type":"Feature","properties":{"kind":"mountain_hachure"},"geometry":{"type":"LineString","coordinates":[[82.10564,28.57128],[82.13808,28.74833]]}},{"type":"Feature","properties":{"kind":"mountain_hachure"},"geometry":{"type":"LineString","coordinates":[[82.40564,28.57128],[82.43808,28.74833]]}},{"type":"Feature","properties":{"kind":"mountain_hachure"},"geometry":{"type":"LineString","coordinates":[[82.70564,28.57128],[82.73808,28.74833]]}},{"type":"Feature","properties":{"kind":"mountain_hachure"},"geometry":{"type":"LineString","coordinates":[[83.00564,28.57128],[83.03808,28.74833]]}},{"type":"Feature","properties":{"kind":"mountain_hachure"},"geometry":{"type":"LineString","coordinates":[[83.30564,28.57128],[83.33808,28.74833]]}},{"type":"Feature","properties":{"kind":"mountain_hachure"},"geometry":{"type":"LineString","coordinates":[[83.60564,28.57128],[83.63808,28.74833]]}},{"type":"Feature","properties":{"kind":"mountain_hachure"},"geometry":{"type":"LineString","coordinates":[[83.90564,28.57128],[83.93808,28.74833]]}},{"type":"Feature","properties":{"kind":"mountain_hachure"},"geometry":{"type":"LineString","coordinates":[[84.20564,28.57128],[84.23808,28.74833]]}},{"type":"Feature","properties":{"kind":"mountain_hachure"},"geometry":{"type":"LineString","coordinates":[[84.50564,28.57128],[84.53808,28.74833]]}},{"type":"Feature","properties":{"kind":"mountain_hachure"},"geometry":{"type":"LineString","coordinates":[[84.80564,28.57128],[84.83808,28.74833]]}},{"type":"Feature","properties":{"kind":"mountain_hachure"},"geometry":{"type":"LineString","coordinates":[[85.10564,28.57128],[85.13808,28.74833]]}},{"type":"Feature","properties":{"kind":"mountain_hachure"},"geometry":{"type":"LineString","coordinates":[[85.40564,28.57128],[85.43808,28.74833]]}},{"type":"Feature","properties":{"kind":"mountain_hachure"},"geometry":{"type":"LineString","coordinates":[[85.70564,28.57128],[85.73808,28.74833]]}},{"type":"Feature","properties":{"kind":"mountain_hachure"},"geometry":{"type":"LineString","coordinates":[[86.00564,28.57128],[86.03808,28.74833]]}},{"type":"Feature","properties":{"kind":"mountain_hachure"},"geometry":{"type":"LineString","coordinates":[[86.30564,28.57128],[86.33808,28.74833]]}},{"type":"Feature","properties":{"kind":"mountain_hachure"},"geometry":{"type":"LineString","coordinates":[[86.60564,28.57128],[86.63808,28.74833]]}},{"type":"Feature","properties":{"kind":"mountain_hachure"},"geometry":{"type":"LineString","coordinates":[[86.90564,28.57128],[86.93808,28.74833]]}},{"type":"Feature","properties":{"kind":"mountain_hachure"},"geometry":{"type":"LineString","coordinates":[[87.20564,28.57128],[87.23808,28.74833]]}},{"type":"Feature","properties":{"kind":"mountain_hachure"},"geometry":{"type":"LineString","coordinates":[[87.50564,28.57128],[87.53808,28.74833]]}},{"type":"Feature","properties":{"kind":"mountain_hachure"},"geometry":{"type":"LineString","coordinates":[[87.80564,28.57128],[87.83808,28.74833]]}},{"type":"Feature","properties":{"kind":"mountain_hachure"},"geometry":{"type":"LineString","coordinates":[[88.10564,28.57128],[88.13808,28.74833]]}},{"type":"Feature","properties":{"kind":"mountain_hachure"},"geometry":{"type":"LineString","coordinates":[[88.40564,28.57128],[88.43808,28.74833]]}},{"type":"Feature","properties":{"kind":"mountain_hachure"},"geometry":{"type":"LineString","coordinates":[[88.70564,28.57128],[88.73808,28.74833]]}},{"type":"Feature","properties":{"kind":"mountain_hachure"},"geometry":{"type":"LineString","coordinates":[[89.00564,28.57128],[89.03808,28.74833]]}},{"type":"Feature","properties":{"kind":"mountain_hachure"},"geometry":{"type":"LineString","coordinates":[[89.30564,28.57128],[89.33808,28.74833]]}},{"type":"Feature","properties":{"kind":"mountain_hachure"},"geometry":{"type":"LineString","coordinates":[[89.60564,28.57128],[89.63808,28.74833]]}},{"type":"Feature","properties":{"kind":"mountain_hachure"},"geometry":{"type":"LineString","coordinates":[[89.90564,28.57128],[89.93808,28.74833]]}},{"type":"Feature","properties":{"kind":"mountain_hachure"},"geometry":{"type":"LineString","coordinates":[[90.20564,28.57128],[90.23808,28.74833]]}},{"type":"Feature","properties":{"kind":"mountain_hachure"},"geometry":{"type":"LineString","coordinates":[[90.50564,28.57128],[90.53808,28.74833]]}},{"type":"Feature","properties":{"kind":"mountain_hachure"},"geometry":{"type":"LineString","coordinates":[[90.80564,28.57128],[90.83808,28.74833]]}},{"type":"Feature","properties":{"kind":"mountain_hachure"},"geometry":{"type":"LineString","coordinates":[[91.10564,28.57128],[91.13808,28.74833]]}},{"type":"Feature","properties":{"kind":"mountain_hachure"},"geometry":{"type":"LineString","coordinates":[[91.40564,28.57128],[91.43808,28.74833]]}},{"type":"Feature","properties":{"kind":"mountain_hachure"},"geometry":{"type":"LineString","coordinates":[[91.70564,28.57128],[91.73808,28.74833]]}},{"type":"Feature","properties":{"kind":"mountain_hachure"},"geometry":{"type":"LineString","coordinates":[[92.00564,28.57128],[92.03808,28.74833]]}},{"type":"Feature","properties":{"kind":"mountain_hachure"},"geometry":{"type":"LineString","coordinates":[[92.30564,28.57128],[92.33808,28.74833]]}},{"type":"Feature","properties":{"kind":"mountain_hachure"},"geometry":{"type":"LineString","coordinates":[[92.60564,28.57128],[92.63808,28.74833]]}},{"type":"Feature","properties":{"kind":"mountain_hachure"},"geometry":{"type":"LineString","coordinates":[[92.90564,28.57128],[92.93808,28.74833]]}},{"type":"Feature","properties":{"kind":"mountain_hachure"},"geometry":{"type":"LineString","coordinates":[[93.20564,28.57128],[93.23808,28.74833]]}},{"type":"Feature","properties":{"kind":"mountain_hachure"},"geometry":{"type":"LineString","coordinates":[[93.50564,28.57128],[93.53808,28.74833]]}},{"type":"Feature","properties":{"kind":"mountain_hachure"},"geometry":{"type":"LineString","coordinates":[[93.80564,28.57128],[93.83808,28.74833]]}},{"type":"Feature","properties":{"kind":"mountain_hachure"},"geometry":{"type":"LineString","coordinates":[[94.10564,28.57128],[94.13808,28.74833]]}},{"type":"Feature","properties":{"kind":"mountain_hachure"},"geometry":{"type":"LineString","coordinates":[[94.40564,28.57128],[94.43808,28.74833]]}},{"type":"Feature","properties":{"kind":"mountain_hachure"},"geometry":{"type":"LineString","coordinates":[[94.70564,28.57128],[94.73808,28.74833]]}},{"type":"Feature","properties":{"kind":"mountain_hachure"},"geometry":{"type":"LineString","coordinates":[[81.20564,28.87128],[81.23808,29.04833]]}},{"type":"Feature","properties":{"kind":"mountain_hachure"},"geometry":{"type":"LineString","coordinates":[[81.50564,28.87128],[81.53808,29.04833]]}},{"type":"Feature","properties":{"kind":"mountain_hachure"},"geometry":{"type":"LineString","coordinates":[[81.80564,28.87128],[81.83808,29.04833]]}},{"type":"Feature","properties":{"kind":"mountain_hachure"},"geometry":{"type":"LineString","coordinates":[[82.10564,28.87128],[82.13808,29.04833]]}},{"type":"Feature","properties":{"kind":"mountain_hachure"},"geometry":{"type":"LineString","coordinates":[[82.40564,28.87128],[82.43808,29.04833]]}},{"type":"Feature","properties":{"kind":"mountain_hachure"},"geometry":{"type":"LineString","coordinates":[[82.70564,28.87128],[82.73808,29.04833]]}},{"type":"Feature","properties":{"kind":"mountain_hachure"},"geometry":{"type":"LineString","coordinates":[[83.00564,28.87128],[83.03808,29.04833]]}},{"type":"Feature","properties":{"kind":"mountain_hachure"},"geometry":{"type":"LineString","coordinates":[[83.30564,28.87128],[83.33808,29.04833]]}},{"type":"Feature","properties":{"kind":"mountain_hachure"},"geometry":{"type":"LineString","coordinates":[[83.60564,28.87128],[83.63808,29.04833]]}},{"type":"Feature","properties":{"kind":"mountain_hachure"},"geometry":{"type":"LineString","coordinates":[[83.90564,28.87128],[83.93808,29.04833]]}},{"type":"Feature","properties":{"kind":"mountain_hachure"},"geometry":{"type":"LineString","coordinates":[[84.20564,28.87128],[84.23808,29.04833]]}},{"type":"Feature","properties":{"kind":"mountain_hachure"},"geometry":{"type":"LineString","coordinates":[[84.50564,28.87128],[84.53808,29.04833]]}},{"type":"Feature","properties":{"kind":"mountain_hachure"},"geometry":{"type":"LineString","coordinates":[[84.80564,28.87128],[84.83808,29.04833]]}},{"type":"Feature","properties":{"kind":"mountain_hachure"},"geometry":{"type":"LineString","coordinates":[[85.10564,28.87128],[85.13808,29.04833]]}},{"type":"Feature","properties":{"kind":"mountain_hachure"},"geometry":{"type":"LineString","coordinates":[[85.40564,28.87128],[85.43808,29.04833]]}},{"type":"Feature","properties":{"kind":"mountain_hachure"},"geometry":{"type":"LineString","coordinates":[[85.70564,28.87128],[85.73808,29.04833]]}},{"type":"Feature","properties":{"kind":"mountain_hachure"},"geometry":{"type":"LineString","coordinates":[[86.00564,28.87128],[86.03808,29.04833]]}},{"type":"Feature","properties":{"kind":"mountain_hachure"},"geometry":{"type":"LineString","coordinates":[[86.30564,28.87128],[86.33808,29.04833]]}},{"type":"Feature","properties":{"kind":"mountain_hachure"},"geometry":{"type":"LineString","coordinates":[[86.60564,28.87128],[86.63808,29.04833]]}},{"type":"Feature","properties":{"kind":"mountain_hachure"},"geometry":{"type":"LineString","coordinates":[[86.90564,28.87128],[86.93808,29.04833]]}},{"type":"Feature","properties":{"kind":"mountain_hachure"},"geometry":{"type":"LineString","coordinates":[[87.20564,28.87128],[87.23808,29.04833]]}},{"type":"Feature","properties":{"kind":"mountain_hachure"},"geometry":{"type":"LineString","coordinates":[[87.50564,28.87128],[87.53808,29.04833]]}},{"type":"Feature","properties":{"kind":"mountain_hachure"},"geometry":{"type":"LineString","coordinates":[[87.80564,28.87128],[87.83808,29.04833]]}},{"type":"Feature","properties":{"kind":"mountain_hachure"},"geometry":{"type":"LineString","coordinates":[[88.10564,28.87128],[88.13808,29.04833]]}},{"type":"Feature","properties":{"kind":"mountain_hachure"},"geometry":{"type":"LineString","coordinates":[[88.40564,28.87128],[88.43808,29.04833]]}},{"type":"Feature","properties":{"kind":"mountain_hachure"},"geometry":{"type":"LineString","coordinates":[[88.70564,28.87128],[88.73808,29.04833]]}},{"type":"Feature","properties":{"kind":"mountain_hachure"},"geometry":{"type":"LineString","coordinates":[[89.00564,28.87128],[89.03808,29.04833]]}},{"type":"Feature","properties":{"kind":"mountain_hachure"},"geometry":{"type":"LineString","coordinates":[[89.30564,28.87128],[89.33808,29.04833]]}},{"type":"Feature","properties":{"kind":"mountain_hachure"},"geometry":{"type":"LineString","coordinates":[[89.60564,28.87128],[89.63808,29.04833]]}},{"type":"Feature","properties":{"kind":"mountain_hachure"},"geometry":{"type":"LineString","coordinates":[[89.90564,28.87128],[89.93808,29.04833]]}},{"type":"Feature","properties":{"kind":"mountain_hachure"},"geometry":{"type":"LineString","coordinates":[[90.20564,28.87128],[90.23808,29.04833]]}},{"type":"Feature","properties":{"kind":"mountain_hachure"},"geometry":{"type":"LineString","coordinates":[[90.50564,28.87128],[90.53808,29.04833]]}},{"type":"Feature","properties":{"kind":"mountain_hachure"},"geometry":{"type":"LineString","coordinates":[[90.80564,28.87128],[90.83808,29.04833]]}},{"type":"Feature","properties":{"kind":"mountain_hachure"},"geometry":{"type":"LineString","coordinates":[[91.10564,28.87128],[91.13808,29.04833]]}},{"type":"Feature","properties":{"kind":"mountain_hachure"},"geometry":{"type":"LineString","coordinates":[[91.40564,28.87128],[91.43808,29.04833]]}},{"type":"Feature","properties":{"kind":"mountain_hachure"},"geometry":{"type":"LineString","coordinates":[[91.70564,28.87128],[91.73808,29.04833]]}},{"type":"Feature","properties":{"kind":"mountain_hachure"},"geometry":{"type":"LineString","coordinates":[[92.00564,28.87128],[92.03808,29.04833]]}},{"type":"Feature","properties":{"kind":"mountain_hachure"},"geometry":{"type":"LineString","coordinates":[[92.30564,28.87128],[92.33808,29.04833]]}},{"type":"Feature","properties":{"kind":"mountain_hachure"},"geometry":{"type":"LineString","coordinates":[[92.60564,28.87128],[92.63808,29.04833]]}},{"type":"Feature","properties":{"kind":"mountain_hachure"},"geometry":{"type":"LineString","coordinates":[[92.90564,28.87128],[92.93808,29.04833]]}},{"type":"Feature","properties":{"kind":"mountain_hachure"},"geometry":{"type":"LineString","coordinates":[[93.80564,28.87128],[93.83808,29.04833]]}},{"type":"Feature","properties":{"kind":"mountain_hachure"},"geometry":{"type":"LineString","coordinates":[[94.10564,28.87128],[94.13808,29.04833]]}},{"type":"Feature","properties":{"kind":"mountain_hachure"},"geometry":{"type":"LineString","coordinates":[[94.40564,28.87128],[94.43808,29.04833]]}},{"type":"Feature","properties":{"kind":"mountain_hachure"},"geometry":{"type":"LineString","coordinates":[[94.70564,28.87128],[94.73808,29.04833]]}},{"type":"Feature","properties":{"kind":"mountain_hachure"},"geometry":{"type":"LineString","coordinates":[[80.60564,29.17128],[80.63808,29.34833]]}},{"type":"Feature","properties":{"kind":"mountain_hachure"},"geometry":{"type":"LineString","coordinates":[[80.90564,29.17128],[80.93808,29.34833]]}},{"type":"Feature","properties":{"kind":"mountain_hachure"},"geometry":{"type":"LineString","coordinates":[[81.20564,29.17128],[81.23808,29.34833]]}},{"type":"Feature","properties":{"kind":"mountain_hachure"},"geometry":{"type":"LineString","coordinates":[[81.50564,29.17128],[81.53808,29.34833]]}},{"type":"Feature","properties":{"kind":"mountain_hachure"},"geometry":{"type":"LineString","coordinates":[[81.80564,29.17128],[81.83808,29.34833]]}},{"type":"Feature","properties":{"kind":"mountain_hachure"},"geometry":{"type":"LineString","coordinates":[[82.10564,29.17128],[82.13808,29.34833]]}},{"type":"Feature","properties":{"kind":"mountain_hachure"},"geometry":{"type":"LineString","coordinates":[[82.40564,29.17128],[82.43808,29.34833]]}},{"type":"Feature","properties":{"kind":"mountain_hachure"},"geometry":{"type":"LineString","coordinates":[[82.70564,29.17128],[82.73808,29.34833]]}},{"type":"Feature","properties":{"kind":"mountain_hachure"},"geometry":{"type":"LineString","coordinates":[[83.00564,29.17128],[83.03808,29.34833]]}},{"type":"Feature","properties":{"kind":"mountain_hachure"},"geometry":{"type":"LineString","coordinates":[[83.30564,29.17128],[83.33808,29.34833]]}},{"type":"Feature","properties":{"kind":"mountain_hachure"},"geometry":{"type":"LineString","coordinates":[[83.60564,29.17128],[83.63808,29.34833]]}},{"type":"Feature","properties":{"kind":"mountain_hachure"},"geometry":{"type":"LineString","coordinates":[[83.90564,29.17128],[83.93808,29.34833]]}},{"type":"Feature","properties":{"kind":"mountain_hachure"},"geometry":{"type":"LineString","coordinates":[[84.20564,29.17128],[84.23808,29.34833]]}},{"type":"Feature","properties":{"kind":"mountain_hachure"},"geometry":{"type":"LineString","coordinates":[[84.50564,29.17128],[84.53808,29.34833]]}},{"type":"Feature","properties":{"kind":"mountain_hachure"},"geometry":{"type":"LineString","coordinates":[[87.80564,29.17128],[87.83808,29.34833]]}},{"type":"Feature","properties":{"kind":"mountain_hachure"},"geometry":{"type":"LineString","coordinates":[[88.10564,29.17128],[88.13808,29.34833]]}},{"type":"Feature","properties":{"kind":"mountain_hachure"},"geometry":{"type":"LineString","coordinates":[[88.40564,29.17128],[88.43808,29.34833]]}},{"type":"Feature","properties":{"kind":"mountain_hachure"},"geometry":{"type":"LineString","coordinates":[[88.70564,29.17128],[88.73808,29.34833]]}},{"type":"Feature","properties":{"kind":"mountain_hachure"},"geometry":{"type":"LineString","coordinates":[[89.00564,29.17128],[89.03808,29.34833]]}},{"type":"Feature","properties":{"kind":"mountain_hachure"},"geometry":{"type":"LineString","coordinates":[[94.70564,29.17128],[94.73808,29.34833]]}},{"type":"Feature","properties":{"kind":"mountain_hachure"},"geometry":{"type":"LineString","coordinates":[[95.00564,29.17128],[95.03808,29.34833]]}},{"type":"Feature","properties":{"kind":"mountain_hachure"},"geometry":{"type":"LineString","coordinates":[[80.00564,29.47128],[80.03808,29.64833]]}},{"type":"Feature","properties":{"kind":"mountain_hachure"},"geometry":{"type":"LineString","coordinates":[[80.30564,29.47128],[80.33808,29.64833]]}},{"type":"Feature","properties":{"kind":"mountain_hachure"},"geometry":{"type":"LineString","coordinates":[[80.60564,29.47128],[80.63808,29.64833]]}},{"type":"Feature","properties":{"kind":"mountain_hachure"},"geometry":{"type":"LineString","coordinates":[[80.90564,29.47128],[80.93808,29.64833]]}},{"type":"Feature","properties":{"kind":"mountain_hachure"},"geometry":{"type":"LineString","coordinates":[[81.20564,29.47128],[81.23808,29.64833]]}},{"type":"Feature","properties":{"kind":"mountain_hachure"},"geometry":{"type":"LineString","coordinates":[[81.50564,29.47128],[81.53808,29.64833]]}},{"type":"Feature","properties":{"kind":"mountain_hachure"},"geometry":{"type":"LineString","coordinates":[[81.80564,29.47128],[81.83808,29.64833]]}},{"type":"Feature","properties":{"kind":"mountain_hachure"},"geometry":{"type":"LineString","coordinates":[[82.10564,29.47128],[82.13808,29.64833]]}},{"type":"Feature","properties":{"kind":"mountain_hachure"},"geometry":{"type":"LineString","coordinates":[[82.40564,29.47128],[82.43808,29.64833]]}},{"type":"Feature","properties":{"kind":"mountain_hachure"},"geometry":{"type":"LineString","coordinates":[[82.70564,29.47128],[82.73808,29.64833]]}},{"type":"Feature","properties":{"kind":"mountain_hachure"},"geometry":{"type":"LineString","coordinates":[[83.00564,29.47128],[83.03808,29.64833]]}},{"type":"Feature","properties":{"kind":"mountain_hachure"},"geometry":{"type":"LineString","coordinates":[[83.30564,29.47128],[83.33808,29.64833]]}},{"type":"Feature","properties":{"kind":"mountain_hachure"},"geometry":{"type":"LineString","coordinates":[[83.60564,29.47128],[83.63808,29.64833]]}},{"type":"Feature","properties":{"kind":"mountain_hachure"},"geometry":{"type":"LineString","coordinates":[[83.90564,29.47128],[83.93808,29.64833]]}},{"type":"Feature","properties":{"kind":"mountain_hachure"},"geometry":{"type":"LineString","coordinates":[[95.00564,29.47128],[95.03808,29.64833]]}},{"type":"Feature","properties":{"kind":"mountain_hachure"},"geometry":{"type":"LineString","coordinates":[[95.30564,29.47128],[95.33808,29.64833]]}},{"type":"Feature","properties":{"kind":"mountain_hachure"},"geometry":{"type":"LineString","coordinates":[[95.60564,29.47128],[95.63808,29.64833]]}},{"type":"Feature","properties":{"kind":"mountain_hachure"},"geometry":{"type":"LineString","coordinates":[[79.70564,29.77128],[79.73808,29.94833]]}},{"type":"Feature","properties":{"kind":"mountain_hachure"},"geometry":{"type":"LineString","coordinates":[[80.00564,29.77128],[80.03808,29.94833]]}},{"type":"Feature","properties":{"kind":"mountain_hachure"},"geometry":{"type":"LineString","coordinates":[[80.30564,29.77128],[80.33808,29.94833]]}},{"type":"Feature","properties":{"kind":"mountain_hachure"},"geometry":{"type":"LineString","coordinates":[[80.60564,29.77128],[80.63808,29.94833]]}},{"type":"Feature","properties":{"kind":"mountain_hachure"},"geometry":{"type":"LineString","coordinates":[[80.90564,29.77128],[80.93808,29.94833]]}},{"type":"Feature","properties":{"kind":"mountain_hachure"},"geometry":{"type":"LineString","coordinates":[[81.20564,29.77128],[81.23808,29.94833]]}},{"type":"Feature","properties":{"kind":"mountain_hachure"},"geometry":{"type":"LineString","coordinates":[[81.50564,29.77128],[81.53808,29.94833]]}},{"type":"Feature","properties":{"kind":"mountain_hachure"},"geometry":{"type":"LineString","coordinates":[[81.80564,29.77128],[81.83808,29.94833]]}},{"type":"Feature","properties":{"kind":"mountain_hachure"},"geometry":{"type":"LineString","coordinates":[[82.10564,29.77128],[82.13808,29.94833]]}},{"type":"Feature","properties":{"kind":"mountain_hachure"},"geometry":{"type":"LineString","coordinates":[[82.40564,29.77128],[82.43808,29.94833]]}},{"type":"Feature","properties":{"kind":"mountain_hachure"},"geometry":{"type":"LineString","coordinates":[[82.70564,29.77128],[82.73808,29.94833]]}},{"type":"Feature","properties":{"kind":"mountain_hachure"},"geometry":{"type":"LineString","coordinates":[[83.00564,29.77128],[83.03808,29.94833]]}},{"type":"Feature","properties":{"kind":"mountain_hachure"},"geometry":{"type":"LineString","coordinates":[[83.30564,29.77128],[83.33808,29.94833]]}},{"type":"Feature","properties":{"kind":"mountain_hachure"},"geometry":{"type":"LineString","coordinates":[[83.60564,29.77128],[83.63808,29.94833]]}},{"type":"Feature","properties":{"kind":"mountain_hachure"},"geometry":{"type":"LineString","coordinates":[[79.10564,30.07128],[79.13808,30.24833]]}},{"type":"Feature","properties":{"kind":"mountain_hachure"},"geometry":{"type":"LineString","coordinates":[[79.40564,30.07128],[79.43808,30.24833]]}},{"type":"Feature","properties":{"kind":"mountain_hachure"},"geometry":{"type":"LineString","coordinates":[[79.70564,30.07128],[79.73808,30.24833]]}},{"type":"Feature","properties":{"kind":"mountain_hachure"},"geometry":{"type":"LineString","coordinates":[[80.00564,30.07128],[80.03808,30.24833]]}},{"type":"Feature","properties":{"kind":"mountain_hachure"},"geometry":{"type":"LineString","coordinates":[[80.30564,30.07128],[80.33808,30.24833]]}},{"type":"Feature","properties":{"kind":"mountain_hachure"},"geometry":{"type":"LineString","coordinates":[[80.60564,30.07128],[80.63808,30.24833]]}},{"type":"Feature","properties":{"kind":"mountain_hachure"},"geometry":{"type":"LineString","coordinates":[[80.90564,30.07128],[80.93808,30.24833]]}},{"type":"Feature","properties":{"kind":"mountain_hachure"},"geometry":{"type":"LineString","coordinates":[[81.20564,30.07128],[81.23808,30.24833]]}},{"type":"Feature","properties":{"kind":"mountain_hachure"},"geometry":{"type":"LineString","coordinates":[[81.50564,30.07128],[81.53808,30.24833]]}},{"type":"Feature","properties":{"kind":"mountain_hachure"},"geometry":{"type":"LineString","coordinates":[[81.80564,30.07128],[81.83808,30.24833]]}},{"type":"Feature","properties":{"kind":"mountain_hachure"},"geometry":{"type":"LineString","coordinates":[[82.10564,30.07128],[82.13808,30.24833]]}},{"type":"Feature","properties":{"kind":"mountain_hachure"},"geometry":{"type":"LineString","coordinates":[[82.40564,30.07128],[82.43808,30.24833]]}},{"type":"Feature","properties":{"kind":"mountain_hachure"},"geometry":{"type":"LineString","coordinates":[[82.70564,30.07128],[82.73808,30.24833]]}},{"type":"Feature","properties":{"kind":"mountain_hachure"},"geometry":{"type":"LineString","coordinates":[[83.00564,30.07128],[83.03808,30.24833]]}},{"type":"Feature","properties":{"kind":"mountain_hachure"},"geometry":{"type":"LineString","coordinates":[[78.50564,30.37128],[78.53808,30.54833]]}},{"type":"Feature","properties":{"kind":"mountain_hachure"},"geometry":{"type":"LineString","coordinates":[[78.80564,30.37128],[78.83808,30.54833]]}},{"type":"Feature","properties":{"kind":"mountain_hachure"},"geometry":{"type":"LineString","coordinates":[[79.10564,30.37128],[79.13808,30.54833]]}},{"type":"Feature","properties":{"kind":"mountain_hachure"},"geometry":{"type":"LineString","coordinates":[[79.40564,30.37128],[79.43808,30.54833]]}},{"type":"Feature","properties":{"kind":"mountain_hachure"},"geometry":{"type":"LineString","coordinates":[[79.70564,30.37128],[79.73808,30.54833]]}},{"type":"Feature","properties":{"kind":"mountain_hachure"},"geometry":{"type":"LineString","coordinates":[[80.00564,30.37128],[80.03808,30.54833]]}},{"type":"Feature","properties":{"kind":"mountain_hachure"},"geometry":{"type":"LineString","coordinates":[[80.30564,30.37128],[80.33808,30.54833]]}},{"type":"Feature","properties":{"kind":"mountain_hachure"},"geometry":{"type":"LineString","coordinates":[[80.60564,30.37128],[80.63808,30.54833]]}},{"type":"Feature","properties":{"kind":"mountain_hachure"},"geometry":{"type":"LineString","coordinates":[[80.90564,30.37128],[80.93808,30.54833]]}},{"type":"Feature","properties":{"kind":"mountain_hachure"},"geometry":{"type":"LineString","coordinates":[[81.20564,30.37128],[81.23808,30.54833]]}},{"type":"Feature","properties":{"kind":"mountain_hachure"},"geometry":{"type":"LineString","coordinates":[[81.50564,30.37128],[81.53808,30.54833]]}},{"type":"Feature","properties":{"kind":"mountain_hachure"},"geometry":{"type":"LineString","coordinates":[[81.80564,30.37128],[81.83808,30.54833]]}},{"type":"Feature","properties":{"kind":"mountain_hachure"},"geometry":{"type":"LineString","coordinates":[[82.10564,30.37128],[82.13808,30.54833]]}},{"type":"Feature","properties":{"kind":"mountain_hachure"},"geometry":{"type":"LineString","coordinates":[[82.40564,30.37128],[82.43808,30.54833]]}},{"type":"Feature","properties":{"kind":"mountain_hachure"},"geometry":{"type":"LineString","coordinates":[[82.70564,30.37128],[82.73808,30.54833]]}},{"type":"Feature","properties":{"kind":"mountain_hachure"},"geometry":{"type":"LineString","coordinates":[[78.20564,30.67128],[78.23808,30.84833]]}},{"type":"Feature","properties":{"kind":"mountain_hachure"},"geometry":{"type":"LineString","coordinates":[[78.50564,30.67128],[78.53808,30.84833]]}},{"type":"Feature","properties":{"kind":"mountain_hachure"},"geometry":{"type":"LineString","coordinates":[[78.80564,30.67128],[78.83808,30.84833]]}},{"type":"Feature","properties":{"kind":"mountain_hachure"},"geometry":{"type":"LineString","coordinates":[[79.10564,30.67128],[79.13808,30.84833]]}},{"type":"Feature","properties":{"kind":"mountain_hachure"},"geometry":{"type":"LineString","coordinates":[[79.40564,30.67128],[79.43808,30.84833]]}},{"type":"Feature","properties":{"kind":"mountain_hachure"},"geometry":{"type":"LineString","coordinates":[[79.70564,30.67128],[79.73808,30.84833]]}},{"type":"Feature","properties":{"kind":"mountain_hachure"},"geometry":{"type":"LineString","coordinates":[[80.00564,30.67128],[80.03808,30.84833]]}},{"type":"Feature","properties":{"kind":"mountain_hachure"},"geometry":{"type":"LineString","coordinates":[[80.30564,30.67128],[80.33808,30.84833]]}},{"type":"Feature","properties":{"kind":"mountain_hachure"},"geometry":{"type":"LineString","coordinates":[[80.60564,30.67128],[80.63808,30.84833]]}},{"type":"Feature","properties":{"kind":"mountain_hachure"},"geometry":{"type":"LineString","coordinates":[[80.90564,30.67128],[80.93808,30.84833]]}},{"type":"Feature","properties":{"kind":"mountain_hachure"},"geometry":{"type":"LineString","coordinates":[[81.20564,30.67128],[81.23808,30.84833]]}},{"type":"Feature","properties":{"kind":"mountain_hachure"},"geometry":{"type":"LineString","coordinates":[[81.50564,30.67128],[81.53808,30.84833]]}},{"type":"Feature","properties":{"kind":"mountain_hachure"},"geometry":{"type":"LineString","coordinates":[[81.80564,30.67128],[81.83808,30.84833]]}},{"type":"Feature","properties":{"kind":"mountain_hachure"},"geometry":{"type":"LineString","coordinates":[[82.10564,30.67128],[82.13808,30.84833]]}},{"type":"Feature","properties":{"kind":"mountain_hachure"},"geometry":{"type":"LineString","coordinates":[[77.60564,30.97128],[77.63808,31.14833]]}},{"type":"Feature","properties":{"kind":"mountain_hachure"},"geometry":{"type":"LineString","coordinates":[[77.90564,30.97128],[77.93808,31.14833]]}},{"type":"Feature","properties":{"kind":"mountain_hachure"},"geometry":{"type":"LineString","coordinates":[[78.20564,30.97128],[78.23808,31.14833]]}},{"type":"Feature","properties":{"kind":"mountain_hachure"},"geometry":{"type":"LineString","coordinates":[[78.50564,30.97128],[78.53808,31.14833]]}},{"type":"Feature","properties":{"kind":"mountain_hachure"},"geometry":{"type":"LineString","coordinates":[[78.80564,30.97128],[78.83808,31.14833]]}},{"type":"Feature","properties":{"kind":"mountain_hachure"},"geometry":{"type":"LineString","coordinates":[[79.10564,30.97128],[79.13808,31.14833]]}},{"type":"Feature","properties":{"kind":"mountain_hachure"},"geometry":{"type":"LineString","coordinates":[[79.40564,30.97128],[79.43808,31.14833]]}},{"type":"Feature","properties":{"kind":"mountain_hachure"},"geometry":{"type":"LineString","coordinates":[[79.70564,30.97128],[79.73808,31.14833]]}},{"type":"Feature","properties":{"kind":"mountain_hachure"},"geometry":{"type":"LineString","coordinates":[[80.00564,30.97128],[80.03808,31.14833]]}},{"type":"Feature","properties":{"kind":"mountain_hachure"},"geometry":{"type":"LineString","coordinates":[[80.30564,30.97128],[80.33808,31.14833]]}},{"type":"Feature","properties":{"kind":"mountain_hachure"},"geometry":{"type":"LineString","coordinates":[[80.60564,30.97128],[80.63808,31.14833]]}},{"type":"Feature","properties":{"kind":"mountain_hachure"},"geometry":{"type":"LineString","coordinates":[[80.90564,30.97128],[80.93808,31.14833]]}},{"type":"Feature","properties":{"kind":"mountain_hachure"},"geometry":{"type":"LineString","coordinates":[[81.20564,30.97128],[81.23808,31.14833]]}},{"type":"Feature","properties":{"kind":"mountain_hachure"},"geometry":{"type":"LineString","coordinates":[[81.50564,30.97128],[81.53808,31.14833]]}},{"type":"Feature","properties":{"kind":"mountain_hachure"},"geometry":{"type":"LineString","coordinates":[[81.80564,30.97128],[81.83808,31.14833]]}},{"type":"Feature","properties":{"kind":"mountain_hachure"},"geometry":{"type":"LineString","coordinates":[[77.30564,31.27128],[77.33808,31.44833]]}},{"type":"Feature","properties":{"kind":"mountain_hachure"},"geometry":{"type":"LineString","coordinates":[[77.60564,31.27128],[77.63808,31.44833]]}},{"type":"Feature","properties":{"kind":"mountain_hachure"},"geometry":{"type":"LineString","coordinates":[[77.90564,31.27128],[77.93808,31.44833]]}},{"type":"Feature","properties":{"kind":"mountain_hachure"},"geometry":{"type":"LineString","coordinates":[[78.20564,31.27128],[78.23808,31.44833]]}},{"type":"Feature","properties":{"kind":"mountain_hachure"},"geometry":{"type":"LineString","coordinates":[[78.50564,31.27128],[78.53808,31.44833]]}},{"type":"Feature","properties":{"kind":"mountain_hachure"},"geometry":{"type":"LineString","coordinates":[[78.80564,31.27128],[78.83808,31.44833]]}},{"type":"Feature","properties":{"kind":"mountain_hachure"},"geometry":{"type":"LineString","coordinates":[[79.10564,31.27128],[79.13808,31.44833]]}},{"type":"Feature","properties":{"kind":"mountain_hachure"},"geometry":{"type":"LineString","coordinates":[[79.40564,31.27128],[79.43808,31.44833]]}},{"type":"Feature","properties":{"kind":"mountain_hachure"},"geometry":{"type":"LineString","coordinates":[[79.70564,31.27128],[79.73808,31.44833]]}},{"type":"Feature","properties":{"kind":"mountain_hachure"},"geometry":{"type":"LineString","coordinates":[[80.00564,31.27128],[80.03808,31.44833]]}},{"type":"Feature","properties":{"kind":"mountain_hachure"},"geometry":{"type":"LineString","coordinates":[[80.30564,31.27128],[80.33808,31.44833]]}},{"type":"Feature","properties":{"kind":"mountain_hachure"},"geometry":{"type":"LineString","coordinates":[[80.60564,31.27128],[80.63808,31.44833]]}},{"type":"Feature","properties":{"kind":"mountain_hachure"},"geometry":{"type":"LineString","coordinates":[[80.90564,31.27128],[80.93808,31.44833]]}},{"type":"Feature","properties":{"kind":"mountain_hachure"},"geometry":{"type":"LineString","coordinates":[[81.20564,31.27128],[81.23808,31.44833]]}},{"type":"Feature","properties":{"kind":"mountain_hachure"},"geometry":{"type":"LineString","coordinates":[[76.70564,31.57128],[76.73808,31.74833]]}},{"type":"Feature","properties":{"kind":"mountain_hachure"},"geometry":{"type":"LineString","coordinates":[[77.00564,31.57128],[77.03808,31.74833]]}},{"type":"Feature","properties":{"kind":"mountain_hachure"},"geometry":{"type":"LineString","coordinates":[[77.30564,31.57128],[77.33808,31.74833]]}},{"type":"Feature","properties":{"kind":"mountain_hachure"},"geometry":{"type":"LineString","coordinates":[[77.60564,31.57128],[77.63808,31.74833]]}},{"type":"Feature","properties":{"kind":"mountain_hachure"},"geometry":{"type":"LineString","coordinates":[[77.90564,31.57128],[77.93808,31.74833]]}},{"type":"Feature","properties":{"kind":"mountain_hachure"},"geometry":{"type":"LineString","coordinates":[[78.20564,31.57128],[78.23808,31.74833]]}},{"type":"Feature","properties":{"kind":"mountain_hachure"},"geometry":{"type":"LineString","coordinates":[[78.50564,31.57128],[78.53808,31.74833]]}},{"type":"Feature","properties":{"kind":"mountain_hachure"},"geometry":{"type":"LineString","coordinates":[[78.80564,31.57128],[78.83808,31.74833]]}},{"type":"Feature","properties":{"kind":"mountain_hachure"},"geometry":{"type":"LineString","coordinates":[[79.10564,31.57128],[79.13808,31.74833]]}},{"type":"Feature","properties":{"kind":"mountain_hachure"},"geometry":{"type":"LineString","coordinates":[[79.40564,31.57128],[79.43808,31.74833]]}},{"type":"Feature","properties":{"kind":"mountain_hachure"},"geometry":{"type":"LineString","coordinates":[[79.70564,31.57128],[79.73808,31.74833]]}},{"type":"Feature","properties":{"kind":"mountain_hachure"},"geometry":{"type":"LineString","coordinates":[[80.00564,31.57128],[80.03808,31.74833]]}},{"type":"Feature","properties":{"kind":"mountain_hachure"},"geometry":{"type":"LineString","coordinates":[[80.30564,31.57128],[80.33808,31.74833]]}},{"type":"Feature","properties":{"kind":"mountain_hachure"},"geometry":{"type":"LineString","coordinates":[[80.60564,31.57128],[80.63808,31.74833]]}},{"type":"Feature","properties":{"kind":"mountain_hachure"},"geometry":{"type":"LineString","coordinates":[[76.40564,31.87128],[76.43808,32.04833]]}},{"type":"Feature","properties":{"kind":"mountain_hachure"},"geometry":{"type":"LineString","coordinates":[[76.70564,31.87128],[76.73808,32.04833]]}},{"type":"Feature","properties":{"kind":"mountain_hachure"},"geometry":{"type":"LineString","coordinates":[[77.00564,31.87128],[77.03808,32.04833]]}},{"type":"Feature","properties":{"kind":"mountain_hachure"},"geometry":{"type":"LineString","coordinates":[[77.30564,31.87128],[77.33808,32.04833]]}},{"type":"Feature","properties":{"kind":"mountain_hachure"},"geometry":{"type":"LineString","coordinates":[[77.60564,31.87128],[77.63808,32.04833]]}},{"type":"Feature","properties":{"kind":"mountain_hachure"},"geometry":{"type":"LineString","coordinates":[[77.90564,31.87128],[77.93808,32.04833]]}},{"type":"Feature","properties":{"kind":"mountain_hachure"},"geometry":{"type":"LineString","coordinates":[[78.20564,31.87128],[78.23808,32.04833]]}},{"type":"Feature","properties":{"kind":"mountain_hachure"},"geometry":{"type":"LineString","coordinates":[[78.50564,31.87128],[78.53808,32.04833]]}},{"type":"Feature","properties":{"kind":"mountain_hachure"},"geometry":{"type":"LineString","coordinates":[[78.80564,31.87128],[78.83808,32.04833]]}},{"type":"Feature","properties":{"kind":"mountain_hachure"},"geometry":{"type":"LineString","coordinates":[[79.10564,31.87128],[79.13808,32.04833]]}},{"type":"Feature","properties":{"kind":"mountain_hachure"},"geometry":{"type":"LineString","coordinates":[[79.40564,31.87128],[79.43808,32.04833]]}},{"type":"Feature","properties":{"kind":"mountain_hachure"},"geometry":{"type":"LineString","coordinates":[[79.70564,31.87128],[79.73808,32.04833]]}},{"type":"Feature","properties":{"kind":"mountain_hachure"},"geometry":{"type":"LineString","coordinates":[[80.00564,31.87128],[80.03808,32.04833]]}},{"type":"Feature","properties":{"kind":"mountain_hachure"},"geometry":{"type":"LineString","coordinates":[[80.30564,31.87128],[80.33808,32.04833]]}},{"type":"Feature","properties":{"kind":"mountain_hachure"},"geometry":{"type":"LineString","coordinates":[[76.10564,32.17128],[76.13808,32.34833]]}},{"type":"Feature","properties":{"kind":"mountain_hachure"},"geometry":{"type":"LineString","coordinates":[[76.40564,32.17128],[76.43808,32.34833]]}},{"type":"Feature","properties":{"kind":"mountain_hachure"},"geometry":{"type":"LineString","coordinates":[[76.70564,32.17128],[76.73808,32.34833]]}},{"type":"Feature","properties":{"kind":"mountain_hachure"},"geometry":{"type":"LineString","coordinates":[[77.00564,32.17128],[77.03808,32.34833]]}},{"type":"Feature","properties":{"kind":"mountain_hachure"},"geometry":{"type":"LineString","coordinates":[[77.30564,32.17128],[77.33808,32.34833]]}},{"type":"Feature","properties":{"kind":"mountain_hachure"},"geometry":{"type":"LineString","coordinates":[[77.60564,32.17128],[77.63808,32.34833]]}},{"type":"Feature","properties":{"kind":"mountain_hachure"},"geometry":{"type":"LineString","coordinates":[[77.90564,32.17128],[77.93808,32.34833]]}},{"type":"Feature","properties":{"kind":"mountain_hachure"},"geometry":{"type":"LineString","coordinates":[[78.20564,32.17128],[78.23808,32.34833]]}},{"type":"Feature","properties":{"kind":"mountain_hachure"},"geometry":{"type":"LineString","coordinates":[[78.50564,32.17128],[78.53808,32.34833]]}},{"type":"Feature","properties":{"kind":"mountain_hachure"},"geometry":{"type":"LineString","coordinates":[[78.80564,32.17128],[78.83808,32.34833]]}},{"type":"Feature","properties":{"kind":"mountain_hachure"},"geometry":{"type":"LineString","coordinates":[[79.10564,32.17128],[79.13808,32.34833]]}},{"type":"Feature","properties":{"kind":"mountain_hachure"},"geometry":{"type":"LineString","coordinates":[[79.40564,32.17128],[79.43808,32.34833]]}},{"type":"Feature","properties":{"kind":"mountain_hachure"},"geometry":{"type":"LineString","coordinates":[[79.70564,32.17128],[79.73808,32.34833]]}},{"type":"Feature","properties":{"kind":"mountain_hachure"},"geometry":{"type":"LineString","coordinates":[[75.80564,32.47128],[75.83808,32.64833]]}},{"type":"Feature","properties":{"kind":"mountain_hachure"},"geometry":{"type":"LineString","coordinates":[[76.10564,32.47128],[76.13808,32.64833]]}},{"type":"Feature","properties":{"kind":"mountain_hachure"},"geometry":{"type":"LineString","coordinates":[[76.40564,32.47128],[76.43808,32.64833]]}},{"type":"Feature","properties":{"kind":"mountain_hachure"},"geometry":{"type":"LineString","coordinates":[[76.70564,32.47128],[76.73808,32.64833]]}},{"type":"Feature","properties":{"kind":"mountain_hachure"},"geometry":{"type":"LineString","coordinates":[[77.00564,32.47128],[77.03808,32.64833]]}},{"type":"Feature","properties":{"kind":"mountain_hachure"},"geometry":{"type":"LineString","coordinates":[[77.30564,32.47128],[77.33808,32.64833]]}},{"type":"Feature","properties":{"kind":"mountain_hachure"},"geometry":{"type":"LineString","coordinates":[[77.60564,32.47128],[77.63808,32.64833]]}},{"type":"Feature","properties":{"kind":"mountain_hachure"},"geometry":{"type":"LineString","coordinates":[[77.90564,32.47128],[77.93808,32.64833]]}},{"type":"Feature","properties":{"kind":"mountain_hachure"},"geometry":{"type":"LineString","coordinates":[[78.20564,32.47128],[78.23808,32.64833]]}},{"type":"Feature","properties":{"kind":"mountain_hachure"},"geometry":{"type":"LineString","coordinates":[[78.50564,32.47128],[78.53808,32.64833]]}},{"type":"Feature","properties":{"kind":"mountain_hachure"},"geometry":{"type":"LineString","coordinates":[[78.80564,32.47128],[78.83808,32.64833]]}},{"type":"Feature","properties":{"kind":"mountain_hachure"},"geometry":{"type":"LineString","coordinates":[[79.10564,32.47128],[79.13808,32.64833]]}},{"type":"Feature","properties":{"kind":"mountain_hachure"},"geometry":{"type":"LineString","coordinates":[[79.40564,32.47128],[79.43808,32.64833]]}},{"type":"Feature","properties":{"kind":"mountain_hachure"},"geometry":{"type":"LineString","coordinates":[[75.80564,32.77128],[75.83808,32.94833]]}},{"type":"Feature","properties":{"kind":"mountain_hachure"},"geometry":{"type":"LineString","coordinates":[[76.10564,32.77128],[76.13808,32.94833]]}},{"type":"Feature","properties":{"kind":"mountain_hachure"},"geometry":{"type":"LineString","coordinates":[[76.40564,32.77128],[76.43808,32.94833]]}},{"type":"Feature","properties":{"kind":"mountain_hachure"},"geometry":{"type":"LineString","coordinates":[[76.70564,32.77128],[76.73808,32.94833]]}},{"type":"Feature","properties":{"kind":"mountain_hachure"},"geometry":{"type":"LineString","coordinates":[[77.00564,32.77128],[77.03808,32.94833]]}},{"type":"Feature","properties":{"kind":"mountain_hachure"},"geometry":{"type":"LineString","coordinates":[[77.30564,32.77128],[77.33808,32.94833]]}},{"type":"Feature","properties":{"kind":"mountain_hachure"},"geometry":{"type":"LineString","coordinates":[[77.60564,32.77128],[77.63808,32.94833]]}},{"type":"Feature","properties":{"kind":"mountain_hachure"},"geometry":{"type":"LineString","coordinates":[[77.90564,32.77128],[77.93808,32.94833]]}},{"type":"Feature","properties":{"kind":"mountain_hachure"},"geometry":{"type":"LineString","coordinates":[[78.20564,32.77128],[78.23808,32.94833]]}},{"type":"Feature","properties":{"kind":"mountain_hachure"},"geometry":{"type":"LineString","coordinates":[[78.50564,32.77128],[78.53808,32.94833]]}},{"type":"Feature","properties":{"kind":"mountain_hachure"},"geometry":{"type":"LineString","coordinates":[[78.80564,32.77128],[78.83808,32.94833]]}},{"type":"Feature","properties":{"kind":"mountain_hachure"},"geometry":{"type":"LineString","coordinates":[[75.80564,33.07128],[75.83808,33.24833]]}},{"type":"Feature","properties":{"kind":"mountain_hachure"},"geometry":{"type":"LineString","coordinates":[[76.10564,33.07128],[76.13808,33.24833]]}},{"type":"Feature","properties":{"kind":"mountain_hachure"},"geometry":{"type":"LineString","coordinates":[[76.40564,33.07128],[76.43808,33.24833]]}},{"type":"Feature","properties":{"kind":"mountain_hachure"},"geometry":{"type":"LineString","coordinates":[[76.70564,33.07128],[76.73808,33.24833]]}},{"type":"Feature","properties":{"kind":"mountain_hachure"},"geometry":{"type":"LineString","coordinates":[[77.00564,33.07128],[77.03808,33.24833]]}},{"type":"Feature","properties":{"kind":"mountain_hachure"},"geometry":{"type":"LineString","coordinates":[[77.30564,33.07128],[77.33808,33.24833]]}},{"type":"Feature","properties":{"kind":"mountain_hachure"},"geometry":{"type":"LineString","coordinates":[[77.60564,33.07128],[77.63808,33.24833]]}},{"type":"Feature","properties":{"kind":"mountain_hachure"},"geometry":{"type":"LineString","coordinates":[[77.90564,33.07128],[77.93808,33.24833]]}},{"type":"Feature","properties":{"kind":"mountain_hachure"},"geometry":{"type":"LineString","coordinates":[[78.20564,33.07128],[78.23808,33.24833]]}},{"type":"Feature","properties":{"kind":"mountain_hachure"},"geometry":{"type":"LineString","coordinates":[[78.50564,33.07128],[78.53808,33.24833]]}},{"type":"Feature","properties":{"kind":"mountain_hachure"},"geometry":{"type":"LineString","coordinates":[[76.10564,33.37128],[76.13808,33.54833]]}},{"type":"Feature","properties":{"kind":"mountain_hachure"},"geometry":{"type":"LineString","coordinates":[[76.40564,33.37128],[76.43808,33.54833]]}},{"type":"Feature","properties":{"kind":"mountain_hachure"},"geometry":{"type":"LineString","coordinates":[[76.70564,33.37128],[76.73808,33.54833]]}},{"type":"Feature","properties":{"kind":"mountain_hachure"},"geometry":{"type":"LineString","coordinates":[[77.00564,33.37128],[77.03808,33.54833]]}},{"type":"Feature","properties":{"kind":"mountain_hachure"},"geometry":{"type":"LineString","coordinates":[[77.30564,33.37128],[77.33808,33.54833]]}},{"type":"Feature","properties":{"kind":"mountain_hachure"},"geometry":{"type":"LineString","coordinates":[[77.60564,33.37128],[77.63808,33.54833]]}},{"type":"Feature","properties":{"kind":"mountain_hachure"},"geometry":{"type":"LineString","coordinates":[[77.90564,33.37128],[77.93808,33.54833]]}},{"type":"Feature","properties":{"kind":"mountain_hachure"},"geometry":{"type":"LineString","coordinates":[[76.40564,33.67128],[76.43808,33.84833]]}},{"type":"Feature","properties":{"kind":"mountain_hachure"},"geometry":{"type":"LineString","coordinates":[[76.70564,33.67128],[76.73808,33.84833]]}},{"type":"Feature","properties":{"kind":"mountain_hachure"},"geometry":{"type":"LineString","coordinates":[[77.00564,33.67128],[77.03808,33.84833]]}},{"type":"Feature","properties":{"kind":"mountain_hachure"},"geometry":{"type":"LineString","coordinates":[[77.30564,33.67128],[77.33808,33.84833]]}},{"type":"Feature","properties":{"kind":"mountain_hachure"},"geometry":{"type":"LineString","coordinates":[[77.60564,33.67128],[77.63808,33.84833]]}},{"type":"Feature","properties":{"kind":"mountain_axis","name":"喜马拉雅山脉","source":"Natural Earth 10m"},"geometry":{"type":"LineString","coordinates":[[75.33721,31.86216],[95.41378,28.18312]]}},{"type":"Feature","properties":{"kind":"mountain_arrow"},"geometry":{"type":"LineString","coordinates":[[75.33721,31.86216],[75.00968,31.73918]]}},{"type":"Feature","properties":{"kind":"mountain_arrow"},"geometry":{"type":"LineString","coordinates":[[75.33721,31.86216],[75.07457,32.09329]]}},{"type":"Feature","properties":{"kind":"mountain_arrow"},"geometry":{"type":"LineString","coordinates":[[95.41378,28.18312],[95.67642,27.95199]]}},{"type":"Feature","properties":{"kind":"mountain_arrow"},"geometry":{"type":"LineString","coordinates":[[95.41378,28.18312],[95.74131,28.3061]]}},{"type":"Feature","properties":{"kind":"mountain_area","name":"喜马拉雅山脉","source":"Natural Earth 10m"},"geometry":{"type":"Polygon","coordinates":[[[84.90809,29.17872],[87.39369,29.13361],[87.7173,29.25715],[88.05775,29.32044],[92.47316,29.10297],[93.20167,28.90699],[93.36573,28.88758],[93.52015,28.89789],[93.6194,28.92701],[93.90309,29.11274],[94.39357,29.24348],[94.77685,29.42627],[94.90638,29.48804],[95.16383,29.72816],[95.21412,29.75703],[95.27064,29.77521],[95.33107,29.78211],[95.39332,29.77759],[95.45521,29.76111],[95.51466,29.73237],[95.56935,29.69099],[95.6172,29.63654],[95.64259,29.59512],[95.65065,29.58198],[95.65579,29.56435],[95.66261,29.54096],[95.65565,29.5102],[95.63221,29.48627],[94.95899,29.19422],[94.89515,29.15131],[94.84718,29.10407],[94.7964,29.00953],[94.79054,28.92158],[94.82069,28.84016],[94.8777,28.76514],[95.25502,28.47523],[95.28297,28.43403],[95.2892,28.39747],[95.27455,28.32233],[95.27272,28.2757],[95.287,28.21772],[95.31032,28.17482],[95.32691,28.14429],[94.90872,27.80222],[94.34718,27.3429],[93.83009,27.12434],[91.68238,26.85981],[89.64549,26.90289],[89.58998,26.90406],[89.38282,26.9538],[89.19759,27.02817],[88.90028,27.14753],[88.80067,27.1601],[88.68678,27.14948],[88.65294,27.13696],[88.25123,26.98829],[87.78053,26.904],[87.01873,27.02663],[85.33692,27.29737],[84.66578,27.57307],[83.85926,27.70136],[83.7295,27.74677],[83.50135,27.8747],[83.29737,27.95185],[82.48683,28.01453],[82.39796,28.04902],[82.00013,28.37873],[79.30512,29.95885],[77.31398,31.12629],[75.94909,32.22612],[75.71986,32.41083],[75.58241,32.60224],[75.55441,32.68123],[75.52186,32.77308],[75.53102,32.91975],[75.59486,33.04908],[76.09156,33.52741],[76.20045,33.67097],[76.27333,33.74311],[76.38185,33.79072],[77.00009,33.86613],[77.37562,33.91193],[77.49024,33.87202],[78.0294,33.52282],[78.22438,33.39653],[84.52064,29.31855],[84.90809,29.17872]]]}},{"type":"Feature","properties":{"kind":"mountain_label","name":"喜马拉雅山脉","source":"Natural Earth 10m"},"geometry":{"type":"Point","coordinates":[88.52264,29.44592]}},{"type":"Feature","properties":{"kind":"mountain_peaks","name":"喜马拉雅山脉","source":"Natural Earth 10m"},"geometry":{"type":"MultiPoint","coordinates":[[88.14167,27.70833],[86.93333,28.0],[84.55833,28.5]]}},{"type":"Feature","properties":{"kind":"mountain_hachure"},"geometry":{"type":"LineString","coordinates":[[97.21007,25.30343],[97.38993,25.29657]]}},{"type":"Feature","properties":{"kind":"mountain_hachure"},"geometry":{"type":"LineString","coordinates":[[97.51007,25.30343],[97.68993,25.29657]]}},{"type":"Feature","properties":{"kind":"mountain_hachure"},"geometry":{"type":"LineString","coordinates":[[97.81007,25.30343],[97.98993,25.29657]]}},{"type":"Feature","properties":{"kind":"mountain_hachure"},"geometry":{"type":"LineString","coordinates":[[98.11007,25.30343],[98.28993,25.29657]]}},{"type":"Feature","properties":{"kind":"mountain_hachure"},"geometry":{"type":"LineString","coordinates":[[98.41007,25.30343],[98.58993,25.29657]]}},{"type":"Feature","properties":{"kind":"mountain_hachure"},"geometry":{"type":"LineString","coordinates":[[98.71007,25.30343],[98.88993,25.29657]]}},{"type":"Feature","properties":{"kind":"mountain_hachure"},"geometry":{"type":"LineString","coordinates":[[99.01007,25.30343],[99.18993,25.29657]]}},{"type":"Feature","properties":{"kind":"mountain_hachure"},"geometry":{"type":"LineString","coordinates":[[99.31007,25.30343],[99.48993,25.29657]]}},{"type":"Feature","properties":{"kind":"mountain_hachure"},"geometry":{"type":"LineString","coordinates":[[99.61007,25.30343],[99.78993,25.29657]]}},{"type":"Feature","properties":{"kind":"mountain_hachure"},"geometry":{"type":"LineString","coordinates":[[97.21007,25.60343],[97.38993,25.59657]]}},{"type":"Feature","properties":{"kind":"mountain_hachure"},"geometry":{"type":"LineString","coordinates":[[97.51007,25.60343],[97.68993,25.59657]]}},{"type":"Feature","properties":{"kind":"mountain_hachure"},"geometry":{"type":"LineString","coordinates":[[97.81007,25.60343],[97.98993,25.59657]]}},{"type":"Feature","properties":{"kind":"mountain_hachure"},"geometry":{"type":"LineString","coordinates":[[98.11007,25.60343],[98.28993,25.59657]]}},{"type":"Feature","properties":{"kind":"mountain_hachure"},"geometry":{"type":"LineString","coordinates":[[98.41007,25.60343],[98.58993,25.59657]]}},{"type":"Feature","properties":{"kind":"mountain_hachure"},"geometry":{"type":"LineString","coordinates":[[98.71007,25.60343],[98.88993,25.59657]]}},{"type":"Feature","properties":{"kind":"mountain_hachure"},"geometry":{"type":"LineString","coordinates":[[99.01007,25.60343],[99.18993,25.59657]]}},{"type":"Feature","properties":{"kind":"mountain_hachure"},"geometry":{"type":"LineString","coordinates":[[99.31007,25.60343],[99.48993,25.59657]]}},{"type":"Feature","properties":{"kind":"mountain_hachure"},"geometry":{"type":"LineString","coordinates":[[99.61007,25.60343],[99.78993,25.59657]]}},{"type":"Feature","properties":{"kind":"mountain_hachure"},"geometry":{"type":"LineString","coordinates":[[99.91007,25.60343],[100.08993,25.59657]]}},{"type":"Feature","properties":{"kind":"mountain_hachure"},"geometry":{"type":"LineString","coordinates":[[100.21007,25.60343],[100.38993,25.59657]]}},{"type":"Feature","properties":{"kind":"mountain_hachure"},"geometry":{"type":"LineString","coordinates":[[100.51007,25.60343],[100.68993,25.59657]]}},{"type":"Feature","properties":{"kind":"mountain_hachure"},"geometry":{"type":"LineString","coordinates":[[100.81007,25.60343],[100.98993,25.59657]]}},{"type":"Feature","properties":{"kind":"mountain_hachure"},"geometry":{"type":"LineString","coordinates":[[101.11007,25.60343],[101.28993,25.59657]]}},{"type":"Feature","properties":{"kind":"mountain_hachure"},"geometry":{"type":"LineString","coordinates":[[97.21007,25.90343],[97.38993,25.89657]]}},{"type":"Feature","properties":{"kind":"mountain_hachure"},"geometry":{"type":"LineString","coordinates":[[97.51007,25.90343],[97.68993,25.89657]]}},{"type":"Feature","properties":{"kind":"mountain_hachure"},"geometry":{"type":"LineString","coordinates":[[97.81007,25.90343],[97.98993,25.89657]]}},{"type":"Feature","properties":{"kind":"mountain_hachure"},"geometry":{"type":"LineString","coordinates":[[98.11007,25.90343],[98.28993,25.89657]]}},{"type":"Feature","properties":{"kind":"mountain_hachure"},"geometry":{"type":"LineString","coordinates":[[98.41007,25.90343],[98.58993,25.89657]]}},{"type":"Feature","properties":{"kind":"mountain_hachure"},"geometry":{"type":"LineString","coordinates":[[98.71007,25.90343],[98.88993,25.89657]]}},{"type":"Feature","properties":{"kind":"mountain_hachure"},"geometry":{"type":"LineString","coordinates":[[99.01007,25.90343],[99.18993,25.89657]]}},{"type":"Feature","properties":{"kind":"mountain_hachure"},"geometry":{"type":"LineString","coordinates":[[99.31007,25.90343],[99.48993,25.89657]]}},{"type":"Feature","properties":{"kind":"mountain_hachure"},"geometry":{"type":"LineString","coordinates":[[99.61007,25.90343],[99.78993,25.89657]]}},{"type":"Feature","properties":{"kind":"mountain_hachure"},"geometry":{"type":"LineString","coordinates":[[99.91007,25.90343],[100.08993,25.89657]]}},{"type":"Feature","properties":{"kind":"mountain_hachure"},"geometry":{"type":"LineString","coordinates":[[100.21007,25.90343],[100.38993,25.89657]]}},{"type":"Feature","properties":{"kind":"mountain_hachure"},"geometry":{"type":"LineString","coordinates":[[100.51007,25.90343],[100.68993,25.89657]]}},{"type":"Feature","properties":{"kind":"mountain_hachure"},"geometry":{"type":"LineString","coordinates":[[100.81007,25.90343],[100.98993,25.89657]]}},{"type":"Feature","properties":{"kind":"mountain_hachure"},"geometry":{"type":"LineString","coordinates":[[101.11007,25.90343],[101.28993,25.89657]]}},{"type":"Feature","properties":{"kind":"mountain_hachure"},"geometry":{"type":"LineString","coordinates":[[97.21007,26.20343],[97.38993,26.19657]]}},{"type":"Feature","properties":{"kind":"mountain_hachure"},"geometry":{"type":"LineString","coordinates":[[97.51007,26.20343],[97.68993,26.19657]]}},{"type":"Feature","properties":{"kind":"mountain_hachure"},"geometry":{"type":"LineString","coordinates":[[97.81007,26.20343],[97.98993,26.19657]]}},{"type":"Feature","properties":{"kind":"mountain_hachure"},"geometry":{"type":"LineString","coordinates":[[98.11007,26.20343],[98.28993,26.19657]]}},{"type":"Feature","properties":{"kind":"mountain_hachure"},"geometry":{"type":"LineString","coordinates":[[98.41007,26.20343],[98.58993,26.19657]]}},{"type":"Feature","properties":{"kind":"mountain_hachure"},"geometry":{"type":"LineString","coordinates":[[98.71007,26.20343],[98.88993,26.19657]]}},{"type":"Feature","properties":{"kind":"mountain_hachure"},"geometry":{"type":"LineString","coordinates":[[99.01007,26.20343],[99.18993,26.19657]]}},{"type":"Feature","properties":{"kind":"mountain_hachure"},"geometry":{"type":"LineString","coordinates":[[99.31007,26.20343],[99.48993,26.19657]]}},{"type":"Feature","properties":{"kind":"mountain_hachure"},"geometry":{"type":"LineString","coordinates":[[99.61007,26.20343],[99.78993,26.19657]]}},{"type":"Feature","properties":{"kind":"mountain_hachure"},"geometry":{"type":"LineString","coordinates":[[99.91007,26.20343],[100.08993,26.19657]]}},{"type":"Feature","properties":{"kind":"mountain_hachure"},"geometry":{"type":"LineString","coordinates":[[100.21007,26.20343],[100.38993,26.19657]]}},{"type":"Feature","properties":{"kind":"mountain_hachure"},"geometry":{"type":"LineString","coordinates":[[100.51007,26.20343],[100.68993,26.19657]]}},{"type":"Feature","properties":{"kind":"mountain_hachure"},"geometry":{"type":"LineString","coordinates":[[100.81007,26.20343],[100.98993,26.19657]]}},{"type":"Feature","properties":{"kind":"mountain_hachure"},"geometry":{"type":"LineString","coordinates":[[101.11007,26.20343],[101.28993,26.19657]]}},{"type":"Feature","properties":{"kind":"mountain_hachure"},"geometry":{"type":"LineString","coordinates":[[97.21007,26.50343],[97.38993,26.49657]]}},{"type":"Feature","properties":{"kind":"mountain_hachure"},"geometry":{"type":"LineString","coordinates":[[97.51007,26.50343],[97.68993,26.49657]]}},{"type":"Feature","properties":{"kind":"mountain_hachure"},"geometry":{"type":"LineString","coordinates":[[97.81007,26.50343],[97.98993,26.49657]]}},{"type":"Feature","properties":{"kind":"mountain_hachure"},"geometry":{"type":"LineString","coordinates":[[98.11007,26.50343],[98.28993,26.49657]]}},{"type":"Feature","properties":{"kind":"mountain_hachure"},"geometry":{"type":"LineString","coordinates":[[98.41007,26.50343],[98.58993,26.49657]]}},{"type":"Feature","properties":{"kind":"mountain_hachure"},"geometry":{"type":"LineString","coordinates":[[98.71007,26.50343],[98.88993,26.49657]]}},{"type":"Feature","properties":{"kind":"mountain_hachure"},"geometry":{"type":"LineString","coordinates":[[99.01007,26.50343],[99.18993,26.49657]]}},{"type":"Feature","properties":{"kind":"mountain_hachure"},"geometry":{"type":"LineString","coordinates":[[99.31007,26.50343],[99.48993,26.49657]]}},{"type":"Feature","properties":{"kind":"mountain_hachure"},"geometry":{"type":"LineString","coordinates":[[99.61007,26.50343],[99.78993,26.49657]]}},{"type":"Feature","properties":{"kind":"mountain_hachure"},"geometry":{"type":"LineString","coordinates":[[99.91007,26.50343],[100.08993,26.49657]]}},{"type":"Feature","properties":{"kind":"mountain_hachure"},"geometry":{"type":"LineString","coordinates":[[100.21007,26.50343],[100.38993,26.49657]]}},{"type":"Feature","properties":{"kind":"mountain_hachure"},"geometry":{"type":"LineString","coordinates":[[100.51007,26.50343],[100.68993,26.49657]]}},{"type":"Feature","properties":{"kind":"mountain_hachure"},"geometry":{"type":"LineString","coordinates":[[100.81007,26.50343],[100.98993,26.49657]]}},{"type":"Feature","properties":{"kind":"mountain_hachure"},"geometry":{"type":"LineString","coordinates":[[101.11007,26.50343],[101.28993,26.49657]]}},{"type":"Feature","properties":{"kind":"mountain_hachure"},"geometry":{"type":"LineString","coordinates":[[97.21007,26.80343],[97.38993,26.79657]]}},{"type":"Feature","properties":{"kind":"mountain_hachure"},"geometry":{"type":"LineString","coordinates":[[97.51007,26.80343],[97.68993,26.79657]]}},{"type":"Feature","properties":{"kind":"mountain_hachure"},"geometry":{"type":"LineString","coordinates":[[97.81007,26.80343],[97.98993,26.79657]]}},{"type":"Feature","properties":{"kind":"mountain_hachure"},"geometry":{"type":"LineString","coordinates":[[98.11007,26.80343],[98.28993,26.79657]]}},{"type":"Feature","properties":{"kind":"mountain_hachure"},"geometry":{"type":"LineString","coordinates":[[98.41007,26.80343],[98.58993,26.79657]]}},{"type":"Feature","properties":{"kind":"mountain_hachure"},"geometry":{"type":"LineString","coordinates":[[98.71007,26.80343],[98.88993,26.79657]]}},{"type":"Feature","properties":{"kind":"mountain_hachure"},"geometry":{"type":"LineString","coordinates":[[99.01007,26.80343],[99.18993,26.79657]]}},{"type":"Feature","properties":{"kind":"mountain_hachure"},"geometry":{"type":"LineString","coordinates":[[99.31007,26.80343],[99.48993,26.79657]]}},{"type":"Feature","properties":{"kind":"mountain_hachure"},"geometry":{"type":"LineString","coordinates":[[99.61007,26.80343],[99.78993,26.79657]]}},{"type":"Feature","properties":{"kind":"mountain_hachure"},"geometry":{"type":"LineString","coordinates":[[99.91007,26.80343],[100.08993,26.79657]]}},{"type":"Feature","properties":{"kind":"mountain_hachure"},"geometry":{"type":"LineString","coordinates":[[100.21007,26.80343],[100.38993,26.79657]]}},{"type":"Feature","properties":{"kind":"mountain_hachure"},"geometry":{"type":"LineString","coordinates":[[100.51007,26.80343],[100.68993,26.79657]]}},{"type":"Feature","properties":{"kind":"mountain_hachure"},"geometry":{"type":"LineString","coordinates":[[100.81007,26.80343],[100.98993,26.79657]]}},{"type":"Feature","properties":{"kind":"mountain_hachure"},"geometry":{"type":"LineString","coordinates":[[101.11007,26.80343],[101.28993,26.79657]]}},{"type":"Feature","properties":{"kind":"mountain_hachure"},"geometry":{"type":"LineString","coordinates":[[97.21007,27.10343],[97.38993,27.09657]]}},{"type":"Feature","properties":{"kind":"mountain_hachure"},"geometry":{"type":"LineString","coordinates":[[97.51007,27.10343],[97.68993,27.09657]]}},{"type":"Feature","properties":{"kind":"mountain_hachure"},"geometry":{"type":"LineString","coordinates":[[97.81007,27.10343],[97.98993,27.09657]]}},{"type":"Feature","properties":{"kind":"mountain_hachure"},"geometry":{"type":"LineString","coordinates":[[98.11007,27.10343],[98.28993,27.09657]]}},{"type":"Feature","properties":{"kind":"mountain_hachure"},"geometry":{"type":"LineString","coordinates":[[98.41007,27.10343],[98.58993,27.09657]]}},{"type":"Feature","properties":{"kind":"mountain_hachure"},"geometry":{"type":"LineString","coordinates":[[98.71007,27.10343],[98.88993,27.09657]]}},{"type":"Feature","properties":{"kind":"mountain_hachure"},"geometry":{"type":"LineString","coordinates":[[99.01007,27.10343],[99.18993,27.09657]]}},{"type":"Feature","properties":{"kind":"mountain_hachure"},"geometry":{"type":"LineString","coordinates":[[99.31007,27.10343],[99.48993,27.09657]]}},{"type":"Feature","properties":{"kind":"mountain_hachure"},"geometry":{"type":"LineString","coordinates":[[99.61007,27.10343],[99.78993,27.09657]]}},{"type":"Feature","properties":{"kind":"mountain_hachure"},"geometry":{"type":"LineString","coordinates":[[99.91007,27.10343],[100.08993,27.09657]]}},{"type":"Feature","properties":{"kind":"mountain_hachure"},"geometry":{"type":"LineString","coordinates":[[100.21007,27.10343],[100.38993,27.09657]]}},{"type":"Feature","properties":{"kind":"mountain_hachure"},"geometry":{"type":"LineString","coordinates":[[100.51007,27.10343],[100.68993,27.09657]]}},{"type":"Feature","properties":{"kind":"mountain_hachure"},"geometry":{"type":"LineString","coordinates":[[100.81007,27.10343],[100.98993,27.09657]]}},{"type":"Feature","properties":{"kind":"mountain_hachure"},"geometry":{"type":"LineString","coordinates":[[101.11007,27.10343],[101.28993,27.09657]]}},{"type":"Feature","properties":{"kind":"mountain_hachure"},"geometry":{"type":"LineString","coordinates":[[97.21007,27.40343],[97.38993,27.39657]]}},{"type":"Feature","properties":{"kind":"mountain_hachure"},"geometry":{"type":"LineString","coordinates":[[97.51007,27.40343],[97.68993,27.39657]]}},{"type":"Feature","properties":{"kind":"mountain_hachure"},"geometry":{"type":"LineString","coordinates":[[97.81007,27.40343],[97.98993,27.39657]]}},{"type":"Feature","properties":{"kind":"mountain_hachure"},"geometry":{"type":"LineString","coordinates":[[98.11007,27.40343],[98.28993,27.39657]]}},{"type":"Feature","properties":{"kind":"mountain_hachure"},"geometry":{"type":"LineString","coordinates":[[98.41007,27.40343],[98.58993,27.39657]]}},{"type":"Feature","properties":{"kind":"mountain_hachure"},"geometry":{"type":"LineString","coordinates":[[98.71007,27.40343],[98.88993,27.39657]]}},{"type":"Feature","properties":{"kind":"mountain_hachure"},"geometry":{"type":"LineString","coordinates":[[99.01007,27.40343],[99.18993,27.39657]]}},{"type":"Feature","properties":{"kind":"mountain_hachure"},"geometry":{"type":"LineString","coordinates":[[99.31007,27.40343],[99.48993,27.39657]]}},{"type":"Feature","properties":{"kind":"mountain_hachure"},"geometry":{"type":"LineString","coordinates":[[99.61007,27.40343],[99.78993,27.39657]]}},{"type":"Feature","properties":{"kind":"mountain_hachure"},"geometry":{"type":"LineString","coordinates":[[99.91007,27.40343],[100.08993,27.39657]]}},{"type":"Feature","properties":{"kind":"mountain_hachure"},"geometry":{"type":"LineString","coordinates":[[100.21007,27.40343],[100.38993,27.39657]]}},{"type":"Feature","properties":{"kind":"mountain_hachure"},"geometry":{"type":"LineString","coordinates":[[100.51007,27.40343],[100.68993,27.39657]]}},{"type":"Feature","properties":{"kind":"mountain_hachure"},"geometry":{"type":"LineString","coordinates":[[100.81007,27.40343],[100.98993,27.39657]]}},{"type":"Feature","properties":{"kind":"mountain_hachure"},"geometry":{"type":"LineString","coordinates":[[101.11007,27.40343],[101.28993,27.39657]]}},{"type":"Feature","properties":{"kind":"mountain_hachure"},"geometry":{"type":"LineString","coordinates":[[97.21007,27.70343],[97.38993,27.69657]]}},{"type":"Feature","properties":{"kind":"mountain_hachure"},"geometry":{"type":"LineString","coordinates":[[97.51007,27.70343],[97.68993,27.69657]]}},{"type":"Feature","properties":{"kind":"mountain_hachure"},"geometry":{"type":"LineString","coordinates":[[97.81007,27.70343],[97.98993,27.69657]]}},{"type":"Feature","properties":{"kind":"mountain_hachure"},"geometry":{"type":"LineString","coordinates":[[98.11007,27.70343],[98.28993,27.69657]]}},{"type":"Feature","properties":{"kind":"mountain_hachure"},"geometry":{"type":"LineString","coordinates":[[98.41007,27.70343],[98.58993,27.69657]]}},{"type":"Feature","properties":{"kind":"mountain_hachure"},"geometry":{"type":"LineString","coordinates":[[98.71007,27.70343],[98.88993,27.69657]]}},{"type":"Feature","properties":{"kind":"mountain_hachure"},"geometry":{"type":"LineString","coordinates":[[99.01007,27.70343],[99.18993,27.69657]]}},{"type":"Feature","properties":{"kind":"mountain_hachure"},"geometry":{"type":"LineString","coordinates":[[99.31007,27.70343],[99.48993,27.69657]]}},{"type":"Feature","properties":{"kind":"mountain_hachure"},"geometry":{"type":"LineString","coordinates":[[99.61007,27.70343],[99.78993,27.69657]]}},{"type":"Feature","properties":{"kind":"mountain_hachure"},"geometry":{"type":"LineString","coordinates":[[99.91007,27.70343],[100.08993,27.69657]]}},{"type":"Feature","properties":{"kind":"mountain_hachure"},"geometry":{"type":"LineString","coordinates":[[100.21007,27.70343],[100.38993,27.69657]]}},{"type":"Feature","properties":{"kind":"mountain_hachure"},"geometry":{"type":"LineString","coordinates":[[100.51007,27.70343],[100.68993,27.69657]]}},{"type":"Feature","properties":{"kind":"mountain_hachure"},"geometry":{"type":"LineString","coordinates":[[100.81007,27.70343],[100.98993,27.69657]]}},{"type":"Feature","properties":{"kind":"mountain_hachure"},"geometry":{"type":"LineString","coordinates":[[101.11007,27.70343],[101.28993,27.69657]]}},{"type":"Feature","properties":{"kind":"mountain_hachure"},"geometry":{"type":"LineString","coordinates":[[97.21007,28.00343],[97.38993,27.99657]]}},{"type":"Feature","properties":{"kind":"mountain_hachure"},"geometry":{"type":"LineString","coordinates":[[97.51007,28.00343],[97.68993,27.99657]]}},{"type":"Feature","properties":{"kind":"mountain_hachure"},"geometry":{"type":"LineString","coordinates":[[97.81007,28.00343],[97.98993,27.99657]]}},{"type":"Feature","properties":{"kind":"mountain_hachure"},"geometry":{"type":"LineString","coordinates":[[98.11007,28.00343],[98.28993,27.99657]]}},{"type":"Feature","properties":{"kind":"mountain_hachure"},"geometry":{"type":"LineString","coordinates":[[98.41007,28.00343],[98.58993,27.99657]]}},{"type":"Feature","properties":{"kind":"mountain_hachure"},"geometry":{"type":"LineString","coordinates":[[98.71007,28.00343],[98.88993,27.99657]]}},{"type":"Feature","properties":{"kind":"mountain_hachure"},"geometry":{"type":"LineString","coordinates":[[99.01007,28.00343],[99.18993,27.99657]]}},{"type":"Feature","properties":{"kind":"mountain_hachure"},"geometry":{"type":"LineString","coordinates":[[99.31007,28.00343],[99.48993,27.99657]]}},{"type":"Feature","properties":{"kind":"mountain_hachure"},"geometry":{"type":"LineString","coordinates":[[99.61007,28.00343],[99.78993,27.99657]]}},{"type":"Feature","properties":{"kind":"mountain_hachure"},"geometry":{"type":"LineString","coordinates":[[99.91007,28.00343],[100.08993,27.99657]]}},{"type":"Feature","properties":{"kind":"mountain_hachure"},"geometry":{"type":"LineString","coordinates":[[100.21007,28.00343],[100.38993,27.99657]]}},{"type":"Feature","properties":{"kind":"mountain_hachure"},"geometry":{"type":"LineString","coordinates":[[100.51007,28.00343],[100.68993,27.99657]]}},{"type":"Feature","properties":{"kind":"mountain_hachure"},"geometry":{"type":"LineString","coordinates":[[100.81007,28.00343],[100.98993,27.99657]]}},{"type":"Feature","properties":{"kind":"mountain_hachure"},"geometry":{"type":"LineString","coordinates":[[101.11007,28.00343],[101.28993,27.99657]]}},{"type":"Feature","properties":{"kind":"mountain_hachure"},"geometry":{"type":"LineString","coordinates":[[97.21007,28.30343],[97.38993,28.29657]]}},{"type":"Feature","properties":{"kind":"mountain_hachure"},"geometry":{"type":"LineString","coordinates":[[97.51007,28.30343],[97.68993,28.29657]]}},{"type":"Feature","properties":{"kind":"mountain_hachure"},"geometry":{"type":"LineString","coordinates":[[97.81007,28.30343],[97.98993,28.29657]]}},{"type":"Feature","properties":{"kind":"mountain_hachure"},"geometry":{"type":"LineString","coordinates":[[98.11007,28.30343],[98.28993,28.29657]]}},{"type":"Feature","properties":{"kind":"mountain_hachure"},"geometry":{"type":"LineString","coordinates":[[98.41007,28.30343],[98.58993,28.29657]]}},{"type":"Feature","properties":{"kind":"mountain_hachure"},"geometry":{"type":"LineString","coordinates":[[98.71007,28.30343],[98.88993,28.29657]]}},{"type":"Feature","properties":{"kind":"mountain_hachure"},"geometry":{"type":"LineString","coordinates":[[99.01007,28.30343],[99.18993,28.29657]]}},{"type":"Feature","properties":{"kind":"mountain_hachure"},"geometry":{"type":"LineString","coordinates":[[99.31007,28.30343],[99.48993,28.29657]]}},{"type":"Feature","properties":{"kind":"mountain_hachure"},"geometry":{"type":"LineString","coordinates":[[99.61007,28.30343],[99.78993,28.29657]]}},{"type":"Feature","properties":{"kind":"mountain_hachure"},"geometry":{"type":"LineString","coordinates":[[99.91007,28.30343],[100.08993,28.29657]]}},{"type":"Feature","properties":{"kind":"mountain_hachure"},"geometry":{"type":"LineString","coordinates":[[100.21007,28.30343],[100.38993,28.29657]]}},{"type":"Feature","properties":{"kind":"mountain_hachure"},"geometry":{"type":"LineString","coordinates":[[100.51007,28.30343],[100.68993,28.29657]]}},{"type":"Feature","properties":{"kind":"mountain_hachure"},"geometry":{"type":"LineString","coordinates":[[100.81007,28.30343],[100.98993,28.29657]]}},{"type":"Feature","properties":{"kind":"mountain_hachure"},"geometry":{"type":"LineString","coordinates":[[101.11007,28.30343],[101.28993,28.29657]]}},{"type":"Feature","properties":{"kind":"mountain_hachure"},"geometry":{"type":"LineString","coordinates":[[97.21007,28.60343],[97.38993,28.59657]]}},{"type":"Feature","properties":{"kind":"mountain_hachure"},"geometry":{"type":"LineString","coordinates":[[97.51007,28.60343],[97.68993,28.59657]]}},{"type":"Feature","properties":{"kind":"mountain_hachure"},"geometry":{"type":"LineString","coordinates":[[97.81007,28.60343],[97.98993,28.59657]]}},{"type":"Feature","properties":{"kind":"mountain_hachure"},"geometry":{"type":"LineString","coordinates":[[98.11007,28.60343],[98.28993,28.59657]]}},{"type":"Feature","properties":{"kind":"mountain_hachure"},"geometry":{"type":"LineString","coordinates":[[98.41007,28.60343],[98.58993,28.59657]]}},{"type":"Feature","properties":{"kind":"mountain_hachure"},"geometry":{"type":"LineString","coordinates":[[98.71007,28.60343],[98.88993,28.59657]]}},{"type":"Feature","properties":{"kind":"mountain_hachure"},"geometry":{"type":"LineString","coordinates":[[99.01007,28.60343],[99.18993,28.59657]]}},{"type":"Feature","properties":{"kind":"mountain_hachure"},"geometry":{"type":"LineString","coordinates":[[99.31007,28.60343],[99.48993,28.59657]]}},{"type":"Feature","properties":{"kind":"mountain_hachure"},"geometry":{"type":"LineString","coordinates":[[99.61007,28.60343],[99.78993,28.59657]]}},{"type":"Feature","properties":{"kind":"mountain_hachure"},"geometry":{"type":"LineString","coordinates":[[99.91007,28.60343],[100.08993,28.59657]]}},{"type":"Feature","properties":{"kind":"mountain_hachure"},"geometry":{"type":"LineString","coordinates":[[100.21007,28.60343],[100.38993,28.59657]]}},{"type":"Feature","properties":{"kind":"mountain_hachure"},"geometry":{"type":"LineString","coordinates":[[100.51007,28.60343],[100.68993,28.59657]]}},{"type":"Feature","properties":{"kind":"mountain_hachure"},"geometry":{"type":"LineString","coordinates":[[100.81007,28.60343],[100.98993,28.59657]]}},{"type":"Feature","properties":{"kind":"mountain_hachure"},"geometry":{"type":"LineString","coordinates":[[101.11007,28.60343],[101.28993,28.59657]]}},{"type":"Feature","properties":{"kind":"mountain_hachure"},"geometry":{"type":"LineString","coordinates":[[97.21007,28.90343],[97.38993,28.89657]]}},{"type":"Feature","properties":{"kind":"mountain_hachure"},"geometry":{"type":"LineString","coordinates":[[97.51007,28.90343],[97.68993,28.89657]]}},{"type":"Feature","properties":{"kind":"mountain_hachure"},"geometry":{"type":"LineString","coordinates":[[97.81007,28.90343],[97.98993,28.89657]]}},{"type":"Feature","properties":{"kind":"mountain_hachure"},"geometry":{"type":"LineString","coordinates":[[98.11007,28.90343],[98.28993,28.89657]]}},{"type":"Feature","properties":{"kind":"mountain_hachure"},"geometry":{"type":"LineString","coordinates":[[98.41007,28.90343],[98.58993,28.89657]]}},{"type":"Feature","properties":{"kind":"mountain_hachure"},"geometry":{"type":"LineString","coordinates":[[98.71007,28.90343],[98.88993,28.89657]]}},{"type":"Feature","properties":{"kind":"mountain_hachure"},"geometry":{"type":"LineString","coordinates":[[99.01007,28.90343],[99.18993,28.89657]]}},{"type":"Feature","properties":{"kind":"mountain_hachure"},"geometry":{"type":"LineString","coordinates":[[99.31007,28.90343],[99.48993,28.89657]]}},{"type":"Feature","properties":{"kind":"mountain_hachure"},"geometry":{"type":"LineString","coordinates":[[99.61007,28.90343],[99.78993,28.89657]]}},{"type":"Feature","properties":{"kind":"mountain_hachure"},"geometry":{"type":"LineString","coordinates":[[99.91007,28.90343],[100.08993,28.89657]]}},{"type":"Feature","properties":{"kind":"mountain_hachure"},"geometry":{"type":"LineString","coordinates":[[100.21007,28.90343],[100.38993,28.89657]]}},{"type":"Feature","properties":{"kind":"mountain_hachure"},"geometry":{"type":"LineString","coordinates":[[100.51007,28.90343],[100.68993,28.89657]]}},{"type":"Feature","properties":{"kind":"mountain_hachure"},"geometry":{"type":"LineString","coordinates":[[100.81007,28.90343],[100.98993,28.89657]]}},{"type":"Feature","properties":{"kind":"mountain_hachure"},"geometry":{"type":"LineString","coordinates":[[101.11007,28.90343],[101.28993,28.89657]]}},{"type":"Feature","properties":{"kind":"mountain_hachure"},"geometry":{"type":"LineString","coordinates":[[97.21007,29.20343],[97.38993,29.19657]]}},{"type":"Feature","properties":{"kind":"mountain_hachure"},"geometry":{"type":"LineString","coordinates":[[97.51007,29.20343],[97.68993,29.19657]]}},{"type":"Feature","properties":{"kind":"mountain_hachure"},"geometry":{"type":"LineString","coordinates":[[97.81007,29.20343],[97.98993,29.19657]]}},{"type":"Feature","properties":{"kind":"mountain_hachure"},"geometry":{"type":"LineString","coordinates":[[98.11007,29.20343],[98.28993,29.19657]]}},{"type":"Feature","properties":{"kind":"mountain_hachure"},"geometry":{"type":"LineString","coordinates":[[98.41007,29.20343],[98.58993,29.19657]]}},{"type":"Feature","properties":{"kind":"mountain_hachure"},"geometry":{"type":"LineString","coordinates":[[98.71007,29.20343],[98.88993,29.19657]]}},{"type":"Feature","properties":{"kind":"mountain_hachure"},"geometry":{"type":"LineString","coordinates":[[99.01007,29.20343],[99.18993,29.19657]]}},{"type":"Feature","properties":{"kind":"mountain_hachure"},"geometry":{"type":"LineString","coordinates":[[99.31007,29.20343],[99.48993,29.19657]]}},{"type":"Feature","properties":{"kind":"mountain_hachure"},"geometry":{"type":"LineString","coordinates":[[99.61007,29.20343],[99.78993,29.19657]]}},{"type":"Feature","properties":{"kind":"mountain_hachure"},"geometry":{"type":"LineString","coordinates":[[99.91007,29.20343],[100.08993,29.19657]]}},{"type":"Feature","properties":{"kind":"mountain_hachure"},"geometry":{"type":"LineString","coordinates":[[100.21007,29.20343],[100.38993,29.19657]]}},{"type":"Feature","properties":{"kind":"mountain_hachure"},"geometry":{"type":"LineString","coordinates":[[100.51007,29.20343],[100.68993,29.19657]]}},{"type":"Feature","properties":{"kind":"mountain_hachure"},"geometry":{"type":"LineString","coordinates":[[100.81007,29.20343],[100.98993,29.19657]]}},{"type":"Feature","properties":{"kind":"mountain_hachure"},"geometry":{"type":"LineString","coordinates":[[101.11007,29.20343],[101.28993,29.19657]]}},{"type":"Feature","properties":{"kind":"mountain_hachure"},"geometry":{"type":"LineString","coordinates":[[97.51007,29.50343],[97.68993,29.49657]]}},{"type":"Feature","properties":{"kind":"mountain_hachure"},"geometry":{"type":"LineString","coordinates":[[97.81007,29.50343],[97.98993,29.49657]]}},{"type":"Feature","properties":{"kind":"mountain_hachure"},"geometry":{"type":"LineString","coordinates":[[98.11007,29.50343],[98.28993,29.49657]]}},{"type":"Feature","properties":{"kind":"mountain_hachure"},"geometry":{"type":"LineString","coordinates":[[98.41007,29.50343],[98.58993,29.49657]]}},{"type":"Feature","properties":{"kind":"mountain_hachure"},"geometry":{"type":"LineString","coordinates":[[98.71007,29.50343],[98.88993,29.49657]]}},{"type":"Feature","properties":{"kind":"mountain_hachure"},"geometry":{"type":"LineString","coordinates":[[99.01007,29.50343],[99.18993,29.49657]]}},{"type":"Feature","properties":{"kind":"mountain_hachure"},"geometry":{"type":"LineString","coordinates":[[99.31007,29.50343],[99.48993,29.49657]]}},{"type":"Feature","properties":{"kind":"mountain_hachure"},"geometry":{"type":"LineString","coordinates":[[99.61007,29.50343],[99.78993,29.49657]]}},{"type":"Feature","properties":{"kind":"mountain_hachure"},"geometry":{"type":"LineString","coordinates":[[99.91007,29.50343],[100.08993,29.49657]]}},{"type":"Feature","properties":{"kind":"mountain_hachure"},"geometry":{"type":"LineString","coordinates":[[100.21007,29.50343],[100.38993,29.49657]]}},{"type":"Feature","properties":{"kind":"mountain_hachure"},"geometry":{"type":"LineString","coordinates":[[100.51007,29.50343],[100.68993,29.49657]]}},{"type":"Feature","properties":{"kind":"mountain_hachure"},"geometry":{"type":"LineString","coordinates":[[100.81007,29.50343],[100.98993,29.49657]]}},{"type":"Feature","properties":{"kind":"mountain_hachure"},"geometry":{"type":"LineString","coordinates":[[97.51007,29.80343],[97.68993,29.79657]]}},{"type":"Feature","properties":{"kind":"mountain_hachure"},"geometry":{"type":"LineString","coordinates":[[97.81007,29.80343],[97.98993,29.79657]]}},{"type":"Feature","properties":{"kind":"mountain_hachure"},"geometry":{"type":"LineString","coordinates":[[98.11007,29.80343],[98.28993,29.79657]]}},{"type":"Feature","properties":{"kind":"mountain_hachure"},"geometry":{"type":"LineString","coordinates":[[98.41007,29.80343],[98.58993,29.79657]]}},{"type":"Feature","properties":{"kind":"mountain_hachure"},"geometry":{"type":"LineString","coordinates":[[98.71007,29.80343],[98.88993,29.79657]]}},{"type":"Feature","properties":{"kind":"mountain_hachure"},"geometry":{"type":"LineString","coordinates":[[99.01007,29.80343],[99.18993,29.79657]]}},{"type":"Feature","properties":{"kind":"mountain_hachure"},"geometry":{"type":"LineString","coordinates":[[99.31007,29.80343],[99.48993,29.79657]]}},{"type":"Feature","properties":{"kind":"mountain_hachure"},"geometry":{"type":"LineString","coordinates":[[99.61007,29.80343],[99.78993,29.79657]]}},{"type":"Feature","properties":{"kind":"mountain_hachure"},"geometry":{"type":"LineString","coordinates":[[99.91007,29.80343],[100.08993,29.79657]]}},{"type":"Feature","properties":{"kind":"mountain_hachure"},"geometry":{"type":"LineString","coordinates":[[100.21007,29.80343],[100.38993,29.79657]]}},{"type":"Feature","properties":{"kind":"mountain_hachure"},"geometry":{"type":"LineString","coordinates":[[100.51007,29.80343],[100.68993,29.79657]]}},{"type":"Feature","properties":{"kind":"mountain_hachure"},"geometry":{"type":"LineString","coordinates":[[100.81007,29.80343],[100.98993,29.79657]]}},{"type":"Feature","properties":{"kind":"mountain_hachure"},"geometry":{"type":"LineString","coordinates":[[97.51007,30.10343],[97.68993,30.09657]]}},{"type":"Feature","properties":{"kind":"mountain_hachure"},"geometry":{"type":"LineString","coordinates":[[97.81007,30.10343],[97.98993,30.09657]]}},{"type":"Feature","properties":{"kind":"mountain_hachure"},"geometry":{"type":"LineString","coordinates":[[98.11007,30.10343],[98.28993,30.09657]]}},{"type":"Feature","properties":{"kind":"mountain_hachure"},"geometry":{"type":"LineString","coordinates":[[98.41007,30.10343],[98.58993,30.09657]]}},{"type":"Feature","properties":{"kind":"mountain_hachure"},"geometry":{"type":"LineString","coordinates":[[98.71007,30.10343],[98.88993,30.09657]]}},{"type":"Feature","properties":{"kind":"mountain_hachure"},"geometry":{"type":"LineString","coordinates":[[99.01007,30.10343],[99.18993,30.09657]]}},{"type":"Feature","properties":{"kind":"mountain_hachure"},"geometry":{"type":"LineString","coordinates":[[99.31007,30.10343],[99.48993,30.09657]]}},{"type":"Feature","properties":{"kind":"mountain_hachure"},"geometry":{"type":"LineString","coordinates":[[99.61007,30.10343],[99.78993,30.09657]]}},{"type":"Feature","properties":{"kind":"mountain_hachure"},"geometry":{"type":"LineString","coordinates":[[99.91007,30.10343],[100.08993,30.09657]]}},{"type":"Feature","properties":{"kind":"mountain_hachure"},"geometry":{"type":"LineString","coordinates":[[100.21007,30.10343],[100.38993,30.09657]]}},{"type":"Feature","properties":{"kind":"mountain_hachure"},"geometry":{"type":"LineString","coordinates":[[100.51007,30.10343],[100.68993,30.09657]]}},{"type":"Feature","properties":{"kind":"mountain_hachure"},"geometry":{"type":"LineString","coordinates":[[100.81007,30.10343],[100.98993,30.09657]]}},{"type":"Feature","properties":{"kind":"mountain_hachure"},"geometry":{"type":"LineString","coordinates":[[97.51007,30.40343],[97.68993,30.39657]]}},{"type":"Feature","properties":{"kind":"mountain_hachure"},"geometry":{"type":"LineString","coordinates":[[97.81007,30.40343],[97.98993,30.39657]]}},{"type":"Feature","properties":{"kind":"mountain_hachure"},"geometry":{"type":"LineString","coordinates":[[98.11007,30.40343],[98.28993,30.39657]]}},{"type":"Feature","properties":{"kind":"mountain_hachure"},"geometry":{"type":"LineString","coordinates":[[98.41007,30.40343],[98.58993,30.39657]]}},{"type":"Feature","properties":{"kind":"mountain_hachure"},"geometry":{"type":"LineString","coordinates":[[98.71007,30.40343],[98.88993,30.39657]]}},{"type":"Feature","properties":{"kind":"mountain_hachure"},"geometry":{"type":"LineString","coordinates":[[99.01007,30.40343],[99.18993,30.39657]]}},{"type":"Feature","properties":{"kind":"mountain_hachure"},"geometry":{"type":"LineString","coordinates":[[99.31007,30.40343],[99.48993,30.39657]]}},{"type":"Feature","properties":{"kind":"mountain_hachure"},"geometry":{"type":"LineString","coordinates":[[99.61007,30.40343],[99.78993,30.39657]]}},{"type":"Feature","properties":{"kind":"mountain_hachure"},"geometry":{"type":"LineString","coordinates":[[99.91007,30.40343],[100.08993,30.39657]]}},{"type":"Feature","properties":{"kind":"mountain_hachure"},"geometry":{"type":"LineString","coordinates":[[100.21007,30.40343],[100.38993,30.39657]]}},{"type":"Feature","properties":{"kind":"mountain_hachure"},"geometry":{"type":"LineString","coordinates":[[100.51007,30.40343],[100.68993,30.39657]]}},{"type":"Feature","properties":{"kind":"mountain_hachure"},"geometry":{"type":"LineString","coordinates":[[100.81007,30.40343],[100.98993,30.39657]]}},{"type":"Feature","properties":{"kind":"mountain_hachure"},"geometry":{"type":"LineString","coordinates":[[97.51007,30.70343],[97.68993,30.69657]]}},{"type":"Feature","properties":{"kind":"mountain_hachure"},"geometry":{"type":"LineString","coordinates":[[97.81007,30.70343],[97.98993,30.69657]]}},{"type":"Feature","properties":{"kind":"mountain_hachure"},"geometry":{"type":"LineString","coordinates":[[98.11007,30.70343],[98.28993,30.69657]]}},{"type":"Feature","properties":{"kind":"mountain_hachure"},"geometry":{"type":"LineString","coordinates":[[98.41007,30.70343],[98.58993,30.69657]]}},{"type":"Feature","properties":{"kind":"mountain_hachure"},"geometry":{"type":"LineString","coordinates":[[98.71007,30.70343],[98.88993,30.69657]]}},{"type":"Feature","properties":{"kind":"mountain_hachure"},"geometry":{"type":"LineString","coordinates":[[99.01007,30.70343],[99.18993,30.69657]]}},{"type":"Feature","properties":{"kind":"mountain_hachure"},"geometry":{"type":"LineString","coordinates":[[99.31007,30.70343],[99.48993,30.69657]]}},{"type":"Feature","properties":{"kind":"mountain_hachure"},"geometry":{"type":"LineString","coordinates":[[99.61007,30.70343],[99.78993,30.69657]]}},{"type":"Feature","properties":{"kind":"mountain_hachure"},"geometry":{"type":"LineString","coordinates":[[99.91007,30.70343],[100.08993,30.69657]]}},{"type":"Feature","properties":{"kind":"mountain_hachure"},"geometry":{"type":"LineString","coordinates":[[100.21007,30.70343],[100.38993,30.69657]]}},{"type":"Feature","properties":{"kind":"mountain_hachure"},"geometry":{"type":"LineString","coordinates":[[100.51007,30.70343],[100.68993,30.69657]]}},{"type":"Feature","properties":{"kind":"mountain_hachure"},"geometry":{"type":"LineString","coordinates":[[100.81007,30.70343],[100.98993,30.69657]]}},{"type":"Feature","properties":{"kind":"mountain_hachure"},"geometry":{"type":"LineString","coordinates":[[97.51007,31.00343],[97.68993,30.99657]]}},{"type":"Feature","properties":{"kind":"mountain_hachure"},"geometry":{"type":"LineString","coordinates":[[97.81007,31.00343],[97.98993,30.99657]]}},{"type":"Feature","properties":{"kind":"mountain_hachure"},"geometry":{"type":"LineString","coordinates":[[98.11007,31.00343],[98.28993,30.99657]]}},{"type":"Feature","properties":{"kind":"mountain_hachure"},"geometry":{"type":"LineString","coordinates":[[98.41007,31.00343],[98.58993,30.99657]]}},{"type":"Feature","properties":{"kind":"mountain_hachure"},"geometry":{"type":"LineString","coordinates":[[98.71007,31.00343],[98.88993,30.99657]]}},{"type":"Feature","properties":{"kind":"mountain_hachure"},"geometry":{"type":"LineString","coordinates":[[99.01007,31.00343],[99.18993,30.99657]]}},{"type":"Feature","properties":{"kind":"mountain_hachure"},"geometry":{"type":"LineString","coordinates":[[99.31007,31.00343],[99.48993,30.99657]]}},{"type":"Feature","properties":{"kind":"mountain_hachure"},"geometry":{"type":"LineString","coordinates":[[99.61007,31.00343],[99.78993,30.99657]]}},{"type":"Feature","properties":{"kind":"mountain_hachure"},"geometry":{"type":"LineString","coordinates":[[99.91007,31.00343],[100.08993,30.99657]]}},{"type":"Feature","properties":{"kind":"mountain_hachure"},"geometry":{"type":"LineString","coordinates":[[100.21007,31.00343],[100.38993,30.99657]]}},{"type":"Feature","properties":{"kind":"mountain_hachure"},"geometry":{"type":"LineString","coordinates":[[100.51007,31.00343],[100.68993,30.99657]]}},{"type":"Feature","properties":{"kind":"mountain_hachure"},"geometry":{"type":"LineString","coordinates":[[100.81007,31.00343],[100.98993,30.99657]]}},{"type":"Feature","properties":{"kind":"mountain_hachure"},"geometry":{"type":"LineString","coordinates":[[97.51007,31.30343],[97.68993,31.29657]]}},{"type":"Feature","properties":{"kind":"mountain_hachure"},"geometry":{"type":"LineString","coordinates":[[97.81007,31.30343],[97.98993,31.29657]]}},{"type":"Feature","properties":{"kind":"mountain_hachure"},"geometry":{"type":"LineString","coordinates":[[98.11007,31.30343],[98.28993,31.29657]]}},{"type":"Feature","properties":{"kind":"mountain_hachure"},"geometry":{"type":"LineString","coordinates":[[98.41007,31.30343],[98.58993,31.29657]]}},{"type":"Feature","properties":{"kind":"mountain_hachure"},"geometry":{"type":"LineString","coordinates":[[98.71007,31.30343],[98.88993,31.29657]]}},{"type":"Feature","properties":{"kind":"mountain_hachure"},"geometry":{"type":"LineString","coordinates":[[99.01007,31.30343],[99.18993,31.29657]]}},{"type":"Feature","properties":{"kind":"mountain_hachure"},"geometry":{"type":"LineString","coordinates":[[99.31007,31.30343],[99.48993,31.29657]]}},{"type":"Feature","properties":{"kind":"mountain_hachure"},"geometry":{"type":"LineString","coordinates":[[99.61007,31.30343],[99.78993,31.29657]]}},{"type":"Feature","properties":{"kind":"mountain_hachure"},"geometry":{"type":"LineString","coordinates":[[99.91007,31.30343],[100.08993,31.29657]]}},{"type":"Feature","properties":{"kind":"mountain_hachure"},"geometry":{"type":"LineString","coordinates":[[100.21007,31.30343],[100.38993,31.29657]]}},{"type":"Feature","properties":{"kind":"mountain_hachure"},"geometry":{"type":"LineString","coordinates":[[100.51007,31.30343],[100.68993,31.29657]]}},{"type":"Feature","properties":{"kind":"mountain_hachure"},"geometry":{"type":"LineString","coordinates":[[100.81007,31.30343],[100.98993,31.29657]]}},{"type":"Feature","properties":{"kind":"mountain_hachure"},"geometry":{"type":"LineString","coordinates":[[97.51007,31.60343],[97.68993,31.59657]]}},{"type":"Feature","properties":{"kind":"mountain_hachure"},"geometry":{"type":"LineString","coordinates":[[97.81007,31.60343],[97.98993,31.59657]]}},{"type":"Feature","properties":{"kind":"mountain_hachure"},"geometry":{"type":"LineString","coordinates":[[98.11007,31.60343],[98.28993,31.59657]]}},{"type":"Feature","properties":{"kind":"mountain_hachure"},"geometry":{"type":"LineString","coordinates":[[98.41007,31.60343],[98.58993,31.59657]]}},{"type":"Feature","properties":{"kind":"mountain_hachure"},"geometry":{"type":"LineString","coordinates":[[98.71007,31.60343],[98.88993,31.59657]]}},{"type":"Feature","properties":{"kind":"mountain_hachure"},"geometry":{"type":"LineString","coordinates":[[99.01007,31.60343],[99.18993,31.59657]]}},{"type":"Feature","properties":{"kind":"mountain_hachure"},"geometry":{"type":"LineString","coordinates":[[99.31007,31.60343],[99.48993,31.59657]]}},{"type":"Feature","properties":{"kind":"mountain_hachure"},"geometry":{"type":"LineString","coordinates":[[99.61007,31.60343],[99.78993,31.59657]]}},{"type":"Feature","properties":{"kind":"mountain_hachure"},"geometry":{"type":"LineString","coordinates":[[99.91007,31.60343],[100.08993,31.59657]]}},{"type":"Feature","properties":{"kind":"mountain_hachure"},"geometry":{"type":"LineString","coordinates":[[100.21007,31.60343],[100.38993,31.59657]]}},{"type":"Feature","properties":{"kind":"mountain_hachure"},"geometry":{"type":"LineString","coordinates":[[100.51007,31.60343],[100.68993,31.59657]]}},{"type":"Feature","properties":{"kind":"mountain_hachure"},"geometry":{"type":"LineString","coordinates":[[100.81007,31.60343],[100.98993,31.59657]]}},{"type":"Feature","properties":{"kind":"mountain_hachure"},"geometry":{"type":"LineString","coordinates":[[97.51007,31.90343],[97.68993,31.89657]]}},{"type":"Feature","properties":{"kind":"mountain_hachure"},"geometry":{"type":"LineString","coordinates":[[97.81007,31.90343],[97.98993,31.89657]]}},{"type":"Feature","properties":{"kind":"mountain_hachure"},"geometry":{"type":"LineString","coordinates":[[98.11007,31.90343],[98.28993,31.89657]]}},{"type":"Feature","properties":{"kind":"mountain_hachure"},"geometry":{"type":"LineString","coordinates":[[98.41007,31.90343],[98.58993,31.89657]]}},{"type":"Feature","properties":{"kind":"mountain_hachure"},"geometry":{"type":"LineString","coordinates":[[98.71007,31.90343],[98.88993,31.89657]]}},{"type":"Feature","properties":{"kind":"mountain_hachure"},"geometry":{"type":"LineString","coordinates":[[99.01007,31.90343],[99.18993,31.89657]]}},{"type":"Feature","properties":{"kind":"mountain_hachure"},"geometry":{"type":"LineString","coordinates":[[99.31007,31.90343],[99.48993,31.89657]]}},{"type":"Feature","properties":{"kind":"mountain_hachure"},"geometry":{"type":"LineString","coordinates":[[99.61007,31.90343],[99.78993,31.89657]]}},{"type":"Feature","properties":{"kind":"mountain_hachure"},"geometry":{"type":"LineString","coordinates":[[99.91007,31.90343],[100.08993,31.89657]]}},{"type":"Feature","properties":{"kind":"mountain_hachure"},"geometry":{"type":"LineString","coordinates":[[100.21007,31.90343],[100.38993,31.89657]]}},{"type":"Feature","properties":{"kind":"mountain_hachure"},"geometry":{"type":"LineString","coordinates":[[100.51007,31.90343],[100.68993,31.89657]]}},{"type":"Feature","properties":{"kind":"mountain_hachure"},"geometry":{"type":"LineString","coordinates":[[100.81007,31.90343],[100.98993,31.89657]]}},{"type":"Feature","properties":{"kind":"mountain_axis","name":"横断山脉","source":"手工补绘"},"geometry":{"type":"LineString","coordinates":[[99.38115,32.06178],[99.1086,24.91953]]}},{"type":"Feature","properties":{"kind":"mountain_arrow"},"geometry":{"type":"LineString","coordinates":[[99.38115,32.06178],[99.21272,32.36843]]}},{"type":"Feature","properties":{"kind":"mountain_arrow"},"geometry":{"type":"LineString","coordinates":[[99.38115,32.06178],[99.57246,32.3547]]}},{"type":"Feature","properties":{"kind":"mountain_arrow"},"geometry":{"type":"LineString","coordinates":[[99.1086,24.91953],[98.91729,24.62661]]}},{"type":"Feature","properties":{"kind":"mountain_arrow"},"geometry":{"type":"LineString","coordinates":[[99.1086,24.91953],[99.27703,24.61288]]}},{"type":"Feature","properties":{"kind":"mountain_area","name":"横断山脉","source":"手工补绘"},"geometry":{"type":"Polygon","coordinates":[[[97.0,25.0],[101.5,25.5],[101.0,32.0],[97.5,32.0]]]}},{"type":"Feature","properties":{"kind":"mountain_label","name":"横断山脉","source":"手工补绘"},"geometry":{"type":"Point","coordinates":[99.25,28.625]}},{"type":"Feature","properties":{"kind":"mountain_peaks","name":"横断山脉","source":"手工补绘"},"geometry":{"type":"MultiPoint","coordinates":[[98.6,28.51667],[99.03333,31.81667],[100.35,28.4]]}},{"type":"Feature","properties":{"kind":"mountain_hachure"},"geometry":{"type":"LineString","coordinates":[[107.81806,30.41183],[107.78194,30.58817]]}},{"type":"Feature","properties":{"kind":"mountain_hachure"},"geometry":{"type":"LineString","coordinates":[[108.11806,30.41183],[108.08194,30.58817]]}},{"type":"Feature","properties":{"kind":"mountain_hachure"},"geometry":{"type":"LineString","coordinates":[[108.41806,30.41183],[108.38194,30.58817]]}},{"type":"Feature","properties":{"kind":"mountain_hachure"},"geometry":{"type":"LineString","coordinates":[[108.71806,30.41183],[108.68194,30.58817]]}},{"type":"Feature","properties":{"kind":"mountain_hachure"},"geometry":{"type":"LineString","coordinates":[[109.01806,30.41183],[108.98194,30.58817]]}},{"type":"Feature","properties":{"kind":"mountain_hachure"},"geometry":{"type":"LineString","coordinates":[[107.81806,30.71183],[107.78194,30.88817]]}},{"type":"Feature","properties":{"kind":"mountain_hachure"},"geometry":{"type":"LineString","coordinates":[[108.11806,30.71183],[108.08194,30.88817]]}},{"type":"Feature","properties":{"kind":"mountain_hachure"},"geometry":{"type":"LineString","coordinates":[[108.41806,30.71183],[108.38194,30.88817]]}},{"type":"Feature","properties":{"kind":"mountain_hachure"},"geometry":{"type":"LineString","coordinates":[[108.71806,30.71183],[108.68194,30.88817]]}},{"type":"Feature","properties":{"kind":"mountain_hachure"},"geometry":{"type":"LineString","coordinates":[[109.01806,30.71183],[108.98194,30.88817]]}},{"type":"Feature","properties":{"kind":"mountain_hachure"},"geometry":{"type":"LineString","coordinates":[[109.31806,30.71183],[109.28194,30.88817]]}},{"type":"Feature","properties":{"kind":"mountain_hachure"},"geometry":{"type":"LineString","coordinates":[[109.61806,30.71183],[109.58194,30.88817]]}},{"type":"Feature","properties":{"kind":"mountain_hachure"},"geometry":{"type":"LineString","coordinates":[[109.91806,30.71183],[109.88194,30.88817]]}},{"type":"Feature","properties":{"kind":"mountain_hachure"},"geometry":{"type":"LineString","coordinates":[[110.21806,30.71183],[110.18194,30.88817]]}},{"type":"Feature","properties":{"kind":"mountain_hachure"},"geometry":{"type":"LineString","coordinates":[[110.51806,30.71183],[110.48194,30.88817]]}},{"type":"Feature","properties":{"kind":"mountain_hachure"},"geometry":{"type":"LineString","coordinates":[[108.11806,31.01183],[108.08194,31.18817]]}},{"type":"Feature","properties":{"kind":"mountain_hachure"},"geometry":{"type":"LineString","coordinates":[[108.41806,31.01183],[108.38194,31.18817]]}},{"type":"Feature","properties":{"kind":"mountain_hachure"},"geometry":{"type":"LineString","coordinates":[[108.71806,31.01183],[108.68194,31.18817]]}},{"type":"Feature","properties":{"kind":"mountain_hachure"},"geometry":{"type":"LineString","coordinates":[[109.01806,31.01183],[108.98194,31.18817]]}},{"type":"Feature","properties":{"kind":"mountain_hachure"},"geometry":{"type":"LineString","coordinates":[[109.31806,31.01183],[109.28194,31.18817]]}},{"type":"Feature","properties":{"kind":"mountain_hachure"},"geometry":{"type":"LineString","coordinates":[[109.61806,31.01183],[109.58194,31.18817]]}},{"type":"Feature","properties":{"kind":"mountain_hachure"},"geometry":{"type":"LineString","coordinates":[[109.91806,31.01183],[109.88194,31.18817]]}},{"type":"Feature","properties":{"kind":"mountain_hachure"},"geometry":{"type":"LineString","coordinates":[[110.21806,31.01183],[110.18194,31.18817]]}},{"type":"Feature","properties":{"kind":"mountain_hachure"},"geometry":{"type":"LineString","coordinates":[[110.51806,31.01183],[110.48194,31.18817]]}},{"type":"Feature","properties":{"kind":"mountain_hachure"},"geometry":{"type":"LineString","coordinates":[[109.91806,31.31183],[109.88194,31.48817]]}},{"type":"Feature","properties":{"kind":"mountain_hachure"},"geometry":{"type":"LineString","coordinates":[[110.21806,31.31183],[110.18194,31.48817]]}},{"type":"Feature","properties":{"kind":"mountain_hachure"},"geometry":{"type":"LineString","coordinates":[[110.51806,31.31183],[110.48194,31.48817]]}},{"type":"Feature","properties":{"kind":"mountain_hachure"},"geometry":{"type":"LineString","coordinates":[[110.81806,31.31183],[110.78194,31.48817]]}},{"type":"Feature","properties":{"kind":"mountain_axis","name":"巫山","source":"手工补绘"},"geometry":{"type":"LineString","coordinates":[[107.58811,30.56985],[110.96916,31.26237]]}},{"type":"Feature","properties":{"kind":"mountain_arrow"},"geometry":{"type":"LineString","coordinates":[[107.58811,30.56985],[107.33033,30.33331]]}},{"type":"Feature","properties":{"kind":"mountain_arrow"},"geometry":{"type":"LineString","coordinates":[[107.58811,30.56985],[107.25809,30.68599]]}},{"type":"Feature","properties":{"kind":"mountain_arrow"},"geometry":{"type":"LineString","coordinates":[[110.96916,31.26237],[111.29918,31.14623]]}},{"type":"Feature","properties":{"kind":"mountain_arrow"},"geometry":{"type":"LineString","coordinates":[[110.96916,31.26237],[111.22694,31.49891]]}},{"type":"Feature","properties":{"kind":"mountain_area","name":"巫山","source":"手工补绘"},"geometry":{"type":"Polygon","coordinates":[[[107.8,30.2],[110.6,30.8],[110.9,31.6],[107.5,31.0]]]}},{"type":"Feature","properties":{"kind":"mountain_label","name":"巫山","source":"手工补绘"},"geometry":{"type":"Point","coordinates":[109.2,30.9]}},{"type":"Feature","properties":{"kind":"mountain_peaks","name":"巫山","source":"手工补绘"},"geometry":{"type":"MultiPoint","coordinates":[[110.3,31.45],[109.91667,31.40833],[110.6,31.28333]]}},{"type":"Feature","properties":{"kind":"mountain_hachure"},"geometry":{"type":"LineString","coordinates":[[109.72549,27.21369],[109.67451,27.38631]]}},{"type":"Feature","properties":{"kind":"mountain_hachure"},"geometry":{"type":"LineString","coordinates":[[110.02549,27.21369],[109.97451,27.38631]]}},{"type":"Feature","properties":{"kind":"mountain_hachure"},"geometry":{"type":"LineString","coordinates":[[110.32549,27.21369],[110.27451,27.38631]]}},{"type":"Feature","properties":{"kind":"mountain_hachure"},"geometry":{"type":"LineString","coordinates":[[110.62549,27.21369],[110.57451,27.38631]]}},{"type":"Feature","properties":{"kind":"mountain_hachure"},"geometry":{"type":"LineString","coordinates":[[109.72549,27.51369],[109.67451,27.68631]]}},{"type":"Feature","properties":{"kind":"mountain_hachure"},"geometry":{"type":"LineString","coordinates":[[110.02549,27.51369],[109.97451,27.68631]]}},{"type":"Feature","properties":{"kind":"mountain_hachure"},"geometry":{"type":"LineString","coordinates":[[110.32549,27.51369],[110.27451,27.68631]]}},{"type":"Feature","properties":{"kind":"mountain_hachure"},"geometry":{"type":"LineString","coordinates":[[110.62549,27.51369],[110.57451,27.68631]]}},{"type":"Feature","properties":{"kind":"mountain_hachure"},"geometry":{"type":"LineString","coordinates":[[110.92549,27.51369],[110.87451,27.68631]]}},{"type":"Feature","properties":{"kind":"mountain_hachure"},"geometry":{"type":"LineString","coordinates":[[111.22549,27.51369],[111.17451,27.68631]]}},{"type":"Feature","properties":{"kind":"mountain_hachure"},"geometry":{"type":"LineString","coordinates":[[111.52549,27.51369],[111.47451,27.68631]]}},{"type":"Feature","properties":{"kind":"mountain_hachure"},"geometry":{"type":"LineString","coordinates":[[111.82549,27.51369],[111.77451,27.68631]]}},{"type":"Feature","properties":{"kind":"mountain_hachure"},"geometry":{"type":"LineString","coordinates":[[109.72549,27.81369],[109.67451,27.98631]]}},{"type":"Feature","properties":{"kind":"mountain_hachure"},"geometry":{"type":"LineString","coordinates":[[110.02549,27.81369],[109.97451,27.98631]]}},{"type":"Feature","properties":{"kind":"mountain_hachure"},"geometry":{"type":"LineString","coordinates":[[110.32549,27.81369],[110.27451,27.98631]]}},{"type":"Feature","properties":{"kind":"mountain_hachure"},"geometry":{"type":"LineString","coordinates":[[110.62549,27.81369],[110.57451,27.98631]]}},{"type":"Feature","properties":{"kind":"mountain_hachure"},"geometry":{"type":"LineString","coordinates":[[110.92549,27.81369],[110.87451,27.98631]]}},{"type":"Feature","properties":{"kind":"mountain_hachure"},"geometry":{"type":"LineString","coordinates":[[111.22549,27.81369],[111.17451,27.98631]]}},{"type":"Feature","properties":{"kind":"mountain_hachure"},"geometry":{"type":"LineString","coordinates":[[111.52549,27.81369],[111.47451,27.98631]]}},{"type":"Feature","properties":{"kind":"mountain_hachure"},"geometry":{"type":"LineString","coordinates":[[111.82549,27.81369],[111.77451,27.98631]]}},{"type":"Feature","properties":{"kind":"mountain_hachure"},"geometry":{"type":"LineString","coordinates":[[110.62549,28.11369],[110.57451,28.28631]]}},{"type":"Feature","properties":{"kind":"mountain_hachure"},"geometry":{"type":"LineString","coordinates":[[110.92549,28.11369],[110.87451,28.28631]]}},{"type":"Feature","properties":{"kind":"mountain_hachure"},"geometry":{"type":"LineString","coordinates":[[111.22549,28.11369],[111.17451,28.28631]]}},{"type":"Feature","properties":{"kind":"mountain_hachure"},"geometry":{"type":"LineString","coordinates":[[111.52549,28.11369],[111.47451,28.28631]]}},{"type":"Feature","properties":{"kind":"mountain_hachure"},"geometry":{"type":"LineString","coordinates":[[111.82549,28.11369],[111.77451,28.28631]]}},{"type":"Feature","properties":{"kind":"mountain_hachure"},"geometry":{"type":"LineString","coordinates":[[112.12549,28.11369],[112.07451,28.28631]]}},{"type":"Feature","properties":{"kind":"mountain_hachure"},"geometry":{"type":"LineString","coordinates":[[111.82549,28.41369],[111.77451,28.58631]]}},{"type":"Feature","properties":{"kind":"mountain_hachure"},"geometry":{"type":"LineString","coordinates":[[112.12549,28.41369],[112.07451,28.58631]]}},{"type":"Feature","properties":{"kind":"mountain_axis","name":"雪峰山","source":"手工补绘"},"geometry":{"type":"LineString","coordinates":[[109.295,27.35555],[112.305,28.24445]]}},{"type":"Feature","properties":{"kind":"mountain_arrow"},"geometry":{"type":"LineString","coordinates":[[109.295,27.35555],[109.05826,27.09795]]}},{"type":"Feature","properties":{"kind":"mountain_arrow"},"geometry":{"type":"LineString","coordinates":[[109.295,27.35555],[108.9563,27.44321]]}},{"type":"Feature","properties":{"kind":"mountain_arrow"},"geometry":{"type":"LineString","coordinates":[[112.305,28.24445],[112.6437,28.15679]]}},{"type":"Feature","properties":{"kind":"mountain_arrow"},"geometry":{"type":"LineString","coordinates":[[112.305,28.24445],[112.54174,28.50205]]}},{"type":"Feature","properties":{"kind":"mountain_area","name":"雪峰山","source":"手工补绘"},"geometry":{"type":"Polygon","coordinates":[[[109.4,27.0],[112.0,27.6],[112.2,28.6],[109.6,28.0]]]}},{"type":"Feature","properties":{"kind":"mountain_label","name":"雪峰山","source":"手工补绘"},"geometry":{"type":"Point","coordinates":[110.8,27.8]}},{"type":"Feature","properties":{"kind":"mountain_peaks","name":"雪峰山","source":"手工补绘"},"geometry":{"type":"MultiPoint","coordinates":[[110.74167,27.39167],[110.26667,27.2],[110.85833,27.68333]]}},{"type":"Feature","properties":{"kind":"mountain_hachure"},"geometry":{"type":"LineString","coordinates":[[105.8195,38.54025],[105.9805,38.45975]]}},{"type":"Feature","properties":{"kind":"mountain_hachure"},"geometry":{"type":"LineString","coordinates":[[106.1195,38.54025],[106.2805,38.45975]]}},{"type":"Feature","properties":{"kind":"mountain_hachure"},"geometry":{"type":"LineString","coordinates":[[105.8195,38.84025],[105.9805,38.75975]]}},{"type":"Feature","properties":{"kind":"mountain_hachure"},"geometry":{"type":"LineString","coordinates":[[106.1195,38.84025],[106.2805,38.75975]]}},{"type":"Feature","properties":{"kind":"mountain_hachure"},"geometry":{"type":"LineString","coordinates":[[105.8195,39.14025],[105.9805,39.05975]]}},{"type":"Feature","properties":{"kind":"mountain_hachure"},"geometry":{"type":"LineString","coordinates":[[106.1195,39.14025],[106.2805,39.05975]]}},{"type":"Feature","properties":{"kind":"mountain_hachure"},"geometry":{"type":"LineString","coordinates":[[106.4195,39.44025],[106.5805,39.35975]]}},{"type":"Feature","properties":{"kind":"mountain_axis","name":"贺兰山","source":"手工补绘"},"geometry":{"type":"LineString","coordinates":[[106.38,39.46],[105.72,38.14]]}},{"type":"Feature","properties":{"kind":"mountain_arrow"},"geometry":{"type":"LineString","coordinates":[[106.38,39.46],[106.35317,39.80883]]}},{"type":"Feature","properties":{"kind":"mountain_arrow"},"geometry":{"type":"LineString","coordinates":[[106.38,39.46],[106.67516,39.64783]]}},{"type":"Feature","properties":{"kind":"mountain_arrow"},"geometry":{"type":"LineString","coordinates":[[105.72,38.14],[105.42484,37.95217]]}},{"type":"Feature","properties":{"kind":"mountain_arrow"},"geometry":{"type":"LineString","coordinates":[[105.72,38.14],[105.74683,37.79117]]}},{"type":"Feature","properties":{"kind":"mountain_area","name":"贺兰山","source":"手工补绘"},"geometry":{"type":"Polygon","coordinates":[[[105.6,38.2],[106.4,38.4],[106.5,39.4],[105.7,39.2]]]}},{"type":"Feature","properties":{"kind":"mountain_label","name":"贺兰山","source":"手工补绘"},"geometry":{"type":"Point","coordinates":[106.05,38.8]}},{"type":"Feature","properties":{"kind":"mountain_peaks","name":"贺兰山","source":"手工补绘"},"geometry":{"type":"MultiPoint","coordinates":[[105.925,38.80833],[105.84167,38.51667],[106.00833,39.1]]}},{"type":"Feature","properties":{"kind":"mountain_hachure"},"geometry":{"type":"LineString","coordinates":[[126.90625,41.41022],[126.89375,41.58978]]}},{"type":"Feature","properties":{"kind":"mountain_hachure"},"geometry":{"type":"LineString","coordinates":[[127.20625,41.41022],[127.19375,41.58978]]}},{"type":"Feature","properties":{"kind":"mountain_hachure"},"geometry":{"type":"LineString","coordinates":[[127.50625,41.41022],[127.49375,41.58978]]}},{"type":"Feature","properties":{"kind":"mountain_hachure"},"geometry":{"type":"LineString","coordinates":[[127.80625,41.41022],[127.79375,41.58978]]}},{"type":"Feature","properties":{"kind":"mountain_hachure"},"geometry":{"type":"LineString","coordinates":[[128.10625,41.41022],[128.09375,41.58978]]}},{"type":"Feature","properties":{"kind":"mountain_hachure"},"geometry":{"type":"LineString","coordinates":[[128.40625,41.41022],[128.39375,41.58978]]}},{"type":"Feature","properties":{"kind":"mountain_hachure"},"geometry":{"type":"LineString","coordinates":[[128.70625,41.41022],[128.69375,41.58978]]}},{"type":"Feature","properties":{"kind":"mountain_hachure"},"geometry":{"type":"LineString","coordinates":[[129.00625,41.41022],[128.99375,41.58978]]}},{"type":"Feature","properties":{"kind":"mountain_hachure"},"geometry":{"type":"LineString","coordinates":[[127.20625,41.71022],[127.19375,41.88978]]}},{"type":"Feature","properties":{"kind":"mountain_hachure"},"geometry":{"type":"LineString","coordinates":[[127.50625,41.71022],[127.49375,41.88978]]}},{"type":"Feature","properties":{"kind":"mountain_hachure"},"geometry":{"type":"LineString","coordinates":[[127.80625,41.71022],[127.79375,41.88978]]}},{"type":"Feature","properties":{"kind":"mountain_hachure"},"geometry":{"type":"LineString","coordinates":[[128.10625,41.71022],[128.09375,41.88978]]}},{"type":"Feature","properties":{"kind":"mountain_hachure"},"geometry":{"type":"LineString","coordinates":[[128.40625,41.71022],[128.39375,41.88978]]}},{"type":"Feature","properties":{"kind":"mountain_hachure"},"geometry":{"type":"LineString","coordinates":[[128.70625,41.71022],[128.69375,41.88978]]}},{"type":"Feature","properties":{"kind":"mountain_hachure"},"geometry":{"type":"LineString","coordinates":[[129.00625,41.71022],[128.99375,41.88978]]}},{"type":"Feature","properties":{"kind":"mountain_hachure"},"geometry":{"type":"LineString","coordinates":[[129.30625,41.71022],[129.29375,41.88978]]}},{"type":"Feature","properties":{"kind":"mountain_hachure"},"geometry":{"type":"LineString","coordinates":[[129.60625,41.71022],[129.59375,41.88978]]}},{"type":"Feature","properties":{"kind":"mountain_hachure"},"geometry":{"type":"LineString","coordinates":[[127.20625,42.01022],[127.19375,42.18978]]}},{"type":"Feature","properties":{"kind":"mountain_hachure"},"geometry":{"type":"LineString","coordinates":[[127.50625,42.01022],[127.49375,42.18978]]}},{"type":"Feature","properties":{"kind":"mountain_hachure"},"geometry":{"type":"LineString","coordinates":[[127.80625,42.01022],[127.79375,42.18978]]}},{"type":"Feature","properties":{"kind":"mountain_hachure"},"geometry":{"type":"LineString","coordinates":[[128.10625,42.01022],[128.09375,42.18978]]}},{"type":"Feature","properties":{"kind":"mountain_hachure"},"geometry":{"type":"LineString","coordinates":[[128.40625,42.01022],[128.39375,42.18978]]}},{"type":"Feature","properties":{"kind":"mountain_hachure"},"geometry":{"type":"LineString","coordinates":[[128.70625,42.01022],[128.69375,42.18978]]}},{"type":"Feature","properties":{"kind":"mountain_hachure"},"geometry":{"type":"LineString","coordinates":[[129.00625,42.01022],[128.99375,42.18978]]}},{"type":"Feature","properties":{"kind":"mountain_hachure"},"geometry":{"type":"LineString","coordinates":[[129.30625,42.01022],[129.29375,42.18978]]}},{"type":"Feature","properties":{"kind":"mountain_hachure"},"geometry":{"type":"LineString","coordinates":[[129.60625,42.01022],[129.59375,42.18978]]}},{"type":"Feature","properties":{"kind":"mountain_hachure"},"geometry":{"type":"LineString","coordinates":[[127.50625,42.31022],[127.49375,42.48978]]}},{"type":"Feature","properties":{"kind":"mountain_hachure"},"geometry":{"type":"LineString","coordinates":[[127.80625,42.31022],[127.79375,42.48978]]}},{"type":"Feature","properties":{"kind":"mountain_hachure"},"geometry":{"type":"LineString","coordinates":[[128.10625,42.31022],[128.09375,42.48978]]}},{"type":"Feature","properties":{"kind":"mountain_hachure"},"geometry":{"type":"LineString","coordinates":[[128.40625,42.31022],[128.39375,42.48978]]}},{"type":"Feature","properties":{"kind":"mountain_hachure"},"geometry":{"type":"LineString","coordinates":[[128.70625,42.31022],[128.69375,42.48978]]}},{"type":"Feature","properties":{"kind":"mountain_hachure"},"geometry":{"type":"LineString","coordinates":[[129.00625,42.31022],[128.99375,42.48978]]}},{"type":"Feature","properties":{"kind":"mountain_hachure"},"geometry":{"type":"LineString","coordinates":[[127.80625,42.61022],[127.79375,42.78978]]}},{"type":"Feature","properties":{"kind":"mountain_hachure"},"geometry":{"type":"LineString","coordinates":[[128.10625,42.61022],[128.09375,42.78978]]}},{"type":"Feature","properties":{"kind":"mountain_axis","name":"长白山","source":"手工补绘"},"geometry":{"type":"LineString","coordinates":[[126.57506,41.75847],[130.00022,41.99677]]}},{"type":"Feature","properties":{"kind":"mountain_arrow"},"geometry":{"type":"LineString","coordinates":[[126.57506,41.75847],[126.28828,41.55808]]}},{"type":"Feature","properties":{"kind":"mountain_arrow"},"geometry":{"type":"LineString","coordinates":[[126.57506,41.75847],[126.26329,41.91721]]}},{"type":"Feature","properties":{"kind":"mountain_arrow"},"geometry":{"type":"LineString","coordinates":[[130.00022,41.99677],[130.31199,41.83803]]}},{"type":"Feature","properties":{"kind":"mountain_arrow"},"geometry":{"type":"LineString","coordinates":[[130.00022,41.99677],[130.287,42.19716]]}},{"type":"Feature","properties":{"kind":"mountain_area","name":"长白山","source":"手工补绘"},"geometry":{"type":"Polygon","coordinates":[[[126.6,41.4],[128.6,41.2],[130.0,42.0],[127.8,42.9]]]}},{"type":"Feature","properties":{"kind":"mountain_label","name":"长白山","source":"手工补绘"},"geometry":{"type":"Point","coordinates":[128.25,41.875]}},{"type":"Feature","properties":{"kind":"mountain_peaks","name":"长白山","source":"手工补绘"},"geometry":{"type":"MultiPoint","coordinates":[[128.08333,42.0],[129.23333,41.70833],[128.40833,41.74167]]}},{"type":"Feature","properties":{"kind":"mountain_hachure"},"geometry":{"type":"LineString","coordinates":[[120.91346,22.3247],[121.08654,22.2753]]}},{"type":"Feature","properties":{"kind":"mountain_hachure"},"geometry":{"type":"LineString","coordinates":[[121.21346,22.3247],[121.38654,22.2753]]}},{"type":"Feature","properties":{"kind":"mountain_hachure"},"geometry":{"type":"LineString","coordinates":[[120.91346,22.6247],[121.08654,22.5753]]}},{"type":"Feature","properties":{"kind":"mountain_hachure"},"geometry":{"type":"LineString","coordinates":[[121.21346,22.6247],[121.38654,22.5753]]}},{"type":"Feature","properties":{"kind":"mountain_hachure"},"geometry":{"type":"LineString","coordinates":[[120.91346,22.9247],[121.08654,22.8753]]}},{"type":"Feature","properties":{"kind":"mountain_hachure"},"geometry":{"type":"LineString","coordinates":[[121.21346,22.9247],[121.38654,22.8753]]}},{"type":"Feature","properties":{"kind":"mountain_hachure"},"geometry":{"type":"LineString","coordinates":[[120.91346,23.2247],[121.08654,23.1753]]}},{"type":"Feature","properties":{"kind":"mountain_hachure"},"geometry":{"type":"LineString","coordinates":[[121.21346,23.2247],[121.38654,23.1753]]}},{"type":"Feature","properties":{"kind":"mountain_hachure"},"geometry":{"type":"LineString","coordinates":[[121.21346,23.5247],[121.38654,23.4753]]}},{"type":"Feature","properties":{"kind":"mountain_hachure"},"geometry":{"type":"LineString","coordinates":[[121.51346,23.5247],[121.68654,23.4753]]}},{"type":"Feature","properties":{"kind":"mountain_hachure"},"geometry":{"type":"LineString","coordinates":[[121.21346,23.8247],[121.38654,23.7753]]}},{"type":"Feature","properties":{"kind":"mountain_hachure"},"geometry":{"type":"LineString","coordinates":[[121.51346,23.8247],[121.68654,23.7753]]}},{"type":"Feature","properties":{"kind":"mountain_hachure"},"geometry":{"type":"LineString","coordinates":[[121.21346,24.1247],[121.38654,24.0753]]}},{"type":"Feature","properties":{"kind":"mountain_hachure"},"geometry":{"type":"LineString","coordinates":[[121.51346,24.1247],[121.68654,24.0753]]}},{"type":"Feature","properties":{"kind":"mountain_hachure"},"geometry":{"type":"LineString","coordinates":[[121.51346,24.4247],[121.68654,24.3753]]}},{"type":"Feature","properties":{"kind":"mountain_axis","name":"台湾山脉","source":"手工补绘"},"geometry":{"type":"LineString","coordinates":[[121.66848,24.56608],[120.91832,21.93769]]}},{"type":"Feature","properties":{"kind":"mountain_arrow"},"geometry":{"type":"LineString","coordinates":[[121.66848,24.56608],[121.57773,24.90396]]}},{"type":"Feature","properties":{"kind":"mountain_arrow"},"geometry":{"type":"LineString","coordinates":[[121.66848,24.56608],[121.9239,24.80516]]}},{"type":"Feature","properties":{"kind":"mountain_arrow"},"geometry":{"type":"LineString","coordinates":[[120.91832,21.93769],[120.6629,21.69861]]}},{"type":"Feature","properties":{"kind":"mountain_arrow"},"geometry":{"type":"LineString","coordinates":[[120.91832,21.93769],[121.00907,21.59981]]}},{"type":"Feature","properties":{"kind":"mountain_area","name":"台湾山脉","source":"手工补绘"},"geometry":{"type":"Polygon","coordinates":[[[120.7,22.0],[121.3,22.2],[121.9,24.5],[121.3,24.4]]]}},{"type":"Feature","properties":{"kind":"mountain_label","name":"台湾山脉","source":"手工补绘"},"geometry":{"type":"Point","coordinates":[121.3,23.275]}},{"type":"Feature","properties":{"kind":"mountain_peaks","name":"台湾山脉","source":"手工补绘"},"geometry":{"type":"MultiPoint","coordinates":[[121.44167,24.36667],[121.025,23.3],[121.10833,23.63333]]}},{"type":"Feature","properties":{"kind":"mountain_hachure"},"geometry":{"type":"LineString","coordinates":[[88.49559,32.71011],[88.50441,32.88989]]}},{"type":"Feature","properties":{"kind":"mountain_hachure"},"geometry":{"type":"LineString","coordinates":[[88.79559,32.71011],[88.80441,32.88989]]}},{"type":"Feature","properties":{"kind":"mountain_hachure"},"geometry":{"type":"LineString","coordinates":[[89.09559,32.71011],[89.10441,32.88989]]}},{"type":"Feature","properties":{"kind":"mountain_hachure"},"geometry":{"type":"LineString","coordinates":[[89.39559,32.71011],[89.40441,32.88989]]}},{"type":"Feature","properties":{"kind":"mountain_hachure"},"geometry":{"type":"LineString","coordinates":[[89.69559,32.71011],[89.70441,32.88989]]}},{"type":"Feature","properties":{"kind":"mountain_hachure"},"geometry":{"type":"LineString","coordinates":[[89.99559,32.71011],[90.00441,32.88989]]}},{"type":"Feature","properties":{"kind":"mountain_hachure"},"geometry":{"type":"LineString","coordinates":[[90.29559,32.71011],[90.30441,32.88989]]}},{"type":"Feature","properties":{"kind":"mountain_hachure"},"geometry":{"type":"LineString","coordinates":[[90.59559,32.71011],[90.60441,32.88989]]}},{"type":"Feature","properties":{"kind":"mountain_hachure"},"geometry":{"type":"LineString","coordinates":[[90.89559,32.71011],[90.90441,32.88989]]}},{"type":"Feature","properties":{"kind":"mountain_hachure"},"geometry":{"type":"LineString","coordinates":[[91.19559,32.71011],[91.20441,32.88989]]}},{"type":"Feature","properties":{"kind":"mountain_hachure"},"geometry":{"type":"LineString","coordinates":[[91.49559,32.71011],[91.50441,32.88989]]}},{"type":"Feature","properties":{"kind":"mountain_hachure"},"geometry":{"type":"LineString","coordinates":[[91.79559,32.71011],[91.80441,32.88989]]}},{"type":"Feature","properties":{"kind":"mountain_hachure"},"geometry":{"type":"LineString","coordinates":[[92.09559,32.71011],[92.10441,32.88989]]}},{"type":"Feature","properties":{"kind":"mountain_hachure"},"geometry":{"type":"LineString","coordinates":[[92.39559,32.71011],[92.40441,32.88989]]}},{"type":"Feature","properties":{"kind":"mountain_hachure"},"geometry":{"type":"LineString","coordinates":[[92.69559,32.71011],[92.70441,32.88989]]}},{"type":"Feature","properties":{"kind":"mountain_hachure"},"geometry":{"type":"LineString","coordinates":[[92.99559,32.71011],[93.00441,32.88989]]}},{"type":"Feature","properties":{"kind":"mountain_hachure"},"geometry":{"type":"LineString","coordinates":[[93.29559,32.71011],[93.30441,32.88989]]}},{"type":"Feature","properties":{"kind":"mountain_hachure"},"geometry":{"type":"LineString","coordinates":[[88.79559,33.01011],[88.80441,33.18989]]}},{"type":"Feature","properties":{"kind":"mountain_hachure"},"geometry":{"type":"LineString","coordinates":[[89.09559,33.01011],[89.10441,33.18989]]}},{"type":"Feature","properties":{"kind":"mountain_hachure"},"geometry":{"type":"LineString","coordinates":[[89.39559,33.01011],[89.40441,33.18989]]}},{"type":"Feature","properties":{"kind":"mountain_hachure"},"geometry":{"type":"LineString","coordinates":[[89.69559,33.01011],[89.70441,33.18989]]}},{"type":"Feature","properties":{"kind":"mountain_hachure"},"geometry":{"type":"LineString","coordinates":[[89.99559,33.01011],[90.00441,33.18989]]}},{"type":"Feature","properties":{"kind":"mountain_hachure"},"geometry":{"type":"LineString","coordinates":[[90.29559,33.01011],[90.30441,33.18989]]}},{"type":"Feature","properties":{"kind":"mountain_hachure"},"geometry":{"type":"LineString","coordinates":[[90.59559,33.01011],[90.60441,33.18989]]}},{"type":"Feature","properties":{"kind":"mountain_hachure"},"geometry":{"type":"LineString","coordinates":[[90.89559,33.01011],[90.90441,33.18989]]}},{"type":"Feature","properties":{"kind":"mountain_hachure"},"geometry":{"type":"LineString","coordinates":[[91.19559,33.01011],[91.20441,33.18989]]}},{"type":"Feature","properties":{"kind":"mountain_hachure"},"geometry":{"type":"LineString","coordinates":[[91.49559,33.01011],[91.50441,33.18989]]}},{"type":"Feature","properties":{"kind":"mountain_hachure"},"geometry":{"type":"LineString","coordinates":[[91.79559,33.01011],[91.80441,33.18989]]}},{"type":"Feature","properties":{"kind":"mountain_hachure"},"geometry":{"type":"LineString","coordinates":[[92.09559,33.01011],[92.10441,33.18989]]}},{"type":"Feature","properties":{"kind":"mountain_hachure"},"geometry":{"type":"LineString","coordinates":[[92.39559,33.01011],[92.40441,33.18989]]}},{"type":"Feature","properties":{"kind":"mountain_hachure"},"geometry":{"type":"LineString","coordinates":[[92.69559,33.01011],[92.70441,33.18989]]}},{"type":"Feature","properties":{"kind":"mountain_hachure"},"geometry":{"type":"LineString","coordinates":[[92.99559,33.01011],[93.00441,33.18989]]}},{"type":"Feature","properties":{"kind":"mountain_hachure"},"geometry":{"type":"LineString","coordinates":[[93.29559,33.01011],[93.30441,33.18989]]}},{"type":"Feature","properties":{"kind":"mountain_hachure"},"geometry":{"type":"LineString","coordinates":[[93.59559,33.01011],[93.60441,33.18989]]}},{"type":"Feature","properties":{"kind":"mountain_hachure"},"geometry":{"type":"LineString","coordinates":[[88.79559,33.31011],[88.80441,33.48989]]}},{"type":"Feature","properties":{"kind":"mountain_hachure"},"geometry":{"type":"LineString","coordinates":[[89.09559,33.31011],[89.10441,33.48989]]}},{"type":"Feature","properties":{"kind":"mountain_hachure"},"geometry":{"type":"LineString","coordinates":[[89.39559,33.31011],[89.40441,33.48989]]}},{"type":"Feature","properties":{"kind":"mountain_hachure"},"geometry":{"type":"LineString","coordinates":[[89.69559,33.31011],[89.70441,33.48989]]}},{"type":"Feature","properties":{"kind":"mountain_hachure"},"geometry":{"type":"LineString","coordinates":[[89.99559,33.31011],[90.00441,33.48989]]}},{"type":"Feature","properties":{"kind":"mountain_hachure"},"geometry":{"type":"LineString","coordinates":[[90.29559,33.31011],[90.30441,33.48989]]}},{"type":"Feature","properties":{"kind":"mountain_hachure"},"geometry":{"type":"LineString","coordinates":[[90.59559,33.31011],[90.60441,33.48989]]}},{"type":"Feature","properties":{"kind":"mountain_hachure"},"geometry":{"type":"LineString","coordinates":[[90.89559,33.31011],[90.90441,33.48989]]}},{"type":"Feature","properties":{"kind":"mountain_hachure"},"geometry":{"type":"LineString","coordinates":[[91.19559,33.31011],[91.20441,33.48989]]}},{"type":"Feature","properties":{"kind":"mountain_hachure"},"geometry":{"type":"LineString","coordinates":[[91.49559,33.31011],[91.50441,33.48989]]}},{"type":"Feature","properties":{"kind":"mountain_hachure"},"geometry":{"type":"LineString","coordinates":[[91.79559,33.31011],[91.80441,33.48989]]}},{"type":"Feature","properties":{"kind":"mountain_hachure"},"geometry":{"type":"LineString","coordinates":[[92.09559,33.31011],[92.10441,33.48989]]}},{"type":"Feature","properties":{"kind":"mountain_hachure"},"geometry":{"type":"LineString","coordinates":[[92.39559,33.31011],[92.40441,33.48989]]}},{"type":"Feature","properties":{"kind":"mountain_hachure"},"geometry":{"type":"LineString","coordinates":[[92.69559,33.31011],[92.70441,33.48989]]}},{"type":"Feature","properties":{"kind":"mountain_hachure"},"geometry":{"type":"LineString","coordinates":[[92.99559,33.31011],[93.00441,33.48989]]}},{"type":"Feature","properties":{"kind":"mountain_hachure"},"geometry":{"type":"LineString","coordinates":[[93.29559,33.31011],[93.30441,33.48989]]}},{"type":"Feature","properties":{"kind":"mountain_hachure"},"geometry":{"type":"LineString","coordinates":[[93.59559,33.31011],[93.60441,33.48989]]}},{"type":"Feature","properties":{"kind":"mountain_hachure"},"geometry":{"type":"LineString","coordinates":[[88.79559,33.61011],[88.80441,33.78989]]}},{"type":"Feature","properties":{"kind":"mountain_hachure"},"geometry":{"type":"LineString","coordinates":[[89.09559,33.61011],[89.10441,33.78989]]}},{"type":"Feature","properties":{"kind":"mountain_hachure"},"geometry":{"type":"LineString","coordinates":[[89.39559,33.61011],[89.40441,33.78989]]}},{"type":"Feature","properties":{"kind":"mountain_hachure"},"geometry":{"type":"LineString","coordinates":[[89.69559,33.61011],[89.70441,33.78989]]}},{"type":"Feature","properties":{"kind":"mountain_hachure"},"geometry":{"type":"LineString","coordinates":[[89.99559,33.61011],[90.00441,33.78989]]}},{"type":"Feature","properties":{"kind":"mountain_hachure"},"geometry":{"type":"LineString","coordinates":[[90.29559,33.61011],[90.30441,33.78989]]}},{"type":"Feature","properties":{"kind":"mountain_hachure"},"geometry":{"type":"LineString","coordinates":[[90.59559,33.61011],[90.60441,33.78989]]}},{"type":"Feature","properties":{"kind":"mountain_hachure"},"geometry":{"type":"LineString","coordinates":[[90.89559,33.61011],[90.90441,33.78989]]}},{"type":"Feature","properties":{"kind":"mountain_hachure"},"geometry":{"type":"LineString","coordinates":[[91.19559,33.61011],[91.20441,33.78989]]}},{"type":"Feature","properties":{"kind":"mountain_hachure"},"geometry":{"type":"LineString","coordinates":[[91.49559,33.61011],[91.50441,33.78989]]}},{"type":"Feature","properties":{"kind":"mountain_hachure"},"geometry":{"type":"LineString","coordinates":[[91.79559,33.61011],[91.80441,33.78989]]}},{"type":"Feature","properties":{"kind":"mountain_hachure"},"geometry":{"type":"LineString","coordinates":[[92.09559,33.61011],[92.10441,33.78989]]}},{"type":"Feature","properties":{"kind":"mountain_axis","name":"唐古拉山脉","source":"手工补绘"},"geometry":{"type":"LineString","coordinates":[[88.52594,33.32874],[93.77406,33.07126]]}},{"type":"Feature","properties":{"kind":"mountain_arrow"},"geometry":{"type":"LineString","coordinates":[[88.52594,33.32874],[88.21748,33.16366]]}},{"type":"Feature","properties":{"kind":"mountain_arrow"},"geometry":{"type":"LineString","coordinates":[[88.52594,33.32874],[88.23512,33.52322]]}},{"type":"Feature","properties":{"kind":"mountain_arrow"},"geometry":{"type":"LineString","coordinates":[[93.77406,33.07126],[94.06488,32.87678]]}},{"type":"Feature","properties":{"kind":"mountain_arrow"},"geometry":{"type":"LineString","coordinates":[[93.77406,33.07126],[94.08252,33.23634]]}},{"type":"Feature","properties":{"kind":"mountain_area","name":"唐古拉山脉","source":"手工补绘"},"geometry":{"type":"Polygon","coordinates":[[[88.5,32.8],[93.5,32.5],[93.8,33.6],[88.8,33.9]]]}},{"type":"Feature","properties":{"kind":"mountain_label","name":"唐古拉山脉","source":"手工补绘"},"geometry":{"type":"Point","coordinates":[91.15,33.2]}},{"type":"Feature","properties":{"kind":"mountain_peaks","name":"唐古拉山脉","source":"手工补绘"},"geometry":{"type":"MultiPoint","coordinates":[[91.16667,33.5],[90.86667,33.46667],[88.61667,33.08333]]}},{"type":"Feature","properties":{"kind":"mountain_hachure"},"geometry":{"type":"LineString","coordinates":[[87.49621,29.71008],[87.50379,29.88992]]}},{"type":"Feature","properties":{"kind":"mountain_hachure"},"geometry":{"type":"LineString","coordinates":[[87.79621,29.71008],[87.80379,29.88992]]}},{"type":"Feature","properties":{"kind":"mountain_hachure"},"geometry":{"type":"LineString","coordinates":[[88.09621,29.71008],[88.10379,29.88992]]}},{"type":"Feature","properties":{"kind":"mountain_hachure"},"geometry":{"type":"LineString","coordinates":[[88.39621,29.71008],[88.40379,29.88992]]}},{"type":"Feature","properties":{"kind":"mountain_hachure"},"geometry":{"type":"LineString","coordinates":[[88.69621,29.71008],[88.70379,29.88992]]}},{"type":"Feature","properties":{"kind":"mountain_hachure"},"geometry":{"type":"LineString","coordinates":[[88.99621,29.71008],[89.00379,29.88992]]}},{"type":"Feature","properties":{"kind":"mountain_hachure"},"geometry":{"type":"LineString","coordinates":[[89.29621,29.71008],[89.30379,29.88992]]}},{"type":"Feature","properties":{"kind":"mountain_hachure"},"geometry":{"type":"LineString","coordinates":[[89.59621,29.71008],[89.60379,29.88992]]}},{"type":"Feature","properties":{"kind":"mountain_hachure"},"geometry":{"type":"LineString","coordinates":[[89.89621,29.71008],[89.90379,29.88992]]}},{"type":"Feature","properties":{"kind":"mountain_hachure"},"geometry":{"type":"LineString","coordinates":[[90.19621,29.71008],[90.20379,29.88992]]}},{"type":"Feature","properties":{"kind":"mountain_hachure"},"geometry":{"type":"LineString","coordinates":[[90.49621,29.71008],[90.50379,29.88992]]}},{"type":"Feature","properties":{"kind":"mountain_hachure"},"geometry":{"type":"LineString","coordinates":[[90.79621,29.71008],[90.80379,29.88992]]}},{"type":"Feature","properties":{"kind":"mountain_hachure"},"geometry":{"type":"LineString","coordinates":[[91.09621,29.71008],[91.10379,29.88992]]}},{"type":"Feature","properties":{"kind":"mountain_hachure"},"geometry":{"type":"LineString","coordinates":[[91.39621,29.71008],[91.40379,29.88992]]}},{"type":"Feature","properties":{"kind":"mountain_hachure"},"geometry":{"type":"LineString","coordinates":[[91.69621,29.71008],[91.70379,29.88992]]}},{"type":"Feature","properties":{"kind":"mountain_hachure"},"geometry":{"type":"LineString","coordinates":[[91.99621,29.71008],[92.00379,29.88992]]}},{"type":"Feature","properties":{"kind":"mountain_hachure"},"geometry":{"type":"LineString","coordinates":[[92.29621,29.71008],[92.30379,29.88992]]}},{"type":"Feature","properties":{"kind":"mountain_hachure"},"geometry":{"type":"LineString","coordinates":[[92.59621,29.71008],[92.60379,29.88992]]}},{"type":"Feature","properties":{"kind":"mountain_hachure"},"geometry":{"type":"LineString","coordinates":[[92.89621,29.71008],[92.90379,29.88992]]}},{"type":"Feature","properties":{"kind":"mountain_hachure"},"geometry":{"type":"LineString","coordinates":[[93.19621,29.71008],[93.20379,29.88992]]}},{"type":"Feature","properties":{"kind":"mountain_hachure"},"geometry":{"type":"LineString","coordinates":[[93.49621,29.71008],[93.50379,29.88992]]}},{"type":"Feature","properties":{"kind":"mountain_hachure"},"geometry":{"type":"LineString","coordinates":[[87.79621,30.01008],[87.80379,30.18992]]}},{"type":"Feature","properties":{"kind":"mountain_hachure"},"geometry":{"type":"LineString","coordinates":[[88.09621,30.01008],[88.10379,30.18992]]}},{"type":"Feature","properties":{"kind":"mountain_hachure"},"geometry":{"type":"LineString","coordinates":[[88.39621,30.01008],[88.40379,30.18992]]}},{"type":"Feature","properties":{"kind":"mountain_hachure"},"geometry":{"type":"LineString","coordinates":[[88.69621,30.01008],[88.70379,30.18992]]}},{"type":"Feature","properties":{"kind":"mountain_hachure"},"geometry":{"type":"LineString","coordinates":[[88.99621,30.01008],[89.00379,30.18992]]}},{"type":"Feature","properties":{"kind":"mountain_hachure"},"geometry":{"type":"LineString","coordinates":[[89.29621,30.01008],[89.30379,30.18992]]}},{"type":"Feature","properties":{"kind":"mountain_hachure"},"geometry":{"type":"LineString","coordinates":[[89.59621,30.01008],[89.60379,30.18992]]}},{"type":"Feature","properties":{"kind":"mountain_hachure"},"geometry":{"type":"LineString","coordinates":[[89.89621,30.01008],[89.90379,30.18992]]}},{"type":"Feature","properties":{"kind":"mountain_hachure"},"geometry":{"type":"LineString","coordinates":[[90.19621,30.01008],[90.20379,30.18992]]}},{"type":"Feature","properties":{"kind":"mountain_hachure"},"geometry":{"type":"LineString","coordinates":[[90.49621,30.01008],[90.50379,30.18992]]}},{"type":"Feature","properties":{"kind":"mountain_hachure"},"geometry":{"type":"LineString","coordinates":[[90.79621,30.01008],[90.80379,30.18992]]}},{"type":"Feature","properties":{"kind":"mountain_hachure"},"geometry":{"type":"LineString","coordinates":[[91.09621,30.01008],[91.10379,30.18992]]}},{"type":"Feature","properties":{"kind":"mountain_hachure"},"geometry":{"type":"LineString","coordinates":[[91.39621,30.01008],[91.40379,30.18992]]}},{"type":"Feature","properties":{"kind":"mountain_hachure"},"geometry":{"type":"LineString","coordinates":[[91.69621,30.01008],[91.70379,30.18992]]}},{"type":"Feature","properties":{"kind":"mountain_hachure"},"geometry":{"type":"LineString","coordinates":[[91.99621,30.01008],[92.00379,30.18992]]}},{"type":"Feature","properties":{"kind":"mountain_hachure"},"geometry":{"type":"LineString","coordinates":[[92.29621,30.01008],[92.30379,30.18992]]}},{"type":"Feature","properties":{"kind":"mountain_hachure"},"geometry":{"type":"LineString","coordinates":[[92.59621,30.01008],[92.60379,30.18992]]}},{"type":"Feature","properties":{"kind":"mountain_hachure"},"geometry":{"type":"LineString","coordinates":[[92.89621,30.01008],[92.90379,30.18992]]}},{"type":"Feature","properties":{"kind":"mountain_hachure"},"geometry":{"type":"LineString","coordinates":[[93.19621,30.01008],[93.20379,30.18992]]}},{"type":"Feature","properties":{"kind":"mountain_hachure"},"geometry":{"type":"LineString","coordinates":[[93.49621,30.01008],[93.50379,30.18992]]}},{"type":"Feature","properties":{"kind":"mountain_hachure"},"geometry":{"type":"LineString","coordinates":[[87.79621,30.31008],[87.80379,30.48992]]}},{"type":"Feature","properties":{"kind":"mountain_hachure"},"geometry":{"type":"LineString","coordinates":[[88.09621,30.31008],[88.10379,30.48992]]}},{"type":"Feature","properties":{"kind":"mountain_hachure"},"geometry":{"type":"LineString","coordinates":[[88.39621,30.31008],[88.40379,30.48992]]}},{"type":"Feature","properties":{"kind":"mountain_hachure"},"geometry":{"type":"LineString","coordinates":[[88.69621,30.31008],[88.70379,30.48992]]}},{"type":"Feature","properties":{"kind":"mountain_hachure"},"geometry":{"type":"LineString","coordinates":[[88.99621,30.31008],[89.00379,30.48992]]}},{"type":"Feature","properties":{"kind":"mountain_hachure"},"geometry":{"type":"LineString","coordinates":[[89.29621,30.31008],[89.30379,30.48992]]}},{"type":"Feature","properties":{"kind":"mountain_hachure"},"geometry":{"type":"LineString","coordinates":[[89.59621,30.31008],[89.60379,30.48992]]}},{"type":"Feature","properties":{"kind":"mountain_hachure"},"geometry":{"type":"LineString","coordinates":[[89.89621,30.31008],[89.90379,30.48992]]}},{"type":"Feature","properties":{"kind":"mountain_hachure"},"geometry":{"type":"LineString","coordinates":[[90.19621,30.31008],[90.20379,30.48992]]}},{"type":"Feature","properties":{"kind":"mountain_hachure"},"geometry":{"type":"LineString","coordinates":[[90.49621,30.31008],[90.50379,30.48992]]}},{"type":"Feature","properties":{"kind":"mountain_hachure"},"geometry":{"type":"LineString","coordinates":[[90.79621,30.31008],[90.80379,30.48992]]}},{"type":"Feature","properties":{"kind":"mountain_hachure"},"geometry":{"type":"LineString","coordinates":[[91.09621,30.31008],[91.10379,30.48992]]}},{"type":"Feature","properties":{"kind":"mountain_hachure"},"geometry":{"type":"LineString","coordinates":[[91.39621,30.31008],[91.40379,30.48992]]}},{"type":"Feature","properties":{"kind":"mountain_hachure"},"geometry":{"type":"LineString","coordinates":[[91.69621,30.31008],[91.70379,30.48992]]}},{"type":"Feature","properties":{"kind":"mountain_hachure"},"geometry":{"type":"LineString","coordinates":[[91.99621,30.31008],[92.00379,30.48992]]}},{"type":"Feature","properties":{"kind":"mountain_hachure"},"geometry":{"type":"LineString","coordinates":[[92.29621,30.31008],[92.30379,30.48992]]}},{"type":"Feature","properties":{"kind":"mountain_hachure"},"geometry":{"type":"LineString","coordinates":[[92.59621,30.31008],[92.60379,30.48992]]}},{"type":"Feature","properties":{"kind":"mountain_hachure"},"geometry":{"type":"LineString","coordinates":[[92.89621,30.31008],[92.90379,30.48992]]}},{"type":"Feature","properties":{"kind":"mountain_hachure"},"geometry":{"type":"LineString","coordinates":[[93.19621,30.31008],[93.20379,30.48992]]}},{"type":"Feature","properties":{"kind":"mountain_hachure"},"geometry":{"type":"LineString","coordinates":[[93.49621,30.31008],[93.50379,30.48992]]}},{"type":"Feature","properties":{"kind":"mountain_hachure"},"geometry":{"type":"LineString","coordinates":[[87.79621,30.61008],[87.80379,30.78992]]}},{"type":"Feature","properties":{"kind":"mountain_hachure"},"geometry":{"type":"LineString","coordinates":[[88.09621,30.61008],[88.10379,30.78992]]}},{"type":"Feature","properties":{"kind":"mountain_hachure"},"geometry":{"type":"LineString","coordinates":[[88.39621,30.61008],[88.40379,30.78992]]}},{"type":"Feature","properties":{"kind":"mountain_hachure"},"geometry":{"type":"LineString","coordinates":[[88.69621,30.61008],[88.70379,30.78992]]}},{"type":"Feature","properties":{"kind":"mountain_hachure"},"geometry":{"type":"LineString","coordinates":[[88.99621,30.61008],[89.00379,30.78992]]}},{"type":"Feature","properties":{"kind":"mountain_hachure"},"geometry":{"type":"LineString","coordinates":[[89.29621,30.61008],[89.30379,30.78992]]}},{"type":"Feature","properties":{"kind":"mountain_hachure"},"geometry":{"type":"LineString","coordinates":[[89.59621,30.61008],[89.60379,30.78992]]}},{"type":"Feature","properties":{"kind":"mountain_hachure"},"geometry":{"type":"LineString","coordinates":[[89.89621,30.61008],[89.90379,30.78992]]}},{"type":"Feature","properties":{"kind":"mountain_hachure"},"geometry":{"type":"LineString","coordinates":[[90.19621,30.61008],[90.20379,30.78992]]}},{"type":"Feature","properties":{"kind":"mountain_hachure"},"geometry":{"type":"LineString","coordinates":[[90.49621,30.61008],[90.50379,30.78992]]}},{"type":"Feature","properties":{"kind":"mountain_hachure"},"geometry":{"type":"LineString","coordinates":[[90.79621,30.61008],[90.80379,30.78992]]}},{"type":"Feature","properties":{"kind":"mountain_hachure"},"geometry":{"type":"LineString","coordinates":[[91.09621,30.61008],[91.10379,30.78992]]}},{"type":"Feature","properties":{"kind":"mountain_hachure"},"geometry":{"type":"LineString","coordinates":[[91.39621,30.61008],[91.40379,30.78992]]}},{"type":"Feature","properties":{"kind":"mountain_hachure"},"geometry":{"type":"LineString","coordinates":[[91.69621,30.61008],[91.70379,30.78992]]}},{"type":"Feature","properties":{"kind":"mountain_axis","name":"念青唐古拉山脉","source":"手工补绘"},"geometry":{"type":"LineString","coordinates":[[87.52244,30.33192],[93.77756,30.06808]]}},{"type":"Feature","properties":{"kind":"mountain_arrow"},"geometry":{"type":"LineString","coordinates":[[87.52244,30.33192],[87.21512,30.16472]]}},{"type":"Feature","properties":{"kind":"mountain_arrow"},"geometry":{"type":"LineString","coordinates":[[87.52244,30.33192],[87.23029,30.5244]]}},{"type":"Feature","properties":{"kind":"mountain_arrow"},"geometry":{"type":"LineString","coordinates":[[93.77756,30.06808],[94.06971,29.8756]]}},{"type":"Feature","properties":{"kind":"mountain_arrow"},"geometry":{"type":"LineString","coordinates":[[93.77756,30.06808],[94.08488,30.23528]]}},{"type":"Feature","properties":{"kind":"mountain_area","name":"念青唐古拉山脉","source":"手工补绘"},"geometry":{"type":"Polygon","coordinates":[[[87.5,29.8],[93.5,29.5],[93.8,30.6],[87.8,30.9]]]}},{"type":"Feature","properties":{"kind":"mountain_label","name":"念青唐古拉山脉","source":"手工补绘"},"geometry":{"type":"Point","coordinates":[90.65,30.2]}},{"type":"Feature","properties":{"kind":"mountain_peaks","name":"念青唐古拉山脉","source":"手工补绘"},"geometry":{"type":"MultiPoint","coordinates":[[90.56667,30.38333],[93.65,30.31667],[90.11667,30.05]]}},{"type":"Feature","properties":{"kind":"mountain_hachure"},"geometry":{"type":"LineString","coordinates":[[114.8051,40.51014],[114.7949,40.68986]]}},{"type":"Feature","properties":{"kind":"mountain_hachure"},"geometry":{"type":"LineString","coordinates":[[115.1051,40.51014],[115.0949,40.68986]]}},{"type":"Feature","properties":{"kind":"mountain_hachure"},"geometry":{"type":"LineString","coordinates":[[115.4051,40.51014],[115.3949,40.68986]]}},{"type":"Feature","properties":{"kind":"mountain_hachure"},"geometry":{"type":"LineString","coordinates":[[115.7051,40.51014],[115.6949,40.68986]]}},{"type":"Feature","properties":{"kind":"mountain_hachure"},"geometry":{"type":"LineString","coordinates":[[116.0051,40.51014],[115.9949,40.68986]]}},{"type":"Feature","properties":{"kind":"mountain_hachure"},"geometry":{"type":"LineString","coordinates":[[116.3051,40.51014],[116.2949,40.68986]]}},{"type":"Feature","properties":{"kind":"mountain_hachure"},"geometry":{"type":"LineString","coordinates":[[116.6051,40.51014],[116.5949,40.68986]]}},{"type":"Feature","properties":{"kind":"mountain_hachure"},"geometry":{"type":"LineString","coordinates":[[116.9051,40.51014],[116.8949,40.68986]]}},{"type":"Feature","properties":{"kind":"mountain_hachure"},"geometry":{"type":"LineString","coordinates":[[117.2051,40.51014],[117.1949,40.68986]]}},{"type":"Feature","properties":{"kind":"mountain_hachure"},"geometry":{"type":"LineString","coordinates":[[117.5051,40.51014],[117.4949,40.68986]]}},{"type":"Feature","properties":{"kind":"mountain_hachure"},"geometry":{"type":"LineString","coordinates":[[117.8051,40.51014],[117.7949,40.68986]]}},{"type":"Feature","properties":{"kind":"mountain_hachure"},"geometry":{"type":"LineString","coordinates":[[118.1051,40.51014],[118.0949,40.68986]]}},{"type":"Feature","properties":{"kind":"mountain_hachure"},"geometry":{"type":"LineString","coordinates":[[118.4051,40.51014],[118.3949,40.68986]]}},{"type":"Feature","properties":{"kind":"mountain_hachure"},"geometry":{"type":"LineString","coordinates":[[118.7051,40.51014],[118.6949,40.68986]]}},{"type":"Feature","properties":{"kind":"mountain_hachure"},"geometry":{"type":"LineString","coordinates":[[119.0051,40.51014],[118.9949,40.68986]]}},{"type":"Feature","properties":{"kind":"mountain_hachure"},"geometry":{"type":"LineString","coordinates":[[119.3051,40.51014],[119.2949,40.68986]]}},{"type":"Feature","properties":{"kind":"mountain_hachure"},"geometry":{"type":"LineString","coordinates":[[115.1051,40.81014],[115.0949,40.98986]]}},{"type":"Feature","properties":{"kind":"mountain_hachure"},"geometry":{"type":"LineString","coordinates":[[115.4051,40.81014],[115.3949,40.98986]]}},{"type":"Feature","properties":{"kind":"mountain_hachure"},"geometry":{"type":"LineString","coordinates":[[115.7051,40.81014],[115.6949,40.98986]]}},{"type":"Feature","properties":{"kind":"mountain_hachure"},"geometry":{"type":"LineString","coordinates":[[116.0051,40.81014],[115.9949,40.98986]]}},{"type":"Feature","properties":{"kind":"mountain_hachure"},"geometry":{"type":"LineString","coordinates":[[116.3051,40.81014],[116.2949,40.98986]]}},{"type":"Feature","properties":{"kind":"mountain_hachure"},"geometry":{"type":"LineString","coordinates":[[116.6051,40.81014],[116.5949,40.98986]]}},{"type":"Feature","properties":{"kind":"mountain_hachure"},"geometry":{"type":"LineString","coordinates":[[116.9051,40.81014],[116.8949,40.98986]]}},{"type":"Feature","properties":{"kind":"mountain_hachure"},"geometry":{"type":"LineString","coordinates":[[117.2051,40.81014],[117.1949,40.98986]]}},{"type":"Feature","properties":{"kind":"mountain_hachure"},"geometry":{"type":"LineString","coordinates":[[117.5051,40.81014],[117.4949,40.98986]]}},{"type":"Feature","properties":{"kind":"mountain_hachure"},"geometry":{"type":"LineString","coordinates":[[117.8051,40.81014],[117.7949,40.98986]]}},{"type":"Feature","properties":{"kind":"mountain_hachure"},"geometry":{"type":"LineString","coordinates":[[118.1051,40.81014],[118.0949,40.98986]]}},{"type":"Feature","properties":{"kind":"mountain_hachure"},"geometry":{"type":"LineString","coordinates":[[118.4051,40.81014],[118.3949,40.98986]]}},{"type":"Feature","properties":{"kind":"mountain_hachure"},"geometry":{"type":"LineString","coordinates":[[118.7051,40.81014],[118.6949,40.98986]]}},{"type":"Feature","properties":{"kind":"mountain_hachure"},"geometry":{"type":"LineString","coordinates":[[119.0051,40.81014],[118.9949,40.98986]]}},{"type":"Feature","properties":{"kind":"mountain_hachure"},"geometry":{"type":"LineString","coordinates":[[119.3051,40.81014],[119.2949,40.98986]]}},{"type":"Feature","properties":{"kind":"mountain_hachure"},"geometry":{"type":"LineString","coordinates":[[119.6051,40.81014],[119.5949,40.98986]]}},{"type":"Feature","properties":{"kind":"mountain_hachure"},"geometry":{"type":"LineString","coordinates":[[117.5051,41.11014],[117.4949,41.28986]]}},{"type":"Feature","properties":{"kind":"mountain_hachure"},"geometry":{"type":"LineString","coordinates":[[117.8051,41.11014],[117.7949,41.28986]]}},{"type":"Feature","properties":{"kind":"mountain_hachure"},"geometry":{"type":"LineString","coordinates":[[118.1051,41.11014],[118.0949,41.28986]]}},{"type":"Feature","properties":{"kind":"mountain_hachure"},"geometry":{"type":"LineString","coordinates":[[118.4051,41.11014],[118.3949,41.28986]]}},{"type":"Feature","properties":{"kind":"mountain_hachure"},"geometry":{"type":"LineString","coordinates":[[118.7051,41.11014],[118.6949,41.28986]]}},{"type":"Feature","properties":{"kind":"mountain_hachure"},"geometry":{"type":"LineString","coordinates":[[119.0051,41.11014],[118.9949,41.28986]]}},{"type":"Feature","properties":{"kind":"mountain_hachure"},"geometry":{"type":"LineString","coordinates":[[119.3051,41.11014],[119.2949,41.28986]]}},{"type":"Feature","properties":{"kind":"mountain_hachure"},"geometry":{"type":"LineString","coordinates":[[119.6051,41.11014],[119.5949,41.28986]]}},{"type":"Feature","properties":{"kind":"mountain_hachure"},"geometry":{"type":"LineString","coordinates":[[119.9051,41.11014],[119.8949,41.28986]]}},{"type":"Feature","properties":{"kind":"mountain_axis","name":"燕山","source":"手工补绘"},"geometry":{"type":"LineString","coordinates":[[114.48054,40.6427],[120.01946,40.9573]]}},{"type":"Feature","properties":{"kind":"mountain_arrow"},"geometry":{"type":"LineString","coordinates":[[114.48054,40.6427],[114.19123,40.44598]]}},{"type":"Feature","properties":{"kind":"mountain_arrow"},"geometry":{"type":"LineString","coordinates":[[114.48054,40.6427],[114.17082,40.8054]]}},{"type":"Feature","properties":{"kind":"mountain_arrow"},"geometry":{"type":"LineString","coordinates":[[120.01946,40.9573],[120.32918,40.7946]]}},{"type":"Feature","properties":{"kind":"mountain_arrow"},"geometry":{"type":"LineString","coordinates":[[120.01946,40.9573],[120.30877,41.15402]]}},{"type":"Feature","properties":{"kind":"mountain_area","name":"燕山","source":"手工补绘"},"geometry":{"type":"Polygon","coordinates":[[[114.5,40.3],[119.5,40.5],[120.0,41.3],[115.0,41.1]]]}},{"type":"Feature","properties":{"kind":"mountain_label","name":"燕山","source":"手工补绘"},"geometry":{"type":"Point","coordinates":[117.25,40.8]}},{"type":"Feature","properties":{"kind":"mountain_peaks","name":"燕山","source":"手工补绘"},"geometry":{"type":"MultiPoint","coordinates":[[115.5,40.93333],[115.81667,40.58333],[117.48333,40.6]]}}]}